Property,Name,Email,Phone Number,Mobile,Gender,Reservation Number,Third Party Confirmation Number,Street Address,"Apt, suite, floor etc.",City,State,Postal / ZIP Code,Adults,Children,Room Number,Accommodation Total,Amount Paid,Check in Date,Check out Date,Nights,Room Type,Grand Total,Deposit,Products,Balance Due,Credit Card Type,Reservation Date,Source,Meal Plan,Status,Country,Guest Status,Cancelation Date,Estimated Arrival Time,Origin,Cancelation fee,Canceled By,Company Name,Company Tax ID Number,OLD | CB | Cleaning Fee,OLD | CB | Resort Fee,OLD | CB | State Tax,OLD | CB | City Tax,OLD | TRACK | Rate Type,OLD | TRACK | Promo Code,OLD | TRACK | Promo Value,OLD | TRACK | Discounts,OLD | TRACK | Charges,OLD | TRACK | Taxes,OLD | TRACK | Refunds,OLD | TRACK | User,OLD | TRACK | Tags,NEW | CB | Charges,REVENUE,Booking Window,Channel Group,Listing Name,ADR
OLD CB,Holly Henderson,,,,,8.42E+12,,,,,,,,,SAF(1),370.64,0,6/1/23,6/2/23,1,Sage Safari,526.17,,,,,6/1/23,Airbnb (API),,Confirmed,,,,,,,,,,95,,27.94,32.59,,,,,,,,,,,466,0,Airbnb,Sage Safari,466
OLD CB,Maisey Jester,,,,,5.69E+12,,,,,,,,,COC(1),1097.23,0,6/2/23,6/4/23,2,Cocoon,1347.22,,,,,6/1/23,Airbnb (API),,Confirmed,,,,,,,,,,95,,71.54,83.45,,,,,,,,,,,1192,1,Airbnb,Cocoon,596
OLD CB,Danica Panosh,,,,,1.48E+11,,,,,,,,,SAF(1),367.25,0,6/4/23,6/5/23,1,Sage Safari,522.35,,,,,6/4/23,Airbnb (API),,Confirmed,,,,,,,,,,95,,27.74,32.36,,,,,,,,,,,462,0,Airbnb,Sage Safari,462
OLD CB,Brandon Paletta,,,,,6.54E+12,,,,,,,,,COC(1),279.11,0,6/4/23,6/5/23,1,Cocoon,422.75,,,,,6/4/23,Airbnb (API),,Confirmed,,,,,,,,,,95,,22.45,26.19,,,,,,,,,,,374,0,Airbnb,Cocoon,374
OLD CB,Nolan Spillers,,,,,3.59E+12,,,,,,,,,WAL(1),254,425.95,6/6/23,6/7/23,1,Walnut House,425.95,,,,,6/2/23,Website/Booking Engine,,Checked Out,,,,,,,,,,95,27.94,22.62,26.39,,,,,,,,,,,377,4,Direct,Walnut House,377
OLD CB,Laura Salyer,,,,,9.48E+12,,,,,,,,,BUC(1),306.23,0,6/6/23,6/7/23,1,Buckeye Bungalow,453.39,,,,,6/5/23,Airbnb (API),,Confirmed,,,,,,,,,,95,,24.07,28.09,,,,,,,,,,,401,1,Airbnb,Buckeye Bungalow,401
OLD CB,Eric Cain,,,,,9.02E+12,,,,,,,,,DOM(1),538,782.17,6/6/23,6/8/23,2,Lantana Dome,782.17,,,,,6/6/23,Website/Booking Engine,,Checked Out,,,,,,,,,,95,59.18,41.54,48.45,,,,,,,,,,,692,0,Direct,Lantana Dome,346
OLD CB,Fernando Herrera,,,,,9.21E+12,,,,,,,,,SPY(1),241.3,410.01,6/7/23,6/8/23,1,Spyglass (Thank You First Responders!),410.01,,,,,6/1/23,Website/Booking Engine,,Checked Out,,,,,,,,,,95,26.54,21.77,25.4,,,,,,,,,,,363,6,Direct,Spyglass,363
OLD CB,Nicholas Binner,,,,,5.25E+12,,,,,,,,,SAF(1),254,425.95,6/7/23,6/8/23,1,Sage Safari,425.95,,,,,6/6/23,Website/Booking Engine,,Checked Out,,,,,,,,,,95,27.94,22.62,26.39,,,,,,,,,,,377,1,Direct,Sage Safari,377
OLD CB,Torey Tipton,,,,,8.58E+12,,,,,,,,,DOM(1),2351.53,0,6/8/23,6/11/23,3,Lantana Dome,2764.58,,,,,6/1/23,Airbnb (API),,Confirmed,,,,,,,,,,95,,146.79,171.26,,,,,,,,,,,2447,7,Airbnb,Lantana Dome,816
OLD CB,Ben Unk,,,,,8.92E+12,,,,,,,,,CED(1),454,676.79,6/9/23,6/11/23,2,Cedar Haus,676.79,,,,,6/4/23,Website/Booking Engine,,Checked Out,,,,,,,,,,95,49.94,35.93,41.92,,,,,,,,,,,599,5,Direct,Cedar Haus,299
OLD CB,Adelle Walker Hale,,,,,3.90E+12,,,,,,,,,PEC(1),411,622.86,6/9/23,6/10/23,1,Pecan Haus,622.86,,,,,6/8/23,Website/Booking Engine,,Checked Out,,,,,,,,,,95,45.21,33.07,38.58,,,,,,,,,,,551,1,Direct,Pecan Haus,551
OLD CB,William Reagan,,,,,2.38E+12,,,,,,,,,WAL(1),299,287.38,6/9/23,6/10/23,1,Walnut House,482.38,,,,,6/9/23,Website/Booking Engine,,Checked Out,,,,,,,,,,95,32.89,25.61,29.88,,,,,,,,,,,427,0,Direct,Walnut House,427
OLD CB,Charles Carvajal,,,,,3.98E+11,,,,,,,,,WAL(1),499,733.24,6/10/23,6/11/23,1,Walnut House,733.24,,,,,6/10/23,Website/Booking Engine,,Confirmed,,,,,,,,,,95,54.89,38.93,45.42,,,,,,,,,,,649,0,Direct,Walnut House,649
OLD CB,Abby Dunn,,,,,4.00E+12,,,,,,,,,SPY(1),766.14,0,6/11/23,6/13/23,2,Spyglass,973.07,,,,,6/7/23,Airbnb (API),,Confirmed,,,,,,,,,,95,,51.66,60.27,,,,,,,,,,,861,4,Airbnb,Spyglass,431
OLD CB,Thomas Jardine,,,,,7.19E+12,,,,,,,,,N/A,336.74,0,6/11/23,6/12/23,1,Buckeye Bungalow,487.86,,,,,6/10/23,Airbnb (API),,Cancelled,,,6/11/23,,,,,,,95,,25.9,30.22,,,,,,,,,,,432,1,Airbnb,Buckeye Bungalow,432
OLD CB,Nancy Bromm,,,,,6.37E+12,,,,,,,,,N/A,318,0,6/12/23,6/13/23,1,Walnut House,506.22,,,,,6/4/23,Website/Booking Engine,,Cancelled,,,6/12/23,,,,,,,95,34.98,26.88,31.36,,,,,,,,,,,448,8,Direct,Walnut House,448
OLD CB,Raffi Koulouzian,,,,,1.34E+11,,,,,,,,,N/A,783.09,0,6/13/23,6/15/23,2,Sage Safari,992.24,,,,,6/3/23,Airbnb (API),,Cancelled,,,6/15/23,,,,,,,95,,52.68,61.47,,,,,,,,,,,878,10,Airbnb,Sage Safari,439
OLD CB,Frank Gonzales,,,,,8.58E+12,,,,,,,,,WAL(1),466.69,0,6/13/23,6/14/23,1,Walnut House,634.71,,,,,6/7/23,Airbnb (API),,Confirmed,,,,,,,,,,95,,33.7,39.32,,,,,,,,,,,562,6,Airbnb,Walnut House,562
OLD CB,Rafael Vasques Freire,,,,,8.49E+12,,,,,,,,,WAL(1),228,393.33,6/14/23,6/15/23,1,Walnut House,393.33,,,,,6/1/23,Website/Booking Engine,,Checked Out,,,,,,,,,,95,25.08,20.88,24.37,,,,,,,,,,,348,13,Direct,Walnut House,348
OLD CB,Josh Barker,,,,,8.98E+12,,,,,,,,,CED(1),908,1246.25,6/15/23,6/18/23,3,Cedar Haus,1246.25,,,,,6/3/23,Website/Booking Engine,,Checked Out,,,,,,,,,,95,99.88,66.18,77.19,,,,,,,,,,,1103,12,Direct,Cedar Haus,368
OLD CB,Martha Elizondo,,,,,9.82E+12,,,,,,,,,DOM(1),411.32,0,6/15/23,6/16/23,1,Lantana Dome,572.14,,,,,6/12/23,Airbnb (API),,Confirmed,,,,,,,,,,95,,30.38,35.44,,,,,,,,,,,506,3,Airbnb,Lantana Dome,506
OLD CB,Juan Troconis,,,,,9.00E+12,,,,,,,,,MON(1),971.8,0,6/16/23,6/17/23,1,Monarch,1205.49,,,,,6/6/23,Airbnb (API),,Confirmed,,,,,,,,,,95,,64.01,74.68,,,,,,,,,,,1067,10,Airbnb,Monarch,1067
OLD CB,Jason Hartnett,,,,,2.58E+12,,,,,,,,,N/A,1058,0,6/16/23,6/18/23,2,Cocoon,1434.39,,,,,6/6/23,Website/Booking Engine,,Cancelled,,,6/8/23,,,,,,,95,116.38,76.16,88.85,,,,,,,,,,,1269,10,Direct,Cocoon,635
OLD CB,Jason Hartnett,,,,,4.95E+11,,,,,,,,,COC(1),1058,1434.39,6/16/23,6/18/23,2,Cocoon,1434.39,,,,,6/8/23,Website/Booking Engine,,Checked Out,,,,,,,,,,95,116.38,76.16,88.85,,,,,,,,,,,1269,8,Direct,Cocoon,635
OLD CB,Melinda Whitley,,,,,3.42E+12,,,,,,,,,DOM(1),646,917.62,6/16/23,6/17/23,1,Lantana Dome,917.62,,,,,6/14/23,Website/Booking Engine,,Checked Out,,,,,,,,,,95,71.06,48.72,56.84,,,,,,,,,,,812,2,Direct,Lantana Dome,812
OLD CB,Carly Ostler,,,,,5.78E+12,,,,,,,,,SAF(1),665,941.46,6/17/23,6/18/23,1,Sage Safari,941.46,,,,,6/11/23,Website/Booking Engine,,Checked Out,,,,,,,,,,95,73.15,49.99,58.32,,,,,,,,,,,833,6,Direct,Sage Safari,833
OLD CB,Dante Cullari,,,,,4.34E+12,,,,,,,,,SPY(1),966.15,0,6/17/23,6/18/23,1,Spyglass,1199.1,,,,,6/12/23,Airbnb (API),,Confirmed,,,,,,,,,,95,,63.67,74.28,,,,,,,,,,,1061,5,Airbnb,Spyglass,1061
OLD CB,ERIN HICKS,,,,,4.17E+12,,,,,,,,,WAL(1),765,1066.89,6/17/23,6/18/23,1,Walnut House,1066.89,,,,,6/12/23,Website/Booking Engine,,Checked Out,,,,,,,,,,95,84.15,56.65,66.09,,,,,,,,,,,944,5,Direct,Walnut House,944
OLD CB,Preshiah Heydorf,,,,,1.02E+12,,,,,,,,,OAK(1),1029.43,0,6/17/23,6/18/23,1,Live Oak Lodge,1270.61,,,,,6/16/23,Airbnb (API),,Confirmed,,,,,,,,,,95,,67.47,78.71,,,,,,,,,,,1124,1,Airbnb,Live Oak Lodge,1124
OLD CB,Valerie Sink,,,,,3.82E+12,,,,,,,,,PEC(1),612.46,0,6/18/23,6/20/23,2,Pecan Haus,799.43,,,,,6/4/23,Airbnb (API),,Confirmed,,,,,,,,,,95,,42.44,49.53,,,,,,,,,,,707,14,Airbnb,Pecan Haus,354
OLD CB,Cameron Jones,,,,,4.27E+12,,,,,,,,,CED(1),377.42,0,6/18/23,6/19/23,1,Cedar Haus,533.84,,,,,6/10/23,Airbnb (API),,Confirmed,,,,,,,,,,95,,28.35,33.07,,,,,,,,,,,472,8,Airbnb,Cedar Haus,472
OLD CB,Hannah Carl,,,,,8.96E+12,,,,,,,,,N/A,320,20.14,6/19/23,6/20/23,1,Live Oak Lodge,508.72,,,,,6/4/23,Website/Booking Engine,,Cancelled,,,6/4/23,,,,,,,95,35.2,27.01,31.51,,,,,,,,,,,450,15,Direct,Live Oak Lodge,450
OLD CB,Matthew Wirtala,,,,,3.29E+12,,,,,,,,,BUC(1),440.7,0,6/19/23,6/20/23,1,Buckeye Bungalow,605.34,,,,,6/12/23,Airbnb (API),,Confirmed,,,,,,,,,,95,,32.14,37.5,,,,,,,,,,,536,7,Airbnb,Buckeye Bungalow,536
OLD CB,Kora Ibarra,,,,,8.86E+12,,,,,,,,,SPY(1),726.59,0,6/19/23,6/21/23,2,Spyglass,928.4,,,,,6/13/23,Airbnb (API),,Confirmed,,,,,,,,,,95,,49.3,57.51,,,,,,,,,,,822,6,Airbnb,Spyglass,411
OLD CB,jack funk,,,,,6.05E+12,,,,,,,,,CED(1),259,17.16,6/20/23,6/21/23,1,Cedar Haus,432.21,,,,,6/8/23,Website/Booking Engine,,Checked Out,,,,,,,,,,95,28.49,22.95,26.77,,,,,,,,,,,382,12,Direct,Cedar Haus,382
OLD CB,Phillip Flores,,,,,1.17E+12,,,,,,,,,MON(1),304,488.66,6/20/23,6/21/23,1,Monarch,488.66,,,,,6/12/23,Website/Booking Engine,,Checked Out,,,,,,,,,,95,33.44,25.95,30.27,,,,,,,,,,,432,8,Direct,Monarch,432
OLD CB,Matt Brothers,,,,,5.32E+12,,,,,,,,,DOM(1),1479.17,0,6/22/23,6/24/23,2,Lantana Dome,1778.81,,,,,6/12/23,Airbnb (API),,Confirmed,,,,,,,,,,95,,94.45,110.19,,,,,,,,,,,1574,10,Airbnb,Lantana Dome,787
OLD CB,Justin Walker,,,,,1.64E+12,,,,,,,,,BUC(1),1358,1810.69,6/23/23,6/25/23,2,Buckeye Bungalow,1810.69,,,,,6/1/23,Website/Booking Engine,,Checked Out,,,,,,,,,,95,149.38,96.14,112.17,,,,,,,,,,,1602,22,Direct,Buckeye Bungalow,801
OLD CB,Cheyenne Martinez,,,,,3.78E+12,,,,,,,,,CED(1),872,1201.11,6/23/23,6/25/23,2,Cedar Haus,1201.11,,,,,6/3/23,Website/Booking Engine,,Checked Out,,,,,,,,,,95,95.92,63.78,74.41,,,,,,,,,,,1063,20,Direct,Cedar Haus,531
OLD CB,Trisha English,,,,,7.39E+12,,,,,,,,,SAF(1),1739.07,0,6/23/23,6/25/23,2,Sage Safari,2072.5,,,,,6/21/23,Airbnb (API),,Confirmed,,,,,,,,,,95,,110.04,128.39,,,,,,,,,,,1834,2,Airbnb,Sage Safari,917
OLD CB,Mia Church,,,,,3.94E+12,,,,,,,,,WAL(1),1015.87,0,6/24/23,6/26/23,2,Walnut House,1255.3,,,,,6/23/23,Airbnb (API),,Confirmed,,,,,,,,,,95,,66.66,77.77,,,,,,,,,,,1111,1,Airbnb,Walnut House,555
OLD CB,Adan Mendoza,,,,,1.88E+12,,,,,,,,,DOM(1),485,715.68,6/24/23,6/25/23,1,Lantana Dome,715.68,,,,,6/24/23,Website/Booking Engine,,Checked Out,,,,,,,,,,95,53.35,38,44.33,,,,,,,,,,,633,0,Direct,Lantana Dome,633
OLD CB,Terrance Wilson,,,,,3.58E+11,,,,,,,,,BUC(1),283,462.32,6/25/23,6/26/23,1,Buckeye Bungalow,462.32,,,,,6/6/23,Website/Booking Engine,,Checked Out,,,,,,,,,,95,31.13,24.55,28.64,,,,,,,,,,,409,19,Direct,Buckeye Bungalow,409
OLD CB,Karen Radtke,,,,,5.42E+12,,,,,,,,,SPY(1),448.61,0,6/25/23,6/26/23,1,Spyglass,614.28,,,,,6/9/23,Airbnb (API),,Confirmed,,,,,,,,,,95,,32.62,38.05,,,,,,,,,,,544,16,Airbnb,Spyglass,544
OLD CB,Heath Hedrick,,,,,8.70E+12,,,,,,,,,COC(1),283,462.32,6/25/23,6/26/23,1,Cocoon,462.32,,,,,6/19/23,Website/Booking Engine,,Checked Out,,,,,,,,,,95,31.13,24.55,28.64,,,,,,,,,,,409,6,Direct,Cocoon,409
OLD CB,Jason Trott,,,,,8.17E+12,,,,,,,,,DOM(1),259,432.21,6/25/23,6/26/23,1,Lantana Dome,432.21,,,,,6/25/23,Website/Booking Engine,,Checked Out,,,,,,,,,,95,28.49,22.95,26.77,,,,,,,,,,,382,0,Direct,Lantana Dome,382
OLD CB,Lynette Montes,,,,,7.58E+12,,,,,,,,,MON(1),823.77,0,6/26/23,6/28/23,2,Monarch,1038.2,,,,,6/15/23,Airbnb (API),,Confirmed,,,,,,,,,,95,,55.12,64.31,,,,,,,,,,,919,11,Airbnb,Monarch,459
OLD CB,Chris Rogers,,,,,4.24E+12,,,,,,,,,CED(1),518,757.07,6/26/23,6/28/23,2,Cedar Haus,757.07,,,,,6/23/23,Website/Booking Engine,,Checked Out,,,,,,,,,,95,56.98,40.2,46.89,,,,,,,,,,,670,3,Direct,Cedar Haus,335
OLD CB,Raghavendra Yarlagadda,,,,,6.14E+12,,,,,,,,,JUN(1),440,659.23,6/26/23,6/28/23,2,Juniper Haus,659.23,,,,,6/26/23,Website/Booking Engine,,Checked Out,,,,,,,,,,95,48.4,35,40.83,,,,,,,,,,,583,0,Direct,Juniper Haus,292
OLD CB,Billy Lewis,,,,,1.10E+12,,,,,,,,,SPY(1),908,1246.27,6/27/23,6/29/23,2,Spyglass,1246.27,,,,,6/7/23,Website/Booking Engine,,Checked Out,,,,,,,,,,95,99.88,66.18,77.21,,,,,,,,,,,1103,20,Direct,Spyglass,551
OLD CB,John Gallagher,,,,,2.80E+12,,,,,,,,,N/A,518,22.26,6/27/23,6/29/23,2,Pecan Haus,757.07,,,,,6/24/23,Website/Booking Engine,,Cancelled,,,6/24/23,,,,,,,95,56.98,40.2,46.89,,,,,,,,,,,670,3,Direct,Pecan Haus,335
OLD CB,John Gallagher,,,,,3.56E+12,,,,,,,,,PEC(1),518,757.07,6/27/23,6/29/23,2,Pecan Haus,757.07,,,,,6/24/23,Website/Booking Engine,,Checked Out,,,,,,,,,,95,56.98,40.2,46.89,,,,,,,,,,,670,3,Direct,Pecan Haus,335
OLD CB,Jennifer Patrick,,,,,8.32E+12,,,,,,,,,SAF(1),989.88,0,6/28/23,6/30/23,2,Sage Safari,1225.93,,,,,6/15/23,Airbnb (API),,Confirmed,,,,,,,,,,95,,65.1,75.95,,,,,,,,,,,1085,13,Airbnb,Sage Safari,542
OLD CB,Sandra Portillo,,,,,1.06E+12,,,,,,,,,CED(1),518,757.07,6/28/23,6/30/23,2,Cedar Haus,757.07,,,,,6/20/23,Website/Booking Engine,,Checked Out,,,,,,,,,,95,56.98,40.2,46.89,,,,,,,,,,,670,8,Direct,Cedar Haus,335
OLD CB,Nathan Lipson,,,,,2.49E+11,,,,,,,,,BUC(1),762.75,0,6/28/23,6/30/23,2,Buckeye Bungalow,969.26,,,,,6/28/23,Airbnb (API),,Confirmed,,,,,,,,,,95,,51.46,60.05,,,,,,,,,,,858,0,Airbnb,Buckeye Bungalow,429
OLD CB,Austin Tramonte,,,,,1.51E+12,,,,,,,,,WAL(1),1323,1766.8,6/29/23,7/1/23,2,Walnut House,1766.8,,,,,6/8/23,Website/Booking Engine,,Checked Out,,,,,,,,,,95,145.53,93.82,109.45,,,,,,,,,,,1564,21,Direct,Walnut House,782
OLD CB,Jeramy Bull,,,,,6.33E+12,,,,,,,,,JUN(1),259,432.21,6/29/23,6/30/23,1,Juniper Haus,432.21,,,,,6/28/23,Website/Booking Engine,,Checked Out,,,,,,,,,,95,28.49,22.95,26.77,,,,,,,,,,,382,1,Direct,Juniper Haus,382
OLD CB,Cody Nix,,,,,9.55E+12,,,,,,,,,OAK(1),2446.45,0,6/30/23,7/2/23,2,Live Oak Lodge,2871.84,,,,,6/6/23,Airbnb (API),,Confirmed,,,,,,,,,,95,,152.48,177.91,,,,,,,,,,,2541,24,Airbnb,Live Oak Lodge,1271
OLD CB,Jonathan Cutler,,,,,1.88E+12,,,,,,,,,BUC(1),1636.24,0,6/30/23,7/2/23,2,Buckeye Bungalow,1956.31,,,,,6/24/23,Airbnb (API),,Confirmed,,,,,,,,,,95,,103.88,121.19,,,,,,,,,,,1731,6,Airbnb,Buckeye Bungalow,866
OLD CB,Jeff Knape,,,,,3.76E+12,,,,,,,,,SPY(1),1426.06,0,6/30/23,7/2/23,2,Spyglass,1718.79,,,,,6/28/23,Airbnb (API),,Confirmed,,,,,,,,,,95,,91.26,106.47,,,,,,,,,,,1521,2,Airbnb,Spyglass,761
OLD CB,Marcus Faison,,,,,3.99E+12,,,,,,,,,DOM(1),991,1350.37,6/30/23,7/2/23,2,Lantana Dome,1350.37,,,,,6/28/23,Website/Booking Engine,,Checked Out,,,,,,,,,,95,109.01,71.7,83.66,,,,,,,,,,,1195,2,Direct,Lantana Dome,598
OLD CB,Farah Alam-Lopez,,,,,5.00E+12,,,,,,,,,SAF(1),1172,1577.39,6/30/23,7/2/23,2,Sage Safari,1577.39,,,,,6/28/23,Website/Booking Engine,,Checked Out,,,,,,,,,,95,128.92,83.76,97.71,,,,,,,,,,,1396,2,Direct,Sage Safari,698
OLD CB,Matthew Dolley,,,,,6.27E+12,,,,,,,,,PEC(1),889,1222.43,7/1/23,7/3/23,2,Pecan Haus,1222.43,,,,,6/7/23,Website/Booking Engine,,Checked Out,,,,,,,,,,95,97.79,64.91,75.73,,,,,,,,,,,1082,24,Direct,Pecan Haus,541
OLD CB,Thomas Ochoa,,,,,4.62E+12,,,,,,,,,N/A,1650,2151.94,7/1/23,7/3/23,2,Walnut House,2176.94,,,,,6/29/23,Website/Booking Engine,,Cancelled,,,7/2/23,,,,,,,95,181.5,115.59,134.85,,,,,,,,,,,1927,2,Direct,Walnut House,963
OLD CB,Chad Conwell,,,,,9.10E+11,,,,,,,,,SPY(1),1574.09,0,7/2/23,7/4/23,2,Spyglass,1886.06,,,,,6/27/23,Airbnb (API),,Confirmed,,,,,,,,,,95,,100.14,116.83,,,,,,,,,,,1669,5,Airbnb,Spyglass,835
OLD CB,Marielena Saenz,,,,,3.39E+12,,,,,,,,,SAF(1),499,733.24,7/2/23,7/3/23,1,Sage Safari,733.24,,,,,7/2/23,Website/Booking Engine,,Checked Out,,,,,,,,,,95,54.89,38.93,45.42,,,,,,,,,,,649,0,Direct,Sage Safari,649
OLD CB,Maria Hernandez,,,,,5.70E+12,,,,,,,,,PEC(1),662,937.7,7/3/23,7/5/23,2,Pecan Haus,937.7,,,,,6/14/23,Website/Booking Engine,,Checked Out,,,,,,,,,,95,72.82,49.79,58.09,,,,,,,,,,,830,19,Direct,Pecan Haus,415
OLD CB,Desiree Gaona,,,,,3.66E+12,,,,,,,,,WAL(1),544.66,0,7/3/23,7/4/23,1,Walnut House,722.82,,,,,7/2/23,Airbnb (API),,Confirmed,,,,,,,,,,95,,38.38,44.78,,,,,,,,,,,640,1,Airbnb,Walnut House,640
OLD CB,Chase Corona,,,,,7.22E+12,,,,,,,,,JUN(1),346.91,0,7/3/23,7/4/23,1,Juniper Haus,499.35,,,,,7/3/23,Airbnb (API),,Confirmed,,,,,,,,,,95,,26.51,30.93,,,,,,,,,,,442,0,Airbnb,Juniper Haus,442
OLD CB,Kimberley Sanchez,,,,,8.83E+12,,,,,,,,,SPY(1),1255.43,0,7/4/23,7/7/23,3,Spyglass,1525.98,,,,,6/28/23,Airbnb (API),,Confirmed,,,,,,,,,,95,,81.03,94.52,,,,,,,,,,,1350,6,Airbnb,Spyglass,450
OLD CB,Taygun Kurtulus,,,,,3.95E+12,,,,,,,,,N/A,507.37,0,7/4/23,7/5/23,1,Buckeye Bungalow,680.68,,,,,7/3/23,Airbnb (API),,Cancelled,,,7/4/23,,,,,,,95,,36.14,42.17,,,,,,,,,,,602,1,Airbnb,Buckeye Bungalow,602
OLD CB,Jessica Jarvis,,,,,9.76E+12,,,,,,,,,MON(1),682,962.79,7/5/23,7/7/23,2,Monarch,962.79,,,,,6/21/23,Website/Booking Engine,,Checked Out,,,,,,,,,,95,75.02,51.12,59.65,,,,,,,,,,,852,14,Direct,Monarch,426
OLD CB,Cesar Castillo,,,,,5.10E+12,,,,,,,,,SAF(1),510,747.03,7/5/23,7/7/23,2,Sage Safari,747.03,,,,,6/27/23,Website/Booking Engine,,Checked Out,,,,,,,,,,95,56.1,39.66,46.27,,,,,,,,,,,661,8,Direct,Sage Safari,331
OLD CB,Johnny Balderas,,,,,6.02E+12,,,,,,,,,PEC(1),194,350.68,7/5/23,7/6/23,1,Pecan Haus,350.68,,,,,6/30/23,Website/Booking Engine,,Checked Out,,,,,,,,,,95,21.34,18.62,21.72,,,,,,,,,,,310,5,Direct,Pecan Haus,310
OLD CB,Lucy McGuigan,,,,,7.84E+12,,,,,,,,,CED(1),1072,1451.97,7/6/23,7/9/23,3,Cedar Haus,1451.97,,,,,6/11/23,Website/Booking Engine,,Checked Out,,,,,,,,,,95,117.92,77.1,89.95,,,,,,,,,,,1285,25,Direct,Cedar Haus,428
OLD CB,Kristal Pettit,,,,,4.77E+12,,,,,,,,,JUN(1),736.76,0,7/6/23,7/8/23,2,Juniper Haus,939.89,,,,,6/28/23,Airbnb (API),,Confirmed,,,,,,,,,,95,,49.9,58.23,,,,,,,,,,,832,8,Airbnb,Juniper Haus,416
OLD CB,Dylan Taylor,,,,,4.85E+12,,,,,,,,,WAL(1),912,1251.27,7/6/23,7/8/23,2,Walnut House,1251.27,,,,,6/30/23,Website/Booking Engine,,Checked Out,,,,,,,,,,95,100.32,66.44,77.51,,,,,,,,,,,1107,6,Direct,Walnut House,554
OLD CB,Christian Robles,,,,,5.97E+12,,,,,,,,,OAK(1),1724,2269.77,7/7/23,7/9/23,2,Live Oak Lodge,2269.77,,,,,6/4/23,Website/Booking Engine,,Checked Out,,,,,,,,,,95,189.64,120.52,140.61,,,,,,,,,,,2009,33,Direct,Live Oak Lodge,1004
OLD CB,John Abdelsayed,,,,,6.14E+12,,,,,,,,,MON(1),1956.03,0,7/7/23,7/9/23,2,Monarch,2317.66,,,,,6/19/23,Airbnb (API),,Confirmed,,,,,,,,,,95,,123.06,143.57,,,,,,,,,,,2051,18,Airbnb,Monarch,1026
OLD CB,Jerome Goodboe,,,,,9.89E+11,,,,,,,,,SPY(1),1636,2159.39,7/7/23,7/9/23,2,Spyglass,2159.39,,,,,6/21/23,Website/Booking Engine,,Checked Out,,,,,,,,,,95,179.96,114.66,133.77,,,,,,,,,,,1911,16,Direct,Spyglass,955
OLD CB,David Phillips,,,,,3.40E+12,,,,,,,,,N/A,1411.37,0,7/7/23,7/9/23,2,Sage Safari,1702.2,,,,,6/27/23,Airbnb (API),,Cancelled,,,6/28/23,,,,,,,95,,90.38,105.45,,,,,,,,,,,1506,10,Airbnb,Sage Safari,753
OLD CB,Miguel Carreon,,,,,5.35E+12,,,,,,,,,DOM(1),968,885.51,7/7/23,7/9/23,2,Lantana Dome,1321.51,,,,,6/27/23,Website/Booking Engine,,Checked Out,,,,,,,,,,95,106.48,70.16,81.87,,,,,,,,,,,1169,10,Direct,Lantana Dome,585
OLD CB,Cody Peck,,,,,5.59E+12,,,,,,,,,SAF(1),1411.37,0,7/7/23,7/9/23,2,Sage Safari,1702.2,,,,,6/29/23,Airbnb (API),,Confirmed,,,,,,,,,,95,,90.38,105.45,,,,,,,,,,,1506,8,Airbnb,Sage Safari,753
OLD CB,Melissa Gabrielli,,,,,7.82E+12,,,,,,,,,BUC(1),377.42,0,7/7/23,7/8/23,1,Buckeye Bungalow,533.84,,,,,7/7/23,Airbnb (API),,Confirmed,,,,,,,,,,95,,28.35,33.07,,,,,,,,,,,472,0,Airbnb,Buckeye Bungalow,472
OLD CB,N/A N/A,,,,,5.90E+12,,,,,,,,,N/A,181.5,0,7/8/23,7/9/23,1,Pecan Haus,312.45,,,,,6/22/23,Airbnb (API),,Cancelled,,,6/22/23,,,,,,,95,,16.59,19.36,,,,,,,,,,,277,16,Airbnb,Pecan Haus,277
OLD CB,Jack Dearnbarger,,,,,2.40E+12,,,,,,,,,WAL(1),1215.88,0,7/8/23,7/10/23,2,Walnut House,1481.31,,,,,6/30/23,Airbnb (API),,Confirmed,,,,,,,,,,95,,78.66,91.77,,,,,,,,,,,1311,8,Airbnb,Walnut House,655
OLD CB,Ariel Kornfeld,,,,,2.68E+12,,,,,,,,,BUC(1),1211.36,0,7/8/23,7/10/23,2,Buckeye Bungalow,1476.19,,,,,7/6/23,Airbnb (API),,Confirmed,,,,,,,,,,95,,78.38,91.45,,,,,,,,,,,1306,2,Airbnb,Buckeye Bungalow,653
OLD CB,Midori Fernandez,,,,,3.17E+11,,,,,,,,,OAK(1),862,1188.56,7/9/23,7/10/23,1,Live Oak Lodge,1188.56,,,,,6/15/23,Website/Booking Engine,,Checked Out,,,,,,,,,,95,94.82,63.11,73.63,,,,,,,,,,,1052,24,Direct,Live Oak Lodge,1052
OLD CB,Blaze Shipley,,,,,7.19E+12,,,,,,,,,MON(1),580.82,0,7/9/23,7/11/23,2,Monarch,763.67,,,,,6/26/23,Airbnb (API),,Confirmed,,,,,,,,,,95,,40.54,47.31,,,,,,,,,,,676,13,Airbnb,Monarch,338
OLD CB,Quang Nguyen,,,,,8.83E+12,,,,,,,,,SPY(1),243,412.14,7/9/23,7/10/23,1,Spyglass,412.14,,,,,7/8/23,Website/Booking Engine,,Checked Out,,,,,,,,,,95,26.73,21.88,25.53,,,,,,,,,,,365,1,Direct,Spyglass,365
OLD CB,Karl Thormahlen,,,,,9.79E+12,,,,,,,,,SAF(1),393.24,0,7/9/23,7/10/23,1,Sage Safari,551.71,,,,,7/9/23,Airbnb (API),,Confirmed,,,,,,,,,,95,,29.29,34.18,,,,,,,,,,,488,0,Airbnb,Sage Safari,488
OLD CB,Nico Villarreal,,,,,1.83E+12,,,,,,,,,BUC(1),314,501.2,7/10/23,7/11/23,1,Buckeye Bungalow,501.2,,,,,6/19/23,Website/Booking Engine,,Checked Out,,,,,,,,,,95,34.54,26.61,31.05,,,,,,,,,,,444,21,Direct,Buckeye Bungalow,444
OLD CB,Van Huynh,,,,,5.04E+12,,,,,,,,,OAK(1),956,1306.45,7/10/23,7/12/23,2,Live Oak Lodge,1306.45,,,,,6/20/23,Website/Booking Engine,,Checked Out,,,,,,,,,,95,105.16,69.36,80.93,,,,,,,,,,,1156,20,Direct,Live Oak Lodge,578
OLD CB,Holly Hernandez,,,,,6.41E+12,,,,,,,,,SPY(1),870.1,0,7/10/23,7/12/23,2,Spyglass,1090.55,,,,,7/3/23,Airbnb (API),,Confirmed,,,,,,,,,,95,,57.9,67.55,,,,,,,,,,,965,7,Airbnb,Spyglass,483
OLD CB,Krystal Pizana,,,,,3.16E+12,,,,,,,,,SAF(1),771.79,0,7/10/23,7/12/23,2,Sage Safari,979.46,,,,,7/5/23,Airbnb (API),,Confirmed,,,,,,,,,,95,,52,60.67,,,,,,,,,,,867,5,Airbnb,Sage Safari,433
OLD CB,Lisa Shields,,,,,8.54E+12,,,,,,,,,N/A,606.81,0,7/10/23,7/12/23,2,Lantana Dome,793.04,,,,,7/9/23,Airbnb (API),,Cancelled,,,7/10/23,,,,,,,95,,42.1,49.13,,,,,,,,,,,702,1,Airbnb,Lantana Dome,351
OLD CB,Abigail Shields,,,,,2.45E+12,,,,,,,,,DOM(1),442,661.75,7/10/23,7/12/23,2,Lantana Dome,661.75,,,,,7/10/23,Website/Booking Engine,,Checked Out,,,,,,,,,,95,48.62,35.14,40.99,,,,,,,,,,,586,0,Direct,Lantana Dome,293
OLD CB,Danielle Toti,,,,,8.63E+12,,,,,,,,,N/A,1133.39,0,7/11/23,7/13/23,2,Monarch,1388.08,,,,,6/2/23,Airbnb (API),,Cancelled,,,7/12/23,,,,,,,95,,73.7,85.99,,,,,,,,,,,1228,39,Airbnb,Monarch,614
OLD CB,Bethany Millington,,,,,8.38E+12,,,,,,,,,BUC(1),628,895.05,7/11/23,7/13/23,2,Buckeye Bungalow,895.05,,,,,6/5/23,Website/Booking Engine,,Checked Out,,,,,,,,,,95,69.08,47.52,55.45,,,,,,,,,,,792,36,Direct,Buckeye Bungalow,396
OLD CB,Corinne Cantu,,,,,9.12E+12,,,,,,,,,WAL(1),908,186.94,7/11/23,7/13/23,2,Walnut House,1246.27,,,,,6/18/23,Website/Booking Engine,,Checked Out,,,,,,,,,,95,99.88,66.18,77.21,,,,,,,,,,,1103,23,Direct,Walnut House,551
OLD CB,Patricia Klassen,,,,,9.92E+12,,,,,,,,,JUN(1),198,305.7,7/11/23,7/12/23,1,Juniper Haus,355.7,,,,,7/11/23,Website/Booking Engine,,Confirmed,,,,,,,,,,95,21.78,18.89,22.03,,,,,,,,,,,315,0,Direct,Juniper Haus,315
OLD CB,Kyle West,,,,,7.59E+12,,,,,,,,,OAK(1),2680,3468.87,7/12/23,7/16/23,4,Live Oak Lodge,3468.87,,,,,6/3/23,Website/Booking Engine,,Checked Out,,,,,,,,,,95,294.8,184.18,214.89,,,,,,,,,,,3070,39,Direct,Live Oak Lodge,767
OLD CB,Joanie Weeks,,,,,2.35E+12,,,,,,,,,SPY(1),870.1,0,7/12/23,7/14/23,2,Spyglass,1090.55,,,,,7/4/23,Airbnb (API),,Confirmed,,,,,,,,,,95,,57.9,67.55,,,,,,,,,,,965,8,Airbnb,Spyglass,483
OLD CB,Colton Schultz,,,,,4.06E+12,,,,,,,,,COC(1),310.75,0,7/12/23,7/13/23,1,Cocoon,458.5,,,,,7/11/23,Airbnb (API),,Confirmed,,,,,,,,,,95,,24.35,28.4,,,,,,,,,,,406,1,Airbnb,Cocoon,406
OLD CB,Julie Burkenstock,,,,,1.57E+12,,,,,,,,,BUC(1),1446,1921.08,7/13/23,7/16/23,3,Buckeye Bungalow,1921.08,,,,,6/13/23,Website/Booking Engine,,Checked Out,,,,,,,,,,95,159.06,102.01,119.01,,,,,,,,,,,1700,30,Direct,Buckeye Bungalow,567
OLD CB,Chan Goree,,,,,2.82E+12,,,,,,,,,WAL(1),1158,1559.83,7/13/23,7/15/23,2,Walnut House,1559.83,,,,,6/30/23,Website/Booking Engine,,Checked Out,,,,,,,,,,95,127.38,82.82,96.63,,,,,,,,,,,1380,13,Direct,Walnut House,690
OLD CB,Diana Urrutia,,,,,3.42E+12,,,,,,,,,COC(1),346.91,0,7/13/23,7/14/23,1,Cocoon,499.35,,,,,7/11/23,Airbnb (API),,Confirmed,,,,,,,,,,95,,26.51,30.93,,,,,,,,,,,442,2,Airbnb,Cocoon,442
OLD CB,Georgeann Ward,,,,,6.22E+12,,,,,,,,,COC(1),1132,1527.23,7/14/23,7/16/23,2,Cocoon,1527.23,,,,,6/26/23,Website/Booking Engine,,Checked Out,,,,,,,,,,95,124.52,81.1,94.61,,,,,,,,,,,1352,18,Direct,Cocoon,676
OLD CB,Sam Rudnicki,,,,,2.50E+12,,,,,,,,,N/A,1636,84.52,7/14/23,7/16/23,2,Sage Safari,2159.39,,,,,6/30/23,Website/Booking Engine,,Cancelled,,,7/1/23,,,,,,,95,179.96,114.66,133.77,,,,,,,,,,,1911,14,Direct,Sage Safari,955
OLD CB,Clinton Scott,,,,,7.26E+12,,,,,,,,,SAF(1),1967.33,0,7/14/23,7/16/23,2,Sage Safari,2330.44,,,,,7/1/23,Airbnb (API),,Confirmed,,,,,,,,,,95,,123.74,144.37,,,,,,,,,,,2062,13,Airbnb,Sage Safari,1031
OLD CB,Tommy Diwa,,,,,6.38E+12,,,,,,,,,PEC(1),726,1017.99,7/14/23,7/16/23,2,Pecan Haus,1017.99,,,,,7/13/23,Website/Booking Engine,,Checked Out,,,,,,,,,,95,79.86,54.06,63.07,,,,,,,,,,,901,1,Direct,Pecan Haus,450
OLD CB,Guadalupe Noble Wood,,,,,3.45E+12,,,,,,,,,JUN(1),239,407.13,7/14/23,7/15/23,1,Juniper Haus,407.13,,,,,7/14/23,Website/Booking Engine,,Checked Out,,,,,,,,,,95,26.29,21.62,25.22,,,,,,,,,,,360,0,Direct,Juniper Haus,360
OLD CB,Jennifer Ficke,,,,,7.30E+12,,,,,,,,,CED(1),777.44,0,7/14/23,7/16/23,2,Cedar Haus,985.85,,,,,7/14/23,Airbnb (API),,Confirmed,,,,,,,,,,95,,52.34,61.07,,,,,,,,,,,872,0,Airbnb,Cedar Haus,436
OLD CB,Mike Cofield,,,,,9.58E+12,,,,,,,,,JUN(1),733.37,0,7/15/23,7/17/23,2,Juniper Haus,936.06,,,,,7/12/23,Airbnb (API),,Confirmed,,,,,,,,,,95,,49.7,57.99,,,,,,,,,,,828,3,Airbnb,Juniper Haus,414
OLD CB,Randy Davis,,,,,4.40E+10,,,,,,,,,DOM(1),671.22,0,7/15/23,7/16/23,1,Lantana Dome,865.83,,,,,7/15/23,Airbnb (API),,Confirmed,,,,,,,,,,95,,45.97,53.64,,,,,,,,,,,766,0,Airbnb,Lantana Dome,766
OLD CB,Cellie Foster,,,,,1.27E+12,,,,,,,,,CED(1),881,1212.39,7/16/23,7/19/23,3,Cedar Haus,1212.39,,,,,6/14/23,Website/Booking Engine,,Checked Out,,,,,,,,,,95,96.91,64.38,75.1,,,,,,,,,,,1073,32,Direct,Cedar Haus,358
OLD CB,Selina Maldonado,,,,,7.57E+12,,,,,,,,,BUC(1),1194,1604.99,7/16/23,7/19/23,3,Buckeye Bungalow,1604.99,,,,,7/5/23,Website/Booking Engine,,Checked Out,,,,,,,,,,95,131.34,85.22,99.43,,,,,,,,,,,1420,11,Direct,Buckeye Bungalow,473
OLD CB,Jarmila Wolfe,,,,,1.64E+12,,,,,,,,,COC(1),264,416.56,7/16/23,7/17/23,1,Cocoon,438.48,,,,,7/13/23,Website/Booking Engine,,Confirmed,,,,,,,,,,95,29.04,23.28,27.16,,,,,,,,,,,388,3,Direct,Cocoon,388
OLD CB,Sarah Parker,,,,,3.16E+12,,,,,,,,,OAK(1),617,881.25,7/16/23,7/18/23,2,Live Oak Lodge,881.25,,,,,7/13/23,Website/Booking Engine,,Checked Out,,,,,,,,,,95,67.87,46.79,54.59,,,,,,,,,,,780,3,Direct,Live Oak Lodge,390
OLD CB,Joseph Kercheville,,,,,6.41E+12,,,,,,,,,WAL(1),241,409.64,7/16/23,7/17/23,1,Walnut House,409.64,,,,,7/15/23,Website/Booking Engine,,Checked Out,,,,,,,,,,95,26.51,21.75,25.38,,,,,,,,,,,363,1,Direct,Walnut House,363
OLD CB,Sumit Rudra,,,,,8.80E+12,,,,,,,,,DOM(1),667.83,0,7/16/23,7/18/23,2,Lantana Dome,861.99,,,,,7/15/23,Airbnb (API),,Confirmed,,,,,,,,,,95,,45.77,53.39,,,,,,,,,,,763,1,Airbnb,Lantana Dome,381
OLD CB,Alex Gil,,,,,4.19E+12,,,,,,,,,MON(1),466.69,0,7/17/23,7/18/23,1,Monarch,634.71,,,,,7/13/23,Airbnb (API),,Confirmed,,,,,,,,,,95,,33.7,39.32,,,,,,,,,,,562,4,Airbnb,Monarch,562
OLD CB,Briana Stangle,,,,,9.85E+12,,,,,,,,,COC(1),331.09,0,7/17/23,7/18/23,1,Cocoon,481.49,,,,,7/17/23,Airbnb (API),,Confirmed,,,,,,,,,,95,,25.57,29.83,,,,,,,,,,,426,0,Airbnb,Cocoon,426
OLD CB,Karla Torres,,,,,6.78E+12,,,,,,,,,COC(1),628,895.05,7/18/23,7/20/23,2,Cocoon,895.05,,,,,6/22/23,Website/Booking Engine,,Checked Out,,,,,,,,,,95,69.08,47.52,55.45,,,,,,,,,,,792,26,Direct,Cocoon,396
OLD CB,Lacresha Lee,,,,,8.55E+11,,,,,,,,,OAK(1),497.2,0,7/18/23,7/19/23,1,Live Oak Lodge,669.18,,,,,7/12/23,Airbnb (API),,Confirmed,,,,,,,,,,95,,35.53,41.45,,,,,,,,,,,592,6,Airbnb,Live Oak Lodge,592
OLD CB,Thomas Buerkert,,,,,5.91E+12,,,,,,,,,SAF(1),572,824.81,7/18/23,7/20/23,2,Sage Safari,824.81,,,,,7/15/23,Website/Booking Engine,,Checked Out,,,,,,,,,,95,62.92,43.8,51.09,,,,,,,,,,,730,3,Direct,Sage Safari,365
OLD CB,Jessica Carbajal,,,,,8.74E+12,,,,,,,,,WAL(1),572,824.81,7/18/23,7/20/23,2,Walnut House,824.81,,,,,7/16/23,Website/Booking Engine,,Checked Out,,,,,,,,,,95,62.92,43.8,51.09,,,,,,,,,,,730,2,Direct,Walnut House,365
OLD CB,Corey Koepnick,,,,,7.08E+12,,,,,,,,,DOM(1),380.81,0,7/18/23,7/19/23,1,Lantana Dome,537.67,,,,,7/17/23,Airbnb (API),,Confirmed,,,,,,,,,,95,,28.55,33.31,,,,,,,,,,,476,1,Airbnb,Lantana Dome,476
OLD CB,skylar williams,,,,,1.71E+12,,,,,,,,,JUN(1),518,757.07,7/19/23,7/21/23,2,Juniper Haus,757.07,,,,,6/6/23,Website/Booking Engine,,Checked Out,,,,,,,,,,95,56.98,40.2,46.89,,,,,,,,,,,670,43,Direct,Juniper Haus,335
OLD CB,David Tuomikoski,,,,,6.55E+12,,,,,,,,,BUC(1),628,895.05,7/19/23,7/21/23,2,Buckeye Bungalow,895.05,,,,,6/16/23,Website/Booking Engine,,Checked Out,,,,,,,,,,95,69.08,47.52,55.45,,,,,,,,,,,792,33,Direct,Buckeye Bungalow,396
OLD CB,John Kilgore,,,,,3.77E+12,,,,,,,,,OAK(1),956,1306.45,7/19/23,7/21/23,2,Live Oak Lodge,1306.45,,,,,6/18/23,Website/Booking Engine,,Checked Out,,,,,,,,,,95,105.16,69.36,80.93,,,,,,,,,,,1156,31,Direct,Live Oak Lodge,578
OLD CB,Victoria Escobedo,,,,,5.78E+12,,,,,,,,,MON(1),454,676.81,7/20/23,7/21/23,1,Monarch,676.81,,,,,6/23/23,Website/Booking Engine,,Checked Out,,,,,,,,,,95,49.94,35.94,41.93,,,,,,,,,,,599,27,Direct,Monarch,599
OLD CB,Larry Dawson,,,,,7.45E+11,,,,,,,,,N/A,1272,0,7/20/23,7/22/23,2,Walnut House,1702.83,,,,,7/12/23,Website/Booking Engine,,Cancelled,,,7/12/23,,,,,,,95,139.92,90.42,105.49,,,,,,,,,,,1507,8,Direct,Walnut House,753
OLD CB,Larry Dawson,,,,,6.22E+12,,,,,,,,,N/A,1272,0,7/20/23,7/22/23,2,Walnut House,1702.83,,,,,7/12/23,Website/Booking Engine,,Cancelled,,,7/12/23,,,,,,,95,139.92,90.42,105.49,,,,,,,,,,,1507,8,Direct,Walnut House,753
OLD CB,Larry Dawson,,,,,8.86E+12,,,,,,,,,N/A,1272,0,7/20/23,7/22/23,2,Walnut House,1702.83,,,,,7/12/23,Website/Booking Engine,,Cancelled,,,7/12/23,,,,,,,95,139.92,90.42,105.49,,,,,,,,,,,1507,8,Direct,Walnut House,753
OLD CB,Dawson Larry,,,,,7.06E+12,,,,,,,,,N/A,1272,0,7/20/23,7/22/23,2,Walnut House,1702.83,,,,,7/12/23,Website/Booking Engine,,Cancelled,,,7/12/23,,,,,,,95,139.92,90.42,105.49,,,,,,,,,,,1507,8,Direct,Walnut House,753
OLD CB,Larry Dawson,,,,,2.23E+12,,,,,,,,,WAL(1),1272,1702.83,7/20/23,7/22/23,2,Walnut House,1702.83,,,,,7/12/23,Website/Booking Engine,,Checked Out,,,,,,,,,,95,139.92,90.42,105.49,,,,,,,,,,,1507,8,Direct,Walnut House,753
OLD CB,Ian Burgoon,,,,,6.23E+12,,,,,,,,,SAF(1),454,676.81,7/20/23,7/21/23,1,Sage Safari,676.81,,,,,7/14/23,Website/Booking Engine,,Checked Out,,,,,,,,,,95,49.94,35.94,41.93,,,,,,,,,,,599,6,Direct,Sage Safari,599
OLD CB,Devon Warzecha,,,,,7.43E+11,,,,,,,,,COC(1),462.17,0,7/20/23,7/21/23,1,Cocoon,629.6,,,,,7/17/23,Airbnb (API),,Confirmed,,,,,,,,,,95,,33.43,39,,,,,,,,,,,557,3,Airbnb,Cocoon,557
OLD CB,Jamie Farris,,,,,6.85E+12,,,,,,,,,DOM(1),288,468.59,7/20/23,7/21/23,1,Lantana Dome,468.59,,,,,7/19/23,Website/Booking Engine,,Checked Out,,,,,,,,,,95,31.68,24.88,29.03,,,,,,,,,,,415,1,Direct,Lantana Dome,415
OLD CB,Darrel Oribello,,,,,1.03E+12,,,,,,,,,SPY(1),295,477.37,7/20/23,7/21/23,1,Spyglass,477.37,,,,,7/19/23,Website/Booking Engine,,Checked Out,,,,,,,,,,95,32.45,25.35,29.57,,,,,,,,,,,422,1,Direct,Spyglass,422
OLD CB,Miki Oz,,,,,6.04E+12,,,,,,,,,COC(1),1386.51,0,7/21/23,7/23/23,2,Cocoon,1674.12,,,,,6/19/23,Airbnb (API),,Confirmed,,,,,,,,,,95,,88.9,103.71,,,,,,,,,,,1482,32,Airbnb,Cocoon,741
OLD CB,Christa Minor,,,,,7.14E+12,,,,,,,,,DOM(1),1384,1843.31,7/21/23,7/23/23,2,Lantana Dome,1843.31,,,,,6/24/23,Website/Booking Engine,,Checked Out,,,,,,,,,,95,152.24,97.88,114.19,,,,,,,,,,,1631,27,Direct,Lantana Dome,816
OLD CB,Nathan Johnson,,,,,6.81E+12,,,,,,,,,SPY(1),2454,3185.41,7/21/23,7/24/23,3,Spyglass,3185.41,,,,,7/2/23,Website/Booking Engine,,Checked Out,,,,,,,,,,95,269.94,169.14,197.33,,,,,,,,,,,2819,19,Direct,Spyglass,940
OLD CB,Abbey Grosscup,,,,,7.91E+12,,,,,,,,,JUN(1),726,1017.99,7/21/23,7/23/23,2,Juniper Haus,1017.99,,,,,7/11/23,Website/Booking Engine,,Checked Out,,,,,,,,,,95,79.86,54.06,63.07,,,,,,,,,,,901,10,Direct,Juniper Haus,450
OLD CB,Diana Diaz,,,,,2.57E+12,,,,,,,,,SAF(1),2475.83,0,7/21/23,7/24/23,3,Sage Safari,2905.05,,,,,7/15/23,Airbnb (API),,Confirmed,,,,,,,,,,95,,154.26,179.96,,,,,,,,,,,2571,6,Airbnb,Sage Safari,857
OLD CB,Anne Whitlock,,,,,2.12E+12,,,,,,,,,PEC(1),726,1017.99,7/21/23,7/23/23,2,Pecan Haus,1017.99,,,,,7/16/23,Website/Booking Engine,,Checked Out,,,,,,,,,,95,79.86,54.06,63.07,,,,,,,,,,,901,5,Direct,Pecan Haus,450
OLD CB,Agnes Reeves,,,,,8.35E+12,,,,,,,,,CED(1),517.54,0,7/21/23,7/22/23,1,Cedar Haus,692.17,,,,,7/19/23,Airbnb (API),,Confirmed,,,,,,,,,,95,,36.75,42.88,,,,,,,,,,,613,2,Airbnb,Cedar Haus,613
OLD CB,Liliana Ramirez Sanchez,,,,,3.64E+12,,,,,,,,,CED(1),563,813.53,7/22/23,7/24/23,2,Cedar Haus,813.53,,,,,7/11/23,Website/Booking Engine,,Checked Out,,,,,,,,,,95,61.93,43.2,50.4,,,,,,,,,,,720,11,Direct,Cedar Haus,360
OLD CB,Jennifer Rush,,,,,6.82E+12,,,,,,,,,BUC(1),746.93,0,7/22/23,7/23/23,1,Buckeye Bungalow,951.39,,,,,7/22/23,Airbnb (API),,Confirmed,,,,,,,,,,95,,50.52,58.94,,,,,,,,,,,842,0,Airbnb,Buckeye Bungalow,842
OLD CB,Monique Alcala,,,,,5.70E+12,,,,,,,,,PEC(1),363,0,7/23/23,7/24/23,1,Pecan Haus,562.67,,,,,6/15/23,Website/Booking Engine,,Checked Out,,,,,,,,,,95,39.93,29.88,34.86,,,,,,,,,,,498,38,Direct,Pecan Haus,498
OLD CB,Keena Lopez,,,,,1.53E+12,,,,,,,,,MON(1),615.85,0,7/23/23,7/24/23,1,Monarch,803.26,,,,,7/12/23,Airbnb (API),,Confirmed,,,,,,,,,,95,,42.65,49.76,,,,,,,,,,,711,11,Airbnb,Monarch,711
OLD CB,Kristin Abel,,,,,1.54E+12,,,,,,,,,OAK(1),952,1301.44,7/23/23,7/25/23,2,Live Oak Lodge,1301.44,,,,,7/13/23,Website/Booking Engine,,Checked Out,,,,,,,,,,95,104.72,69.1,80.62,,,,,,,,,,,1152,10,Direct,Live Oak Lodge,576
OLD CB,James Gloria,,,,,9.18E+12,,,,,,,,,N/A,333.35,0,7/23/23,7/24/23,1,Cocoon,484.03,,,,,7/22/23,Airbnb (API),,Cancelled,,,7/24/23,,,,,,,95,,25.7,29.98,,,,,,,,,,,428,1,Airbnb,Cocoon,428
OLD CB,HUGO MENDEZ,,,,,7.78E+12,,,,,,,,,DOM(1),768,1070.65,7/24/23,7/26/23,2,Lantana Dome,1070.65,,,,,7/6/23,Website/Booking Engine,,Checked Out,,,,,,,,,,95,84.48,56.84,66.33,,,,,,,,,,,947,18,Direct,Lantana Dome,474
OLD CB,Gabriela Serna,,,,,7.88E+12,,,,,,,,,SPY(1),908,1246.27,7/24/23,7/26/23,2,Spyglass,1246.27,,,,,7/13/23,Website/Booking Engine,,Checked Out,,,,,,,,,,95,99.88,66.18,77.21,,,,,,,,,,,1103,11,Direct,Spyglass,551
OLD CB,Keena Lopez,,,,,6.57E+12,,,,,,,,,BUC(1),816.99,0,7/24/23,7/26/23,2,Buckeye Bungalow,1030.55,,,,,7/15/23,Airbnb (API),,Confirmed,,,,,,,,,,95,,54.72,63.84,,,,,,,,,,,912,9,Airbnb,Buckeye Bungalow,456
OLD CB,Rabin Adhikari,,,,,2.88E+12,,,,,,,,,SAF(1),422.62,0,7/24/23,7/25/23,1,Sage Safari,584.91,,,,,7/23/23,Airbnb (API),,Confirmed,,,,,,,,,,95,,31.06,36.23,,,,,,,,,,,518,1,Airbnb,Sage Safari,518
OLD CB,Jacquelynne Dukes,,,,,7.50E+12,,,,,,,,,WAL(1),908,1246.27,7/25/23,7/27/23,2,Walnut House,1246.27,,,,,7/1/23,Website/Booking Engine,,Checked Out,,,,,,,,,,95,99.88,66.18,77.21,,,,,,,,,,,1103,24,Direct,Walnut House,551
OLD CB,Kacie Evans,,,,,9.54E+12,,,,,,,,,COC(1),816.99,0,7/25/23,7/27/23,2,Cocoon,1030.55,,,,,7/19/23,Airbnb (API),,Confirmed,,,,,,,,,,95,,54.72,63.84,,,,,,,,,,,912,6,Airbnb,Cocoon,456
OLD CB,Maria Banda,,,,,5.23E+12,,,,,,,,,SAF(1),726.59,0,7/25/23,7/27/23,2,Sage Safari,928.4,,,,,7/23/23,Airbnb (API),,Confirmed,,,,,,,,,,95,,49.3,57.51,,,,,,,,,,,822,2,Airbnb,Sage Safari,411
OLD CB,Mimi Meacham,,,,,8.33E+11,,,,,,,,,N/A,454,676.81,7/26/23,7/27/23,1,Sage Safari,676.81,,,,,7/15/23,Website/Booking Engine,,Cancelled,,,7/16/23,,,,,,,95,49.94,35.94,41.93,,,,,,,,,,,599,11,Direct,Sage Safari,599
OLD CB,Chris Johns,,,,,2.12E+12,,,,,,,,,BUC(1),763.88,0,7/26/23,7/28/23,2,Buckeye Bungalow,970.55,,,,,7/23/23,Airbnb (API),,Confirmed,,,,,,,,,,95,,51.54,60.13,,,,,,,,,,,859,3,Airbnb,Buckeye Bungalow,429
OLD CB,Steven Rao,,,,,8.69E+12,,,,,,,,,DOM(1),326,516.25,7/26/23,7/27/23,1,Lantana Dome,516.25,,,,,7/24/23,Website/Booking Engine,,Checked Out,,,,,,,,,,95,35.86,27.41,31.98,,,,,,,,,,,457,2,Direct,Lantana Dome,457
OLD CB,Skyler Buell,,,,,5.92E+12,,,,,,,,,SPY(1),405.67,0,7/26/23,7/27/23,1,Spyglass,565.76,,,,,7/25/23,Airbnb (API),,Confirmed,,,,,,,,,,95,,30.04,35.05,,,,,,,,,,,501,1,Airbnb,Spyglass,501
OLD CB,Michael Langford,,,,,1.08E+12,,,,,,,,,PEC(1),692.69,0,7/26/23,7/28/23,2,Pecan Haus,890.08,,,,,7/26/23,Airbnb (API),,Confirmed,,,,,,,,,,95,,47.26,55.13,,,,,,,,,,,788,0,Airbnb,Pecan Haus,394
OLD CB,Trevor Green,,,,,3.26E+12,,,,,,,,,CED(1),622,887.53,7/27/23,7/29/23,2,Cedar Haus,887.53,,,,,6/20/23,Website/Booking Engine,,Checked Out,,,,,,,,,,95,68.42,47.13,54.98,,,,,,,,,,,785,37,Direct,Cedar Haus,393
OLD CB,Natalie Patten,,,,,5.06E+12,,,,,,,,,SAF(1),1556.01,0,7/27/23,7/29/23,2,Sage Safari,1865.64,,,,,6/26/23,Airbnb (API),,Confirmed,,,,,,,,,,95,,99.06,115.57,,,,,,,,,,,1651,31,Airbnb,Sage Safari,826
OLD CB,Ramesh Varma Ganapathioraju,,,,,4.97E+12,,,,,,,,,SPY(1),1770.71,0,7/27/23,7/29/23,2,Spyglass,2108.25,,,,,7/12/23,Airbnb (API),,Confirmed,,,,,,,,,,95,,111.94,130.6,,,,,,,,,,,1866,15,Airbnb,Spyglass,933
OLD CB,Richard Cranford,,,,,1.05E+12,,,,,,,,,JUN(1),1167,785.57,7/27/23,7/30/23,3,Juniper Haus,1571.13,,,,,7/25/23,Website/Booking Engine,,Checked Out,,,,,,,,,,95,128.37,83.43,97.33,,,,,,,,,,,1390,2,Direct,Juniper Haus,463
OLD CB,Shelby Church,,,,,8.18E+11,,,,,,,,,WAL(1),1221,1638.86,7/27/23,7/29/23,2,Walnut House,1638.86,,,,,7/27/23,Website/Booking Engine,,Checked Out,,,,,,,,,,95,134.31,87.02,101.53,,,,,,,,,,,1450,0,Direct,Walnut House,725
OLD CB,Jared Hrabovsky,,,,,2.89E+12,,,,,,,,,MON(1),1956.03,0,7/28/23,7/30/23,2,Monarch,2317.66,,,,,6/3/23,Airbnb (API),,Confirmed,,,,,,,,,,95,,123.06,143.57,,,,,,,,,,,2051,55,Airbnb,Monarch,1026
OLD CB,chase nelson,,,,,9.92E+12,,,,,,,,,OAK(1),1724,2269.77,7/28/23,7/30/23,2,Live Oak Lodge,2269.77,,,,,6/29/23,Website/Booking Engine,,Checked Out,,,,,,,,,,95,189.64,120.52,140.61,,,,,,,,,,,2009,29,Direct,Live Oak Lodge,1004
OLD CB,Shabtai Mizrachi,,,,,7.25E+12,,,,,,,,,PEC(1),908,1246.27,7/28/23,7/30/23,2,Pecan Haus,1246.27,,,,,7/1/23,Website/Booking Engine,,Checked Out,,,,,,,,,,95,99.88,66.18,77.21,,,,,,,,,,,1103,27,Direct,Pecan Haus,551
OLD CB,Munirih Jester,,,,,6.05E+12,,,,,,,,,BUC(1),1548.1,0,7/28/23,7/30/23,2,Buckeye Bungalow,1856.69,,,,,7/28/23,Airbnb (API),,Confirmed,,,,,,,,,,95,,98.58,115.01,,,,,,,,,,,1643,0,Airbnb,Buckeye Bungalow,822
OLD CB,Rick Jackson,,,,,1.58E+12,,,,,,,,,WAL(1),1841,2416.52,7/29/23,7/31/23,2,Walnut House,2416.52,,,,,7/10/23,Website/Booking Engine,,Checked Out,,,,,,,,,,95,202.51,128.31,149.7,,,,,,,,,,,2139,19,Direct,Walnut House,1069
OLD CB,Corrie Kaufmann,,,,,2.80E+11,,,,,,,,,N/A,1580.87,0,7/29/23,7/31/23,2,Spyglass,1893.74,,,,,7/23/23,Airbnb (API),,Cancelled,,,7/28/23,,,,,,,95,,100.56,117.31,,,,,,,,,,,1676,6,Airbnb,Spyglass,838
OLD CB,Corrie Kaufmann,,,,,7.97E+12,,,,,,,,,SPY(1),1580.87,0,7/29/23,7/31/23,2,Spyglass,1893.74,,,,,7/28/23,Airbnb (API),,Confirmed,,,,,,,,,,95,,100.56,117.31,,,,,,,,,,,1676,1,Airbnb,Spyglass,838
OLD CB,Ian Navidad,,,,,2.61E+12,,,,,,,,,MON(1),409,620.36,7/30/23,7/31/23,1,Monarch,620.36,,,,,7/20/23,Website/Booking Engine,,Checked Out,,,,,,,,,,95,44.99,32.94,38.43,,,,,,,,,,,549,10,Direct,Monarch,549
OLD CB,Jennipher Arana,,,,,7.39E+12,,,,,,,,,OAK(1),301,484.9,7/30/23,7/31/23,1,Live Oak Lodge,484.9,,,,,7/22/23,Website/Booking Engine,,Checked Out,,,,,,,,,,95,33.11,25.75,30.04,,,,,,,,,,,429,8,Direct,Live Oak Lodge,429
OLD CB,Ashley Winfield,,,,,9.26E+12,,,,,,,,,COC(1),418,631.64,7/30/23,8/1/23,2,Cocoon,631.64,,,,,7/22/23,Website/Booking Engine,,Checked Out,,,,,,,,,,95,45.98,33.54,39.12,,,,,,,,,,,559,8,Direct,Cocoon,279
OLD CB,Madelyn Flannagan,,,,,2.07E+12,,,,,,,,,DOM(1),266.68,0,7/30/23,7/31/23,1,Lantana Dome,408.7,,,,,7/25/23,Airbnb (API),,Confirmed,,,,,,,,,,95,,21.7,25.32,,,,,,,,,,,362,5,Airbnb,Lantana Dome,362
OLD CB,Sean Tyler,,,,,2.97E+10,,,,,,,,,BUC(1),418,631.64,7/30/23,8/1/23,2,Buckeye Bungalow,631.64,,,,,7/25/23,Website/Booking Engine,,Checked Out,,,,,,,,,,95,45.98,33.54,39.12,,,,,,,,,,,559,5,Direct,Buckeye Bungalow,279
OLD CB,Judy Ann Luevano,,,,,7.55E+12,,,,,,,,,N/A,435,25.77,7/30/23,8/1/23,2,Juniper Haus,652.97,,,,,7/27/23,Website/Booking Engine,,Cancelled,,,7/29/23,,,,,,,95,47.85,34.67,40.45,,,,,,,,,,,578,3,Direct,Juniper Haus,289
OLD CB,La'Kayjha Womack,,,,,5.25E+12,,,,,,,,,SAF(1),441.83,0,7/30/23,7/31/23,1,Sage Safari,606.62,,,,,7/30/23,Airbnb (API),,Confirmed,,,,,,,,,,95,,32.21,37.58,,,,,,,,,,,537,0,Airbnb,Sage Safari,537
OLD CB,Jason White,,,,,4.95E+12,,,,,,,,,SPY(1),856,1181.04,7/31/23,8/2/23,2,Spyglass,1181.04,,,,,6/13/23,Website/Booking Engine,,Checked Out,,,,,,,,,,95,94.16,62.71,73.17,,,,,,,,,,,1045,48,Direct,Spyglass,523
OLD CB,Samantha Evangelista,,,,,9.28E+10,,,,,,,,,MON(1),448.61,0,7/31/23,8/1/23,1,Monarch,614.28,,,,,7/23/23,Airbnb (API),,Confirmed,,,,,,,,,,95,,32.62,38.05,,,,,,,,,,,544,8,Airbnb,Monarch,544
OLD CB,Daniel Roache,,,,,6.36E+12,,,,,,,,,DOM(1),269,444.76,7/31/23,8/1/23,1,Lantana Dome,444.76,,,,,7/31/23,Website/Booking Engine,,Checked Out,,,,,,,,,,95,29.59,23.62,27.55,,,,,,,,,,,394,0,Direct,Lantana Dome,394
OLD CB,Spencer Gwatney,,,,,8.83E+12,,,,,,,,,WAL(1),966,1319.02,8/1/23,8/4/23,3,Walnut House,1319.02,,,,,7/14/23,Website/Booking Engine,,Checked Out,,,,,,,,,,95,106.26,70.05,81.71,,,,,,,,,,,1167,18,Direct,Walnut House,389
OLD CB,Jaime Burgos,,,,,1.12E+12,,,,,,,,,N/A,471.21,0,8/1/23,8/2/23,1,Monarch,639.81,,,,,7/17/23,Airbnb (API),,Cancelled,,,7/25/23,,,,,,,95,,33.97,39.63,,,,,,,,,,,566,15,Airbnb,Monarch,566
OLD CB,Liam Dohn,,,,,2.20E+12,,,,,,,,,DOM(1),544,789.69,8/1/23,8/3/23,2,Lantana Dome,789.69,,,,,7/23/23,Website/Booking Engine,,Checked Out,,,,,,,,,,95,59.84,41.94,48.91,,,,,,,,,,,699,9,Direct,Lantana Dome,349
OLD CB,Nicole Warren,,,,,4.35E+12,,,,,,,,,N/A,835.07,0,8/1/23,8/3/23,2,Monarch,1050.98,,,,,7/24/23,Airbnb (API),,Cancelled,,,7/27/23,,,,,,,95,,55.8,65.11,,,,,,,,,,,930,8,Airbnb,Monarch,465
OLD CB,N/A N/A,,,,,5.05E+12,,,,,,,,,BUC(1),395.5,0,8/1/23,8/2/23,1,Buckeye Bungalow,554.27,,,,,7/27/23,Airbnb (API),,Confirmed,,,,,,,,,,95,,29.43,34.34,,,,,,,,,,,491,5,Airbnb,Buckeye Bungalow,491
OLD CB,Daniel Roache,,,,,8.31E+11,,,,,,,,,MON(1),644,915.13,8/1/23,8/3/23,2,Monarch,915.13,,,,,7/27/23,Website/Booking Engine,,Checked Out,,,,,,,,,,95,70.84,48.6,56.69,,,,,,,,,,,810,5,Direct,Monarch,405
OLD CB,Daisjahnee Nash,,,,,5.18E+12,,,,,,,,,SPY(1),1861.11,0,8/2/23,8/5/23,3,Spyglass,2210.41,,,,,6/23/23,Airbnb (API),,Confirmed,,,,,,,,,,95,,117.36,136.94,,,,,,,,,,,1956,40,Airbnb,Spyglass,652
OLD CB,Eric Fenlon,,,,,8.97E+12,,,,,,,,,BUC(1),255,427.19,8/2/23,8/3/23,1,Buckeye Bungalow,427.19,,,,,7/27/23,Website/Booking Engine,,Checked Out,,,,,,,,,,95,28.05,22.68,26.46,,,,,,,,,,,378,6,Direct,Buckeye Bungalow,378
OLD CB,Luke Torvinen,,,,,6.90E+12,,,,,,,,,CED(1),341.26,0,8/2/23,8/3/23,1,Cedar Haus,492.98,,,,,8/2/23,Airbnb (API),,Confirmed,,,,,,,,,,95,,26.18,30.54,,,,,,,,,,,436,0,Airbnb,Cedar Haus,436
OLD CB,Brianna Broussard,,,,,8.02E+11,,,,,,,,,BUC(1),1645.28,0,8/3/23,8/6/23,3,Buckeye Bungalow,1966.53,,,,,6/11/23,Airbnb (API),,Confirmed,,,,,,,,,,95,,104.43,121.82,,,,,,,,,,,1740,53,Airbnb,Buckeye Bungalow,580
OLD CB,Zack Mahan,,,,,7.34E+12,,,,,,,,,MON(1),2263.39,0,8/3/23,8/6/23,3,Monarch,2664.98,,,,,6/28/23,Airbnb (API),,Confirmed,,,,,,,,,,95,,141.51,165.08,,,,,,,,,,,2358,36,Airbnb,Monarch,786
OLD CB,Liliana Gonzalez,,,,,6.25E+12,,,,,,,,,OAK(1),1216,1632.58,8/3/23,8/5/23,2,Live Oak Lodge,1632.58,,,,,7/3/23,Website/Booking Engine,,Checked Out,,,,,,,,,,95,133.76,86.68,101.14,,,,,,,,,,,1445,31,Direct,Live Oak Lodge,722
OLD CB,Grace Drummond,,,,,8.69E+12,,,,,,,,,COC(1),463.3,0,8/3/23,8/4/23,1,Cocoon,630.88,,,,,7/7/23,Airbnb (API),,Confirmed,,,,,,,,,,95,,33.5,39.08,,,,,,,,,,,558,27,Airbnb,Cocoon,558
OLD CB,Cristina Salinas,,,,,6.31E+12,,,,,,,,,DOM(1),272,448.52,8/3/23,8/4/23,1,Lantana Dome,448.52,,,,,7/20/23,Website/Booking Engine,,Checked Out,,,,,,,,,,95,29.92,23.82,27.78,,,,,,,,,,,397,14,Direct,Lantana Dome,397
OLD CB,Dana Wilks,,,,,9.42E+12,,,,,,,,,SAF(1),1820.43,0,8/4/23,8/6/23,2,Sage Safari,2164.43,,,,,7/7/23,Airbnb (API),,Confirmed,,,,,,,,,,95,,114.92,134.08,,,,,,,,,,,1915,28,Airbnb,Sage Safari,958
OLD CB,Timothy Dean,,,,,9.77E+12,,,,,,,,,WAL(1),1506,1996.33,8/4/23,8/6/23,2,Walnut House,1996.33,,,,,7/13/23,Website/Booking Engine,,Checked Out,,,,,,,,,,95,165.66,106,123.67,,,,,,,,,,,1767,22,Direct,Walnut House,883
OLD CB,Michelle Senne,,,,,2.67E+12,,,,,,,,,DOM(1),1187.63,0,8/4/23,8/6/23,2,Lantana Dome,1449.38,,,,,7/20/23,Airbnb (API),,Confirmed,,,,,,,,,,95,,76.96,89.79,,,,,,,,,,,1283,15,Airbnb,Lantana Dome,641
OLD CB,Elizabeth Hartwig,,,,,4.24E+11,,,,,,,,,PEC(1),726,1017.99,8/4/23,8/6/23,2,Pecan Haus,1017.99,,,,,7/26/23,Website/Booking Engine,,Checked Out,,,,,,,,,,95,79.86,54.06,63.07,,,,,,,,,,,901,9,Direct,Pecan Haus,450
OLD CB,Kirill Osipov,,,,,6.11E+12,,,,,,,,,N/A,199,-10.78,8/4/23,8/5/23,1,Juniper Haus,356.95,,,,,8/4/23,Website/Booking Engine,,Cancelled,,,8/5/23,,,,,,,95,21.89,18.95,22.11,,,,,,,,,,,316,0,Direct,Juniper Haus,316
OLD CB,Brandon Elliott,,,,,9.06E+12,,,,,,,,,JUN(1),478,903.84,8/4/23,8/6/23,2,Juniper Haus,706.9,,,,,8/4/23,Website/Booking Engine,,Confirmed,,,,,,,,,,95,52.58,37.53,43.79,,,,,,,,,,,626,0,Direct,Juniper Haus,313
OLD CB,Brittany Reichenau,,,,,7.04E+12,,,,,,,,,SPY(1),952.59,0,8/5/23,8/6/23,1,Spyglass,1183.78,,,,,7/17/23,Airbnb (API),,Confirmed,,,,,,,,,,95,,62.86,73.33,,,,,,,,,,,1048,19,Airbnb,Spyglass,1048
OLD CB,Astrid Garcia,,,,,4.18E+12,,,,,,,,,OAK(1),835,1154.69,8/5/23,8/7/23,2,Live Oak Lodge,1154.69,,,,,7/28/23,Website/Booking Engine,,Checked Out,,,,,,,,,,95,91.85,61.31,71.53,,,,,,,,,,,1022,8,Direct,Live Oak Lodge,511
OLD CB,Tori Kropf,,,,,8.46E+12,,,,,,,,,SPY(1),1406.85,0,8/6/23,8/8/23,2,Spyglass,1697.1,,,,,6/6/23,Airbnb (API),,Confirmed,,,,,,,,,,95,,90.12,105.13,,,,,,,,,,,1502,61,Airbnb,Spyglass,751
OLD CB,Jeramy Kitchens,,,,,4.77E+12,,,,,,,,,MON(1),1034,1404.29,8/6/23,8/8/23,2,Monarch,1404.29,,,,,7/23/23,Website/Booking Engine,,Checked Out,,,,,,,,,,95,113.74,74.56,86.99,,,,,,,,,,,1243,14,Direct,Monarch,621
OLD CB,isaias alba,,,,,9.62E+12,,,,,,,,,COC(1),288,468.59,8/6/23,8/7/23,1,Cocoon,468.59,,,,,7/30/23,Website/Booking Engine,,Checked Out,,,,,,,,,,95,31.68,24.88,29.03,,,,,,,,,,,415,7,Direct,Cocoon,415
OLD CB,NATHAN MANSFIELD,,,,,9.18E+12,,,,,,,,,DOM(1),352,548.86,8/6/23,8/7/23,1,Lantana Dome,548.86,,,,,8/1/23,Website/Booking Engine,,Checked Out,,,,,,,,,,95,38.72,29.14,34,,,,,,,,,,,486,5,Direct,Lantana Dome,486
OLD CB,Gabriel Petty,,,,,5.25E+12,,,,,,,,,WAL(1),577.43,0,8/6/23,8/7/23,1,Walnut House,759.85,,,,,8/2/23,Airbnb (API),,Confirmed,,,,,,,,,,95,,40.35,47.07,,,,,,,,,,,672,4,Airbnb,Walnut House,672
OLD CB,Mary Velasco,,,,,2.47E+12,,,,,,,,,WAL(1),663.31,0,8/7/23,8/9/23,2,Walnut House,856.9,,,,,8/5/23,Airbnb (API),,Confirmed,,,,,,,,,,95,,45.5,53.09,,,,,,,,,,,758,2,Airbnb,Walnut House,379
OLD CB,Chad Hanak,,,,,3.27E+12,,,,,,,,,SAF(1),964,1316.48,8/8/23,8/11/23,3,Sage Safari,1316.48,,,,,7/24/23,Website/Booking Engine,,Checked Out,,,,,,,,,,95,106.04,69.89,81.55,,,,,,,,,,,1165,15,Direct,Sage Safari,388
OLD CB,Taylor Pease,,,,,3.77E+12,,,,,,,,,BUC(1),445,665.52,8/8/23,8/10/23,2,Buckeye Bungalow,665.52,,,,,8/2/23,Website/Booking Engine,,Checked Out,,,,,,,,,,95,48.95,35.34,41.23,,,,,,,,,,,589,6,Direct,Buckeye Bungalow,294
OLD CB,Giselle Rodriguez,,,,,1.60E+12,,,,,,,,,COC(1),374.03,0,8/8/23,8/9/23,1,Cocoon,530,,,,,8/4/23,Airbnb (API),,Confirmed,,,,,,,,,,95,,28.14,32.83,,,,,,,,,,,469,4,Airbnb,Cocoon,469
OLD CB,Maris Leman,,,,,8.38E+12,,,,,,,,,CED(1),647,918.87,8/8/23,8/11/23,3,Cedar Haus,918.87,,,,,8/7/23,Website/Booking Engine,,Checked Out,,,,,,,,,,95,71.17,48.79,56.91,,,,,,,,,,,813,1,Direct,Cedar Haus,271
OLD CB,Abraham Shaheen,,,,,3.86E+12,,,,,,,,,"COC(1), DOM(1)",491,830.56,8/9/23,8/10/23,1,"Cocoon, Lantana Dome",830.56,,,,,7/31/23,Website/Booking Engine,,Checked Out,,,,,,,,,,190,54.01,44.1,51.45,,,,,,,,,,,735,9,Direct,"Cocoon, Lantana Dome",735
OLD CB,Waylon Wolfe,,,,,6.98E+12,,,,,,,,,MON(1),2263.39,0,8/10/23,8/13/23,3,Monarch,2664.98,,,,,6/3/23,Airbnb (API),,Confirmed,,,,,,,,,,95,,141.51,165.08,,,,,,,,,,,2358,68,Airbnb,Monarch,786
OLD CB,Brigitte Bonchay,,,,,5.16E+12,,,,,,,,,BUC(1),1320,1763.02,8/10/23,8/13/23,3,Buckeye Bungalow,1763.02,,,,,6/29/23,Website/Booking Engine,,Checked Out,,,,,,,,,,95,145.2,93.61,109.21,,,,,,,,,,,1560,42,Direct,Buckeye Bungalow,520
OLD CB,James Showery,,,,,4.41E+12,,,,,,,,,SPY(1),1406.85,0,8/10/23,8/12/23,2,Spyglass,1697.1,,,,,7/8/23,Airbnb (API),,Confirmed,,,,,,,,,,95,,90.12,105.13,,,,,,,,,,,1502,33,Airbnb,Spyglass,751
OLD CB,Bryan Aranda,,,,,9.74E+12,,,,,,,,,DOM(1),1931.17,0,8/10/23,8/13/23,3,Lantana Dome,2289.56,,,,,7/11/23,Airbnb (API),,Confirmed,,,,,,,,,,95,,121.56,141.83,,,,,,,,,,,2026,30,Airbnb,Lantana Dome,675
OLD CB,Alyssa Linares,,,,,6.96E+12,,,,,,,,,COC(1),1042,1414.33,8/11/23,8/13/23,2,Cocoon,1414.33,,,,,6/27/23,Website/Booking Engine,,Checked Out,,,,,,,,,,95,114.62,75.1,87.61,,,,,,,,,,,1252,45,Direct,Cocoon,626
OLD CB,Dehlia Wallis,,,,,6.79E+12,,,,,,,,,JUN(1),726,1017.99,8/11/23,8/13/23,2,Juniper Haus,1017.99,,,,,7/14/23,Website/Booking Engine,,Checked Out,,,,,,,,,,95,79.86,54.06,63.07,,,,,,,,,,,901,28,Direct,Juniper Haus,450
OLD CB,Amber Lamontagne,,,,,8.24E+12,,,,,,,,,OAK(1),1835,2409,8/11/23,8/14/23,3,Live Oak Lodge,2409,,,,,8/5/23,Website/Booking Engine,,Checked Out,,,,,,,,,,95,201.85,127.92,149.23,,,,,,,,,,,2132,6,Direct,Live Oak Lodge,711
OLD CB,Felipe Yoshioka,,,,,7.39E+12,,,,,,,,,CED(1),380,583.97,8/11/23,8/13/23,2,Cedar Haus,583.97,,,,,8/10/23,Website/Booking Engine,,Checked Out,,,,,,,,,,95,41.8,31,36.17,,,,,,,,,,,517,1,Direct,Cedar Haus,258
OLD CB,Jack Strange,,,,,7.11E+12,,,,,,,,,SPY(1),936.77,0,8/12/23,8/13/23,1,Spyglass,1165.9,,,,,8/11/23,Airbnb (API),,Confirmed,,,,,,,,,,95,,61.91,72.22,,,,,,,,,,,1032,1,Airbnb,Spyglass,1032
OLD CB,Susan Barr,,,,,1.68E+12,,,,,,,,,WAL(1),379,582.73,8/12/23,8/13/23,1,Walnut House,582.73,,,,,8/12/23,Website/Booking Engine,,Checked Out,,,,,,,,,,95,41.69,30.94,36.1,,,,,,,,,,,516,0,Direct,Walnut House,516
OLD CB,Cynthia Segovia,,,,,6.00E+12,,,,,,,,,SAF(1),379,582.73,8/12/23,8/13/23,1,Sage Safari,582.73,,,,,8/12/23,Website/Booking Engine,,Checked Out,,,,,,,,,,95,41.69,30.94,36.1,,,,,,,,,,,516,0,Direct,Sage Safari,516
OLD CB,Sara Hilgendorf,,,,,1.84E+12,,,,,,,,,PEC(1),629.41,0,8/12/23,8/14/23,2,Pecan Haus,818.58,,,,,8/12/23,Airbnb (API),,Confirmed,,,,,,,,,,95,,43.46,50.71,,,,,,,,,,,724,0,Airbnb,Pecan Haus,362
OLD CB,Brandon Wong,,,,,3.59E+12,,,,,,,,,SPY(1),929.99,0,8/13/23,8/15/23,2,Spyglass,1158.24,,,,,7/18/23,Airbnb (API),,Confirmed,,,,,,,,,,95,,61.5,71.75,,,,,,,,,,,1025,26,Airbnb,Spyglass,512
OLD CB,Wynne Reneau,,,,,9.43E+12,,,,,,,,,N/A,733,-25,8/13/23,8/15/23,2,Sage Safari,1026.74,,,,,7/19/23,Website/Booking Engine,,Cancelled,,,8/6/23,,,,,,,95,80.63,54.51,63.6,,,,,,,,,,,909,25,Direct,Sage Safari,454
OLD CB,Adanica Garza,,,,,1.64E+12,,,,,,,,,MON(1),935.64,0,8/13/23,8/15/23,2,Monarch,1164.63,,,,,7/26/23,Airbnb (API),,Confirmed,,,,,,,,,,95,,61.84,72.15,,,,,,,,,,,1031,18,Airbnb,Monarch,515
OLD CB,Nina McKenzie,,,,,3.54E+12,,,,,,,,,COC(1),707,994.15,8/13/23,8/16/23,3,Cocoon,994.15,,,,,8/3/23,Website/Booking Engine,,Checked Out,,,,,,,,,,95,77.77,52.79,61.59,,,,,,,,,,,880,10,Direct,Cocoon,293
OLD CB,Nate Ryan,,,,,9.27E+12,,,,,,,,,BUC(1),235,402.11,8/13/23,8/14/23,1,Buckeye Bungalow,402.11,,,,,8/11/23,Website/Booking Engine,,Checked Out,,,,,,,,,,95,25.85,21.35,24.91,,,,,,,,,,,356,2,Direct,Buckeye Bungalow,356
OLD CB,Adriana Vega,,,,,3.21E+12,,,,,,,,,WAL(1),633,901.3,8/14/23,8/17/23,3,Walnut House,901.3,,,,,8/1/23,Website/Booking Engine,,Checked Out,,,,,,,,,,95,69.63,47.85,55.82,,,,,,,,,,,798,13,Direct,Walnut House,266
OLD CB,Bianca Hill,,,,,7.32E+12,,,,,,,,,SAF(1),674.61,0,8/14/23,8/16/23,2,Sage Safari,869.66,,,,,8/11/23,Airbnb (API),,Confirmed,,,,,,,,,,95,,46.18,53.87,,,,,,,,,,,770,3,Airbnb,Sage Safari,385
OLD CB,Jessica Stuart,,,,,7.07E+11,,,,,,,,,CED(1),326.57,0,8/14/23,8/15/23,1,Cedar Haus,476.37,,,,,8/14/23,Airbnb (API),,Confirmed,,,,,,,,,,95,,25.29,29.51,,,,,,,,,,,422,0,Airbnb,Cedar Haus,422
OLD CB,Luna Lopez,,,,,5.20E+12,,,,,,,,,MON(1),584.21,0,8/15/23,8/17/23,2,Monarch,767.52,,,,,7/31/23,Airbnb (API),,Confirmed,,,,,,,,,,95,,40.76,47.55,,,,,,,,,,,679,15,Airbnb,Monarch,340
OLD CB,Devin Knedlik,,,,,2.13E+12,,,,,,,,,SPY(1),211,372,8/15/23,8/16/23,1,Spyglass,372,,,,,8/2/23,Website/Booking Engine,,Checked Out,,,,,,,,,,95,23.21,19.75,23.04,,,,,,,,,,,329,13,Direct,Spyglass,329
OLD CB,Kyle Mulligan,,,,,1.57E+12,,,,,,,,,DOM(1),510,747.03,8/15/23,8/17/23,2,Lantana Dome,747.03,,,,,8/5/23,Website/Booking Engine,,Checked Out,,,,,,,,,,95,56.1,39.66,46.27,,,,,,,,,,,661,10,Direct,Lantana Dome,331
OLD CB,Patricia Trevino,,,,,1.21E+12,,,,,,,,,OAK(1),296,478.62,8/16/23,8/17/23,1,Live Oak Lodge,478.62,,,,,7/25/23,Website/Booking Engine,,Checked Out,,,,,,,,,,95,32.56,25.41,29.65,,,,,,,,,,,424,22,Direct,Live Oak Lodge,424
OLD CB,Sameer Prashar,,,,,6.32E+10,,,,,,,,,SAF(1),281,459.8,8/16/23,8/17/23,1,Sage Safari,459.8,,,,,7/26/23,Website/Booking Engine,,Checked Out,,,,,,,,,,95,30.91,24.41,28.48,,,,,,,,,,,407,21,Direct,Sage Safari,407
OLD CB,Roberto Pina,,,,,5.60E+12,,,,,,,,,SPY(1),211,372,8/16/23,8/17/23,1,Spyglass,372,,,,,8/3/23,Website/Booking Engine,,Checked Out,,,,,,,,,,95,23.21,19.75,23.04,,,,,,,,,,,329,13,Direct,Spyglass,329
OLD CB,Sayde Rodriguez,,,,,4.61E+12,,,,,,,,,CED(1),194,350.68,8/16/23,8/17/23,1,Cedar Haus,350.68,,,,,8/15/23,Website/Booking Engine,,Checked Out,,,,,,,,,,95,21.34,18.62,21.72,,,,,,,,,,,310,1,Direct,Cedar Haus,310
OLD CB,Alizaha McClure,,,,,8.33E+12,,,,,,,,,BUC(1),236,403.37,8/16/23,8/17/23,1,Buckeye Bungalow,403.37,,,,,8/15/23,Website/Booking Engine,,Checked Out,,,,,,,,,,95,25.96,21.42,24.99,,,,,,,,,,,357,1,Direct,Buckeye Bungalow,357
OLD CB,Jennifer Theisen,,,,,1.02E+12,,,,,,,,,PEC(1),1348,1798.17,8/17/23,8/21/23,4,Pecan Haus,1798.17,,,,,6/21/23,Website/Booking Engine,,Checked Out,,,,,,,,,,95,148.28,95.49,111.4,,,,,,,,,,,1591,57,Direct,Pecan Haus,398
OLD CB,Gabi Tapia,,,,,1.89E+12,,,,,,,,,OAK(1),1244.39,1660.97,8/17/23,8/19/23,2,Live Oak Lodge,1660.97,,,,,7/23/23,Website/Booking Engine,,Checked Out,,,,,,,,,,95,133.76,86.68,101.14,,,,,,,,,,,1473,25,Direct,Live Oak Lodge,737
OLD CB,Patricia Trevino,,,,,8.49E+12,,,,,,,,,SAF(1),462,686.84,8/17/23,8/18/23,1,Sage Safari,686.84,,,,,7/25/23,Website/Booking Engine,,Checked Out,,,,,,,,,,95,50.82,36.47,42.55,,,,,,,,,,,608,23,Direct,Sage Safari,608
OLD CB,Thomas Contreras,,,,,1.20E+12,,,,,,,,,DOM(1),391,597.78,8/17/23,8/18/23,1,Lantana Dome,597.78,,,,,7/30/23,Website/Booking Engine,,Checked Out,,,,,,,,,,95,43.01,31.74,37.03,,,,,,,,,,,529,18,Direct,Lantana Dome,529
OLD CB,Kris Kehe,,,,,9.87E+12,,,,,,,,,BUC(1),1402.33,0,8/18/23,8/20/23,2,Buckeye Bungalow,1691.98,,,,,7/9/23,Airbnb (API),,Confirmed,,,,,,,,,,95,,89.84,104.81,,,,,,,,,,,1497,40,Airbnb,Buckeye Bungalow,749
OLD CB,Blake A Holt,,,,,8.28E+12,,,,,,,,,N/A,799,32.48,8/18/23,8/20/23,2,Cedar Haus,1109.55,,,,,7/12/23,Website/Booking Engine,,Cancelled,,,8/10/23,,,,,,,95,87.89,58.92,68.74,,,,,,,,,,,982,37,Direct,Cedar Haus,491
OLD CB,Becky Suarez,,,,,7.09E+12,,,,,,,,,DOM(1),1604,2119.24,8/18/23,8/20/23,2,Lantana Dome,2119.24,,,,,7/29/23,Website/Booking Engine,,Checked Out,,,,,,,,,,95,176.44,112.52,131.28,,,,,,,,,,,1875,20,Direct,Lantana Dome,938
OLD CB,Jessica Cantu,,,,,7.30E+12,,,,,,,,,SPY(1),1897,2486.75,8/18/23,8/20/23,2,Spyglass,2486.75,,,,,8/13/23,Website/Booking Engine,,Checked Out,,,,,,,,,,95,208.67,132.04,154.04,,,,,,,,,,,2201,5,Direct,Spyglass,1100
OLD CB,Connor Christian,,,,,2.94E+12,,,,,,,,,JUN(1),314.14,0,8/18/23,8/19/23,1,Juniper Haus,462.33,,,,,8/18/23,Airbnb (API),,Confirmed,,,,,,,,,,95,,24.55,28.64,,,,,,,,,,,409,0,Airbnb,Juniper Haus,409
OLD CB,Vu Nguyen,,,,,9.40E+12,,,,,,,,,WAL(1),1288,1722.88,8/18/23,8/20/23,2,Walnut House,1722.88,,,,,8/18/23,Website/Booking Engine,,Checked Out,,,,,,,,,,95,141.68,91.48,106.72,,,,,,,,,,,1525,0,Direct,Walnut House,762
OLD CB,Mercy Kimaliny,,,,,3.04E+12,,,,,,,,,JUN(1),726,1017.99,8/19/23,8/21/23,2,Juniper Haus,1017.99,,,,,6/29/23,Website/Booking Engine,,Checked Out,,,,,,,,,,95,79.86,54.06,63.07,,,,,,,,,,,901,51,Direct,Juniper Haus,450
OLD CB,Will Drumwright,,,,,1.64E+12,,,,,,,,,MON(1),1808,2375.13,8/19/23,8/21/23,2,Monarch,2375.13,,,,,6/30/23,Website/Booking Engine,,Checked Out,,,,,,,,,,95,198.88,126.12,147.13,,,,,,,,,,,2102,50,Direct,Monarch,1051
OLD CB,Paola Lujan-Hayes,,,,,3.89E+12,,,,,,,,,COC(1),1565,2070.34,8/19/23,8/22/23,3,Cocoon,2070.34,,,,,7/10/23,Website/Booking Engine,,Checked Out,,,,,,,,,,95,172.15,109.94,128.25,,,,,,,,,,,1832,40,Direct,Cocoon,611
OLD CB,Monica Castillo,,,,,3.85E+12,,,,,,,,,OAK(1),740.15,0,8/19/23,8/20/23,1,Live Oak Lodge,943.72,,,,,8/19/23,Airbnb (API),,Confirmed,,,,,,,,,,95,,50.11,58.46,,,,,,,,,,,835,0,Airbnb,Live Oak Lodge,835
OLD CB,Joseph Ruff,,,,,8.13E+12,,,,,,,,,SAF(1),859.93,0,8/19/23,8/21/23,2,Sage Safari,1079.08,,,,,8/19/23,Airbnb (API),,Confirmed,,,,,,,,,,95,,57.3,66.85,,,,,,,,,,,955,0,Airbnb,Sage Safari,477
OLD CB,Jennifer Jahn,,,,,1.02E+12,,,,,,,,,SPY(1),400.02,0,8/20/23,8/21/23,1,Spyglass,559.37,,,,,8/18/23,Airbnb (API),,Confirmed,,,,,,,,,,95,,29.7,34.65,,,,,,,,,,,495,2,Airbnb,Spyglass,495
OLD CB,Jorge Munoz,,,,,3.56E+12,,,,,,,,,SAF(1),804,1115.81,8/21/23,8/23/23,2,Sage Safari,1115.81,,,,,6/29/23,Website/Booking Engine,,Checked Out,,,,,,,,,,95,88.44,59.24,69.13,,,,,,,,,,,987,53,Direct,Sage Safari,494
OLD CB,Brian Traxler,,,,,2.62E+12,,,,,,,,,N/A,2944.78,0,8/21/23,8/26/23,5,Monarch,3434.98,,,,,7/23/23,Airbnb (API),,Cancelled,,,7/23/23,,,,,,,95,,182.4,212.8,,,,,,,,,,,3040,29,Airbnb,Monarch,608
OLD CB,Jesus Navarro,,,,,7.66E+12,,,,,,,,,SPY(1),402,611.58,8/21/23,8/22/23,1,Spyglass,611.58,,,,,8/13/23,Website/Booking Engine,,Checked Out,,,,,,,,,,95,44.22,32.47,37.89,,,,,,,,,,,541,8,Direct,Spyglass,541
OLD CB,MICHAEL FRIEND,,,,,1.24E+12,,,,,,,,,BUC(1),315,502.46,8/22/23,8/23/23,1,Buckeye Bungalow,502.46,,,,,8/4/23,Website/Booking Engine,,Checked Out,,,,,,,,,,95,34.65,26.68,31.13,,,,,,,,,,,445,18,Direct,Buckeye Bungalow,445
OLD CB,Kelly Jackson,,,,,1.34E+12,,,,,,,,,DOM(1),340,533.81,8/22/23,8/23/23,1,Lantana Dome,533.81,,,,,8/13/23,Website/Booking Engine,,Checked Out,,,,,,,,,,95,37.4,28.34,33.07,,,,,,,,,,,472,9,Direct,Lantana Dome,472
OLD CB,America Ramirez,,,,,3.96E+11,,,,,,,,,COC(1),819.25,0,8/23/23,8/25/23,2,Cocoon,1033.1,,,,,8/3/23,Airbnb (API),,Confirmed,,,,,,,,,,95,,54.86,63.99,,,,,,,,,,,914,20,Airbnb,Cocoon,457
OLD CB,Kaylee Geers,,,,,5.61E+12,,,,,,,,,MON(1),833.94,0,8/23/23,8/25/23,2,Monarch,1049.71,,,,,8/11/23,Airbnb (API),,Confirmed,,,,,,,,,,95,,55.74,65.03,,,,,,,,,,,929,12,Airbnb,Monarch,464
OLD CB,Mauricio Ruiz,,,,,3.43E+11,,,,,,,,,SPY(1),301,484.9,8/23/23,8/24/23,1,Spyglass,484.9,,,,,8/18/23,Website/Booking Engine,,Checked Out,,,,,,,,,,95,33.11,25.75,30.04,,,,,,,,,,,429,5,Direct,Spyglass,429
OLD CB,Bria White,,,,,7.25E+11,,,,,,,,,WAL(1),301,484.9,8/23/23,8/24/23,1,Walnut House,484.9,,,,,8/18/23,Website/Booking Engine,,Checked Out,,,,,,,,,,95,33.11,25.75,30.04,,,,,,,,,,,429,5,Direct,Walnut House,429
OLD CB,Andia Bruce,,,,,6.99E+12,,,,,,,,,BUC(1),343.52,0,8/23/23,8/24/23,1,Buckeye Bungalow,495.53,,,,,8/21/23,Airbnb (API),,Confirmed,,,,,,,,,,95,,26.31,30.7,,,,,,,,,,,439,2,Airbnb,Buckeye Bungalow,439
OLD CB,Toby Bishop,,,,,7.20E+12,,,,,,,,,SAF(1),627.15,0,8/23/23,8/25/23,2,Sage Safari,816.02,,,,,8/21/23,Airbnb (API),,Confirmed,,,,,,,,,,95,,43.32,50.55,,,,,,,,,,,722,2,Airbnb,Sage Safari,361
OLD CB,Jerik Deleon,,,,,3.27E+12,,,,,,,,,DOM(1),549,795.96,8/23/23,8/25/23,2,Lantana Dome,795.96,,,,,8/21/23,Website/Booking Engine,,Checked Out,,,,,,,,,,95,60.39,42.26,49.31,,,,,,,,,,,704,2,Direct,Lantana Dome,352
OLD CB,Jen LeViseur,,,,,6.06E+12,,,,,,,,,SPY(1),374.03,0,8/24/23,8/25/23,1,Spyglass,530,,,,,8/21/23,Airbnb (API),,Confirmed,,,,,,,,,,95,,28.14,32.83,,,,,,,,,,,469,3,Airbnb,Spyglass,469
OLD CB,Logan Williams,,,,,4.24E+12,,,,,,,,,JUN(1),602.65,860.8,8/24/23,8/27/23,3,Juniper Haus,860.8,,,,,8/24/23,Website/Booking Engine,,Checked Out,,,,,,,,,,95,65.23,45.19,52.73,,,,,,,,,,,763,0,Direct,Juniper Haus,254
OLD CB,Carissa Turner,,,,,4.20E+12,,,,,,,,,OAK(1),1586,2096.67,8/25/23,8/27/23,2,Live Oak Lodge,2096.67,,,,,6/18/23,Website/Booking Engine,,Checked Out,,,,,,,,,,95,174.46,111.32,129.89,,,,,,,,,,,1855,68,Direct,Live Oak Lodge,928
OLD CB,Matt Redecop,,,,,6.05E+12,,,,,,,,,SPY(1),1803.48,0,8/25/23,8/27/23,2,Spyglass,2145.27,,,,,7/21/23,Airbnb (API),,Confirmed,,,,,,,,,,95,,113.9,132.89,,,,,,,,,,,1898,35,Airbnb,Spyglass,949
OLD CB,Jacquelyn Hunter,,,,,5.00E+12,,,,,,,,,SAF(1),1989.93,0,8/25/23,8/27/23,2,Sage Safari,2355.98,,,,,7/25/23,Airbnb (API),,Confirmed,,,,,,,,,,95,,125.1,145.95,,,,,,,,,,,2085,31,Airbnb,Sage Safari,1042
OLD CB,Ana Pope,,,,,3.75E+12,,,,,,,,,MON(1),1988,2600.9,8/25/23,8/27/23,2,Monarch,2600.9,,,,,8/5/23,Website/Booking Engine,,Checked Out,,,,,,,,,,95,218.68,138.1,161.12,,,,,,,,,,,2302,20,Direct,Monarch,1151
OLD CB,Gerald Engel,,,,,3.62E+11,,,,,,,,,WAL(1),501.72,0,8/25/23,8/26/23,1,Walnut House,674.29,,,,,8/25/23,Airbnb (API),,Confirmed,,,,,,,,,,95,,35.8,41.77,,,,,,,,,,,597,0,Airbnb,Walnut House,597
OLD CB,Wayne Roberson,,,,,6.81E+12,,,,,,,,,PEC(1),296.06,0,8/25/23,8/26/23,1,Pecan Haus,441.89,,,,,8/25/23,Airbnb (API),,Confirmed,,,,,,,,,,95,,23.46,27.37,,,,,,,,,,,391,0,Airbnb,Pecan Haus,391
OLD CB,Eli Pacheco,,,,,4.71E+12,,,,,,,,,CED(1),167,316.82,8/25/23,8/26/23,1,Cedar Haus,316.82,,,,,8/25/23,Website/Booking Engine,,Checked Out,,,,,,,,,,95,18.37,16.82,19.63,,,,,,,,,,,280,0,Direct,Cedar Haus,280
OLD CB,Jude Marquez,,,,,6.69E+12,,,,,,,,,BUC(1),698,982.85,8/25/23,8/27/23,2,Buckeye Bungalow,982.85,,,,,8/25/23,Website/Booking Engine,,Checked Out,,,,,,,,,,95,76.78,52.18,60.89,,,,,,,,,,,870,0,Direct,Buckeye Bungalow,435
OLD CB,Robert Young,,,,,5.16E+12,,,,,,,,,COC(1),698,982.85,8/25/23,8/27/23,2,Cocoon,982.85,,,,,8/25/23,Website/Booking Engine,,Checked Out,,,,,,,,,,95,76.78,52.18,60.89,,,,,,,,,,,870,0,Direct,Cocoon,435
OLD CB,Wendy Ochoa,,,,,9.64E+12,,,,,,,,,DOM(1),747,1044.3,8/26/23,8/29/23,3,Lantana Dome,1044.3,,,,,8/24/23,Website/Booking Engine,,Checked Out,,,,,,,,,,95,82.17,55.44,64.69,,,,,,,,,,,924,2,Direct,Lantana Dome,308
OLD CB,Lexis Medina,,,,,9.27E+12,,,,,,,,,CED(1),296.06,0,8/26/23,8/27/23,1,Cedar Haus,441.89,,,,,8/25/23,Airbnb (API),,Confirmed,,,,,,,,,,95,,23.46,27.37,,,,,,,,,,,391,1,Airbnb,Cedar Haus,391
OLD CB,Eric Thiergood,,,,,2.14E+12,,,,,,,,,WAL(1),349,545.1,8/26/23,8/27/23,1,Walnut House,545.1,,,,,8/25/23,Website/Booking Engine,,Checked Out,,,,,,,,,,95,38.39,28.94,33.77,,,,,,,,,,,482,1,Direct,Walnut House,482
OLD CB,Evy Paulino,,,,,1.03E+12,,,,,,,,,PEC(1),296.06,0,8/26/23,8/27/23,1,Pecan Haus,441.89,,,,,8/26/23,Airbnb (API),,Confirmed,,,,,,,,,,95,,23.46,27.37,,,,,,,,,,,391,0,Airbnb,Pecan Haus,391
OLD CB,Ashley Setzekorn,,,,,4.10E+12,,,,,,,,,MON(1),618.11,0,8/27/23,8/28/23,1,Monarch,805.82,,,,,8/9/23,Airbnb (API),,Confirmed,,,,,,,,,,95,,42.79,49.92,,,,,,,,,,,713,18,Airbnb,Monarch,713
OLD CB,Manuel Sordo,,,,,6.35E+11,,,,,,,,,SPY(1),854,1178.52,8/27/23,8/29/23,2,Spyglass,1178.52,,,,,8/15/23,Website/Booking Engine,,Checked Out,,,,,,,,,,95,93.94,62.57,73.01,,,,,,,,,,,1043,12,Direct,Spyglass,521
OLD CB,Vanessa Rojas,,,,,8.14E+12,,,,,,,,,OAK(1),343.52,0,8/27/23,8/28/23,1,Live Oak Lodge,495.53,,,,,8/24/23,Airbnb (API),,Confirmed,,,,,,,,,,95,,26.31,30.7,,,,,,,,,,,439,3,Airbnb,Live Oak Lodge,439
OLD CB,Jose Gamez,,,,,8.83E+12,,,,,,,,,WAL(1),199,356.95,8/27/23,8/28/23,1,Walnut House,356.95,,,,,8/27/23,Website/Booking Engine,,Checked Out,,,,,,,,,,95,21.89,18.95,22.11,,,,,,,,,,,316,0,Direct,Walnut House,316
OLD CB,Cyn Kallies,,,,,4.14E+12,,,,,,,,,SAF(1),683.65,0,8/27/23,8/29/23,2,Sage Safari,879.88,,,,,8/27/23,Airbnb (API),,Confirmed,,,,,,,,,,95,,46.72,54.51,,,,,,,,,,,779,0,Airbnb,Sage Safari,389
OLD CB,Grace Palmer,,,,,1.22E+12,,,,,,,,,JUN(1),518,757.07,8/28/23,8/30/23,2,Juniper Haus,757.07,,,,,8/5/23,Website/Booking Engine,,Checked Out,,,,,,,,,,95,56.98,40.2,46.89,,,,,,,,,,,670,23,Direct,Juniper Haus,335
OLD CB,Madison Buchanan,,,,,2.22E+12,,,,,,,,,MON(1),804,1115.81,8/28/23,8/30/23,2,Monarch,1115.81,,,,,8/6/23,Website/Booking Engine,,Checked Out,,,,,,,,,,95,88.44,59.24,69.13,,,,,,,,,,,987,22,Direct,Monarch,494
OLD CB,Adrian Barron,,,,,9.32E+11,,,,,,,,,N/A,423,637.92,8/28/23,8/29/23,1,Live Oak Lodge,637.92,,,,,8/12/23,Website/Booking Engine,,Cancelled,,,8/25/23,,,,,,,95,46.53,33.87,39.52,,,,,,,,,,,565,16,Direct,Live Oak Lodge,565
OLD CB,Jasmin Ventura,,,,,2.25E+12,,,,,,,,,COC(1),315,502.46,8/29/23,8/30/23,1,Cocoon,502.46,,,,,7/26/23,Website/Booking Engine,,Checked Out,,,,,,,,,,95,34.65,26.68,31.13,,,,,,,,,,,445,34,Direct,Cocoon,445
OLD CB,Jimmy Rodriguez,,,,,9.68E+12,,,,,,,,,DOM(1),491.55,0,8/29/23,8/30/23,1,Lantana Dome,662.8,,,,,7/28/23,Airbnb (API),,Confirmed,,,,,,,,,,95,,35.19,41.06,,,,,,,,,,,587,32,Airbnb,Lantana Dome,587
OLD CB,Evgeny Fedorchenko,,,,,7.05E+11,,,,,,,,,OAK(1),939,1285.13,8/29/23,9/1/23,3,Live Oak Lodge,1285.13,,,,,8/27/23,Website/Booking Engine,,Checked Out,,,,,,,,,,95,103.29,68.23,79.61,,,,,,,,,,,1137,2,Direct,Live Oak Lodge,379
OLD CB,Anneliese Velez Perez,,,,,6.51E+12,,,,,,,,,SPY(1),301,484.9,8/30/23,8/31/23,1,Spyglass,484.9,,,,,8/18/23,Website/Booking Engine,,Checked Out,,,,,,,,,,95,33.11,25.75,30.04,,,,,,,,,,,429,12,Direct,Spyglass,429
OLD CB,CARLOS RODRIGUEZ,,,,,7.82E+12,,,,,,,,,SAF(1),301,484.9,8/30/23,8/31/23,1,Sage Safari,484.9,,,,,8/27/23,Website/Booking Engine,,Checked Out,,,,,,,,,,95,33.11,25.75,30.04,,,,,,,,,,,429,3,Direct,Sage Safari,429
OLD CB,Laura Kellogg,,,,,7.65E+12,,,,,,,,,WAL(1),301,484.9,8/30/23,8/31/23,1,Walnut House,484.9,,,,,8/29/23,Website/Booking Engine,,Checked Out,,,,,,,,,,95,33.11,25.75,30.04,,,,,,,,,,,429,1,Direct,Walnut House,429
OLD CB,Mary Zagger,,,,,8.51E+12,,,,,,,,,WAL(1),402,611.58,8/31/23,9/1/23,1,Walnut House,611.58,,,,,8/3/23,Website/Booking Engine,,Checked Out,,,,,,,,,,95,44.22,32.47,37.89,,,,,,,,,,,541,28,Direct,Walnut House,541
OLD CB,Linh Huong,,,,,4.71E+12,,,,,,,,,SPY(1),1343,1791.88,8/31/23,9/2/23,2,Spyglass,1791.88,,,,,8/24/23,Website/Booking Engine,,Checked Out,,,,,,,,,,95,147.73,95.14,111.01,,,,,,,,,,,1586,7,Direct,Spyglass,793
OLD CB,Desaray Muma,,,,,7.56E+12,,,,,,,,,MON(1),3297.34,0,9/1/23,9/4/23,3,Monarch,3833.36,,,,,8/6/23,Airbnb (API),,Confirmed,,,,,,,,,,95,,203.55,237.47,,,,,,,,,,,3392,26,Airbnb,Monarch,1131
OLD CB,Mark Sheehan,,,,,2.98E+12,,,,,,,,,BUC(1),2388,3102.61,9/1/23,9/4/23,3,Buckeye Bungalow,3102.61,,,,,8/23/23,Website/Booking Engine,,Checked Out,,,,,,,,,,95,262.68,164.73,192.2,,,,,,,,,,,2746,9,Direct,Buckeye Bungalow,915
OLD CB,Steven Guy,,,,,3.62E+12,,,,,,,,,WAL(1),1621.55,0,9/1/23,9/3/23,2,Walnut House,1939.7,,,,,8/30/23,Airbnb (API),,Confirmed,,,,,,,,,,95,,103,120.15,,,,,,,,,,,1717,2,Airbnb,Walnut House,858
OLD CB,Lindsey McKann,,,,,8.90E+12,,,,,,,,,COC(1),1457.7,0,9/1/23,9/3/23,2,Cocoon,1754.55,,,,,8/30/23,Airbnb (API),,Confirmed,,,,,,,,,,95,,93.16,108.69,,,,,,,,,,,1553,2,Airbnb,Cocoon,776
OLD CB,Chandler Johnson,,,,,8.02E+12,,,,,,,,,SAF(1),1340,1788.11,9/1/23,9/3/23,2,Sage Safari,1788.11,,,,,8/30/23,Website/Booking Engine,,Checked Out,,,,,,,,,,95,147.4,94.94,110.77,,,,,,,,,,,1582,2,Direct,Sage Safari,791
OLD CB,Keith Owens,,,,,8.16E+11,,,,,,,,,N/A,569.52,0,9/1/23,9/2/23,1,Live Oak Lodge,750.91,,,,,8/31/23,Airbnb (API),,Cancelled,,,9/1/23,,,,,,,95,,39.87,46.52,,,,,,,,,,,665,1,Airbnb,Live Oak Lodge,665
OLD CB,David Strauss,,,,,8.91E+12,,,,,,,,,OAK(1),1984,2595.89,9/2/23,9/4/23,2,Live Oak Lodge,2595.89,,,,,7/30/23,Website/Booking Engine,,Checked Out,,,,,,,,,,95,218.24,137.84,160.81,,,,,,,,,,,2297,34,Direct,Live Oak Lodge,1149
OLD CB,Stephon Oakes,,,,,6.73E+12,,,,,,,,,PEC(1),872,1201.11,9/2/23,9/4/23,2,Pecan Haus,1201.11,,,,,7/31/23,Website/Booking Engine,,Checked Out,,,,,,,,,,95,95.92,63.78,74.41,,,,,,,,,,,1063,33,Direct,Pecan Haus,531
OLD CB,Blake Fernandez,,,,,4.66E+12,,,,,,,,,JUN(1),872,1201.11,9/2/23,9/4/23,2,Juniper Haus,1201.11,,,,,8/6/23,Website/Booking Engine,,Checked Out,,,,,,,,,,95,95.92,63.78,74.41,,,,,,,,,,,1063,27,Direct,Juniper Haus,531
OLD CB,Samuel Surratt,,,,,2.88E+12,,,,,,,,,CED(1),872,1201.11,9/2/23,9/4/23,2,Cedar Haus,1201.11,,,,,8/11/23,Website/Booking Engine,,Checked Out,,,,,,,,,,95,95.92,63.78,74.41,,,,,,,,,,,1063,22,Direct,Cedar Haus,531
OLD CB,Sarah Lorber,,,,,7.30E+12,,,,,,,,,DOM(1),1592,2104.19,9/2/23,9/4/23,2,Lantana Dome,2104.19,,,,,8/29/23,Website/Booking Engine,,Checked Out,,,,,,,,,,95,175.12,111.72,130.35,,,,,,,,,,,1862,4,Direct,Lantana Dome,931
OLD CB,Brett Neely,,,,,5.56E+12,,,,,,,,,COC(1),545.79,0,9/3/23,9/4/23,1,Cocoon,724.1,,,,,9/2/23,Airbnb (API),,Confirmed,,,,,,,,,,95,,38.45,44.86,,,,,,,,,,,641,1,Airbnb,Cocoon,641
OLD CB,Kathy Montserrat Montalvo,,,,,2.47E+12,,,,,,,,,SAF(1),507.37,0,9/3/23,9/4/23,1,Sage Safari,680.68,,,,,9/3/23,Airbnb (API),,Confirmed,,,,,,,,,,95,,36.14,42.17,,,,,,,,,,,602,0,Airbnb,Sage Safari,602
OLD CB,Donna Pack,,,,,4.26E+12,,,,,,,,,SPY(1),585,841.11,9/3/23,9/4/23,1,Spyglass,841.11,,,,,9/3/23,Website/Booking Engine,,Checked Out,,,,,,,,,,95,64.35,44.66,52.1,,,,,,,,,,,744,0,Direct,Spyglass,744
OLD CB,Keta Whitaker,,,,,5.88E+12,,,,,,,,,COC(1),704,990.39,9/4/23,9/6/23,2,Cocoon,990.39,,,,,7/26/23,Website/Booking Engine,,Checked Out,,,,,,,,,,95,77.44,52.59,61.36,,,,,,,,,,,876,40,Direct,Cocoon,438
OLD CB,Miguel Munguia,,,,,5.74E+12,,,,,,,,,DOM(1),966,1319,9/4/23,9/7/23,3,Lantana Dome,1319,,,,,8/13/23,Website/Booking Engine,,Checked Out,,,,,,,,,,95,106.26,70.03,81.71,,,,,,,,,,,1167,22,Direct,Lantana Dome,389
OLD CB,Katherine Nesser,,,,,7.17E+12,,,,,,,,,MON(1),739,1034.27,9/4/23,9/6/23,2,Monarch,1034.27,,,,,8/21/23,Website/Booking Engine,,Checked Out,,,,,,,,,,95,81.29,54.91,64.07,,,,,,,,,,,915,14,Direct,Monarch,458
OLD CB,Ashley Barber,,,,,3.02E+11,,,,,,,,,SAF(1),1407.98,0,9/4/23,9/7/23,3,Sage Safari,1698.36,,,,,8/22/23,Airbnb (API),,Confirmed,,,,,,,,,,95,,90.18,105.2,,,,,,,,,,,1503,13,Airbnb,Sage Safari,501
OLD CB,Vince Freeman,,,,,6.24E+12,,,,,,,,,N/A,284,18.38,9/4/23,9/5/23,1,Live Oak Lodge,463.57,,,,,9/3/23,Website/Booking Engine,,Cancelled,,,9/3/23,,,,,,,95,31.24,24.61,28.72,,,,,,,,,,,410,1,Direct,Live Oak Lodge,410
OLD CB,Kevin Marquez,,,,,7.01E+12,,,,,,,,,OAK(1),846,1168.49,9/5/23,9/7/23,2,Live Oak Lodge,1168.49,,,,,6/21/23,Website/Booking Engine,,Checked Out,,,,,,,,,,95,93.06,62.04,72.39,,,,,,,,,,,1034,76,Direct,Live Oak Lodge,517
OLD CB,Peter Perez,,,,,6.86E+12,,,,,,,,,SPY(1),804,1115.81,9/5/23,9/7/23,2,Spyglass,1115.81,,,,,8/21/23,Website/Booking Engine,,Checked Out,,,,,,,,,,95,88.44,59.24,69.13,,,,,,,,,,,987,15,Direct,Spyglass,494
OLD CB,Hayli Lara,,,,,4.26E+12,,,,,,,,,WAL(1),804,1115.81,9/6/23,9/8/23,2,Walnut House,1115.81,,,,,8/7/23,Website/Booking Engine,,Checked Out,,,,,,,,,,95,88.44,59.24,69.13,,,,,,,,,,,987,30,Direct,Walnut House,494
OLD CB,Kai Huang,,,,,4.36E+12,,,,,,,,,COC(1),630,897.57,9/6/23,9/8/23,2,Cocoon,897.57,,,,,8/30/23,Website/Booking Engine,,Checked Out,,,,,,,,,,95,69.3,47.66,55.61,,,,,,,,,,,794,7,Direct,Cocoon,397
OLD CB,Gloria Negrete,,,,,1.13E+12,,,,,,,,,JUN(1),985,1342.85,9/7/23,9/10/23,3,Juniper Haus,1342.85,,,,,7/15/23,Website/Booking Engine,,Checked Out,,,,,,,,,,95,108.35,71.31,83.19,,,,,,,,,,,1188,54,Direct,Juniper Haus,396
OLD CB,Nick Borges,,,,,6.36E+12,,,,,,,,,SPY(1),1155,1556.07,9/7/23,9/9/23,2,Spyglass,1556.07,,,,,7/23/23,Website/Booking Engine,,Checked Out,,,,,,,,,,95,127.05,82.62,96.4,,,,,,,,,,,1377,46,Direct,Spyglass,689
OLD CB,Tyler Sullins,,,,,2.28E+12,,,,,,,,,SAF(1),1820.43,0,9/8/23,9/10/23,2,Sage Safari,2164.43,,,,,7/25/23,Airbnb (API),,Confirmed,,,,,,,,,,95,,114.92,134.08,,,,,,,,,,,1915,45,Airbnb,Sage Safari,958
OLD CB,Devin McBryde,,,,,4.57E+12,,,,,,,,,MON(1),1809.13,0,9/8/23,9/10/23,2,Monarch,2151.66,,,,,7/27/23,Airbnb (API),,Confirmed,,,,,,,,,,95,,114.24,133.29,,,,,,,,,,,1904,43,Airbnb,Monarch,952
OLD CB,Amanda Lester,,,,,5.86E+12,,,,,,,,,BUC(1),1274,1705.31,9/8/23,9/10/23,2,Buckeye Bungalow,1705.31,,,,,8/9/23,Website/Booking Engine,,Checked Out,,,,,,,,,,95,140.14,90.54,105.63,,,,,,,,,,,1509,30,Direct,Buckeye Bungalow,755
OLD CB,Michael Teoh,,,,,6.50E+12,,,,,,,,,DOM(1),1592,1464.19,9/8/23,9/10/23,2,Lantana Dome,2104.19,,,,,8/15/23,Website/Booking Engine,,Checked Out,,,,,,,,,,95,175.12,111.72,130.35,,,,,,,,,,,1862,24,Direct,Lantana Dome,931
OLD CB,Naveen Kumar Reddy Somireddy,,,,,2.83E+12,,,,,,,,,CED(1),179,331.87,9/8/23,9/9/23,1,Cedar Haus,331.87,,,,,9/7/23,Website/Booking Engine,,Checked Out,,,,,,,,,,95,19.69,17.62,20.56,,,,,,,,,,,294,1,Direct,Cedar Haus,294
OLD CB,Kimberly Diaz,,,,,9.70E+12,,,,,,,,,OAK(1),1586,2096.67,9/9/23,9/11/23,2,Live Oak Lodge,2096.67,,,,,7/24/23,Website/Booking Engine,,Checked Out,,,,,,,,,,95,174.46,111.32,129.89,,,,,,,,,,,1855,47,Direct,Live Oak Lodge,928
OLD CB,Stewart Werner,,,,,8.41E+12,,,,,,,,,WAL(1),618.11,0,9/9/23,9/10/23,1,Walnut House,805.82,,,,,9/7/23,Airbnb (API),,Confirmed,,,,,,,,,,95,,42.79,49.92,,,,,,,,,,,713,2,Airbnb,Walnut House,713
OLD CB,Donald E Newman,,,,,9.07E+12,,,,,,,,,CED(1),218,380.79,9/9/23,9/10/23,1,Cedar Haus,380.79,,,,,9/8/23,Website/Booking Engine,,Checked Out,,,,,,,,,,95,23.98,20.22,23.59,,,,,,,,,,,337,1,Direct,Cedar Haus,337
OLD CB,Condy Casso,,,,,7.10E+11,,,,,,,,,PEC(1),218,380.79,9/9/23,9/10/23,1,Pecan Haus,380.79,,,,,9/9/23,Website/Booking Engine,,Checked Out,,,,,,,,,,95,23.98,20.22,23.59,,,,,,,,,,,337,0,Direct,Pecan Haus,337
OLD CB,Joshua Brittain,,,,,5.88E+12,,,,,,,,,SPY(1),329,520.01,9/9/23,9/10/23,1,Spyglass,520.01,,,,,9/9/23,Website/Booking Engine,,Checked Out,,,,,,,,,,95,36.19,27.61,32.21,,,,,,,,,,,460,0,Direct,Spyglass,460
OLD CB,Victoria Villarreal,,,,,9.19E+11,,,,,,,,,COC(1),690.43,0,9/10/23,9/12/23,2,Cocoon,887.53,,,,,9/6/23,Airbnb (API),,Confirmed,,,,,,,,,,95,,47.12,54.98,,,,,,,,,,,785,4,Airbnb,Cocoon,393
OLD CB,Joanna Webb,,,,,6.29E+12,,,,,,,,,WAL(1),1019.26,0,9/10/23,9/13/23,3,Walnut House,1259.12,,,,,9/9/23,Airbnb (API),,Confirmed,,,,,,,,,,95,,66.87,77.99,,,,,,,,,,,1114,1,Airbnb,Walnut House,371
OLD CB,Aishwarya Gandhi,,,,,2.77E+11,,,,,,,,,SAF(1),343.52,0,9/10/23,9/11/23,1,Sage Safari,495.53,,,,,9/10/23,Airbnb (API),,Confirmed,,,,,,,,,,95,,26.31,30.7,,,,,,,,,,,439,0,Airbnb,Sage Safari,439
OLD CB,Kim Knox,,,,,4.15E+12,,,,,,,,,MON(1),781.96,0,9/10/23,9/13/23,3,Monarch,990.98,,,,,9/10/23,Airbnb (API),,Confirmed,,,,,,,,,,95,,52.62,61.4,,,,,,,,,,,877,0,Airbnb,Monarch,292
OLD CB,Sasha Rosewood,,,,,5.64E+12,,,,,,,,,N/A,630,0,9/11/23,9/13/23,2,Buckeye Bungalow,897.57,,,,,7/27/23,Website/Booking Engine,,Cancelled,,,7/27/23,,,,,,,95,69.3,47.66,55.61,,,,,,,,,,,794,46,Direct,Buckeye Bungalow,397
OLD CB,Patrick Arredondo,,,,,2.37E+12,,,,,,,,,OAK(1),1074.63,0,9/11/23,9/13/23,2,Live Oak Lodge,1321.68,,,,,8/7/23,Airbnb (API),,Confirmed,,,,,,,,,,95,,70.18,81.87,,,,,,,,,,,1170,35,Airbnb,Live Oak Lodge,585
OLD CB,Jacob Richardson,,,,,5.08E+12,,,,,,,,,SPY(1),968.41,0,9/11/23,9/14/23,3,Spyglass,1201.67,,,,,9/5/23,Airbnb (API),,Confirmed,,,,,,,,,,95,,63.81,74.45,,,,,,,,,,,1063,6,Airbnb,Spyglass,354
OLD CB,Daniel Zaragoza,,,,,4.51E+11,,,,,,,,,DOM(1),229,394.58,9/11/23,9/12/23,1,Lantana Dome,394.58,,,,,9/7/23,Website/Booking Engine,,Checked Out,,,,,,,,,,95,25.19,20.95,24.44,,,,,,,,,,,349,4,Direct,Lantana Dome,349
OLD CB,Sharon Ahn,,,,,2.47E+12,,,,,,,,,SAF(1),343.52,0,9/11/23,9/12/23,1,Sage Safari,495.53,,,,,9/10/23,Airbnb (API),,Confirmed,,,,,,,,,,95,,26.31,30.7,,,,,,,,,,,439,1,Airbnb,Sage Safari,439
OLD CB,Pablo Resendez,,,,,2.62E+12,,,,,,,,,PEC(1),189,344.42,9/12/23,9/13/23,1,Pecan Haus,344.42,,,,,9/12/23,Website/Booking Engine,,Checked Out,,,,,,,,,,95,20.79,18.29,21.34,,,,,,,,,,,305,0,Direct,Pecan Haus,305
OLD CB,Melissa Mares,,,,,2.20E+12,,,,,,,,,SAF(1),343.52,0,9/13/23,9/14/23,1,Sage Safari,495.53,,,,,9/11/23,Airbnb (API),,Confirmed,,,,,,,,,,95,,26.31,30.7,,,,,,,,,,,439,2,Airbnb,Sage Safari,439
OLD CB,Domonic Miramontes,,,,,7.89E+12,,,,,,,,,BUC(1),199,356.95,9/13/23,9/14/23,1,Buckeye Bungalow,356.95,,,,,9/13/23,Website/Booking Engine,,Checked Out,,,,,,,,,,95,21.89,18.95,22.11,,,,,,,,,,,316,0,Direct,Buckeye Bungalow,316
OLD CB,Barbro Drott Huth,,,,,2.64E+12,,,,,,,,,N/A,2290,492.56,9/14/23,9/17/23,3,Sage Safari,2979.7,,,,,6/5/23,Website/Booking Engine,,Cancelled,,,9/9/23,,,,,,,95,251.9,158.22,184.58,,,,,,,,,,,2637,101,Direct,Sage Safari,879
OLD CB,Michael Isaac,,,,,2.32E+12,,,,,,,,,SPY(1),2509,0,9/14/23,9/17/23,3,Spyglass,2942.51,,,,,8/31/23,Airbnb (API),,Confirmed,,,,,,,,,,95,,156.24,182.27,,,,,,,,,,,2604,14,Airbnb,Spyglass,868
OLD CB,Anvesh Soma,,,,,8.59E+12,,,,,,,,,SAF(1),229,394.58,9/14/23,9/15/23,1,Sage Safari,394.58,,,,,9/14/23,Website/Booking Engine,,Checked Out,,,,,,,,,,95,25.19,20.95,24.44,,,,,,,,,,,349,0,Direct,Sage Safari,349
OLD CB,BILLY PARRISH,,,,,7.29E+12,,,,,,,,,N/A,1528,58.99,9/15/23,9/17/23,2,Lantana Dome,2023.91,,,,,6/23/23,Website/Booking Engine,,Cancelled,,,7/7/23,,,,,,,95,168.08,107.46,125.37,,,,,,,,,,,1791,84,Direct,Lantana Dome,896
OLD CB,Jason Laubenstein,,,,,8.42E+11,,,,,,,,,SAF(1),2161.69,0,9/15/23,9/17/23,2,Sage Safari,2550.06,,,,,9/10/23,Airbnb (API),,Confirmed,,,,,,,,,,95,,135.4,157.97,,,,,,,,,,,2257,5,Airbnb,Sage Safari,1128
OLD CB,Payton Rogers,,,,,1.50E+12,,,,,,,,,PEC(1),320.92,0,9/15/23,9/16/23,1,Pecan Haus,469.99,,,,,9/13/23,Airbnb (API),,Confirmed,,,,,,,,,,95,,24.96,29.11,,,,,,,,,,,416,2,Airbnb,Pecan Haus,416
OLD CB,Osvaldo (OZ) Bucio,,,,,8.38E+12,,,,,,,,,COC(1),878,1208.63,9/15/23,9/17/23,2,Cocoon,1208.63,,,,,9/13/23,Website/Booking Engine,,Checked Out,,,,,,,,,,95,96.58,64.18,74.87,,,,,,,,,,,1070,2,Direct,Cocoon,535
OLD CB,Hannah Easley,,,,,5.93E+12,,,,,,,,,JUN(1),320.92,0,9/15/23,9/16/23,1,Juniper Haus,469.99,,,,,9/14/23,Airbnb (API),,Confirmed,,,,,,,,,,95,,24.96,29.11,,,,,,,,,,,416,1,Airbnb,Juniper Haus,416
OLD CB,Diana Collins,,,,,6.30E+11,,,,,,,,,CED(1),189,344.42,9/15/23,9/16/23,1,Cedar Haus,344.42,,,,,9/14/23,Website/Booking Engine,,Checked Out,,,,,,,,,,95,20.79,18.29,21.34,,,,,,,,,,,305,1,Direct,Cedar Haus,305
OLD CB,Joe Figueroa,,,,,8.50E+11,,,,,,,,,DOM(1),439,657.99,9/15/23,9/16/23,1,Lantana Dome,657.99,,,,,9/14/23,Website/Booking Engine,,Checked Out,,,,,,,,,,95,48.29,34.94,40.76,,,,,,,,,,,582,1,Direct,Lantana Dome,582
OLD CB,Edrick Lugo Millan,,,,,8.91E+12,,,,,,,,,WAL(1),878,1208.63,9/15/23,9/17/23,2,Walnut House,1208.63,,,,,9/14/23,Website/Booking Engine,,Checked Out,,,,,,,,,,95,96.58,64.18,74.87,,,,,,,,,,,1070,1,Direct,Walnut House,535
OLD CB,Hugo Sanchez,,,,,6.39E+11,,,,,,,,,BUC(1),1099.49,0,9/15/23,9/17/23,2,Buckeye Bungalow,1349.77,,,,,9/15/23,Airbnb (API),,Confirmed,,,,,,,,,,95,,71.67,83.61,,,,,,,,,,,1194,0,Airbnb,Buckeye Bungalow,597
OLD CB,Jessica Acuna,,,,,9.80E+12,,,,,,,,,MON(1),439,657.99,9/16/23,9/17/23,1,Monarch,657.99,,,,,9/13/23,Website/Booking Engine,,Checked Out,,,,,,,,,,95,48.29,34.94,40.76,,,,,,,,,,,582,3,Direct,Monarch,582
OLD CB,Joe Figueroa,,,,,2.48E+12,,,,,,,,,OAK(1),688,970.31,9/16/23,9/18/23,2,Live Oak Lodge,970.31,,,,,9/14/23,Website/Booking Engine,,Checked Out,,,,,,,,,,95,75.68,51.52,60.11,,,,,,,,,,,859,2,Direct,Live Oak Lodge,429
OLD CB,Kara Salazar,,,,,8.93E+12,,,,,,,,,JUN(1),320.92,0,9/16/23,9/17/23,1,Juniper Haus,469.99,,,,,9/15/23,Airbnb (API),,Confirmed,,,,,,,,,,95,,24.96,29.11,,,,,,,,,,,416,1,Airbnb,Juniper Haus,416
OLD CB,Diego Cruz Parra,,,,,3.91E+12,,,,,,,,,PEC(1),320.92,0,9/16/23,9/17/23,1,Pecan Haus,469.99,,,,,9/15/23,Airbnb (API),,Confirmed,,,,,,,,,,95,,24.96,29.11,,,,,,,,,,,416,1,Airbnb,Pecan Haus,416
OLD CB,Kimberly Nunez,,,,,3.60E+12,,,,,,,,,CED(1),320.92,0,9/16/23,9/17/23,1,Cedar Haus,469.99,,,,,9/15/23,Airbnb (API),,Confirmed,,,,,,,,,,95,,24.96,29.11,,,,,,,,,,,416,1,Airbnb,Cedar Haus,416
OLD CB,Kaiden Langatau,,,,,4.85E+12,,,,,,,,,N/A,189,13.73,9/16/23,9/17/23,1,Juniper Haus,344.42,,,,,9/15/23,Website/Booking Engine,,Cancelled,,,9/15/23,,,,,,,95,20.79,18.29,21.34,,,,,,,,,,,305,1,Direct,Juniper Haus,305
OLD CB,Hayley Richards,,,,,7.30E+12,,,,,,,,,DOM(1),688,970.31,9/16/23,9/18/23,2,Lantana Dome,970.31,,,,,9/15/23,Website/Booking Engine,,Checked Out,,,,,,,,,,95,75.68,51.52,60.11,,,,,,,,,,,859,1,Direct,Lantana Dome,429
OLD CB,Mariana Romo,,,,,7.47E+12,,,,,,,,,MON(1),1412.5,0,9/17/23,9/19/23,2,Monarch,1703.49,,,,,8/31/23,Airbnb (API),,Confirmed,,,,,,,,,,95,,90.46,105.53,,,,,,,,,,,1508,17,Airbnb,Monarch,754
OLD CB,Tina Dimeo,,,,,1.09E+12,,,,,,,,,SPY(1),249,419.67,9/17/23,9/18/23,1,Spyglass,419.67,,,,,9/17/23,Website/Booking Engine,,Checked Out,,,,,,,,,,95,27.39,22.28,26,,,,,,,,,,,371,0,Direct,Spyglass,371
OLD CB,Kat Test III Kat Test,,,,,5.24E+12,,,,,,,,,N/A,2,0,9/18/23,9/20/23,2,Cedar Haus,109.87,,,,,7/28/23,Website/Booking Engine,,Cancelled,,,7/31/23,,,,,,,95,0.22,5.84,6.81,,,,,,,,,,,97,52,Direct,Cedar Haus,49
OLD CB,Kat Test II Kat Test,,,,,9.13E+11,,,,,,,,,N/A,2,0,9/18/23,9/20/23,2,Pecan Haus,109.87,,,,,7/28/23,Website/Booking Engine,,Cancelled,,,7/28/23,,,,,,,95,0.22,5.84,6.81,,,,,,,,,,,97,52,Direct,Pecan Haus,49
OLD CB,Cheyenne Hebert,,,,,6.78E+12,,,,,,,,,OAK(1),1269,1699.06,9/18/23,9/21/23,3,Live Oak Lodge,1699.06,,,,,8/5/23,Website/Booking Engine,,Checked Out,,,,,,,,,,95,139.59,90.21,105.26,,,,,,,,,,,1504,44,Direct,Live Oak Lodge,501
OLD CB,WILLIAM SPEARS,,,,,2.61E+12,,,,,,,,,SAF(1),1206,1620.04,9/18/23,9/21/23,3,Sage Safari,1620.04,,,,,8/26/23,Website/Booking Engine,,Checked Out,,,,,,,,,,95,132.66,86.01,100.37,,,,,,,,,,,1434,23,Direct,Sage Safari,478
OLD CB,Ashley Grunewald,,,,,9.05E+12,,,,,,,,,MON(1),1015.87,0,9/19/23,9/21/23,2,Monarch,1255.3,,,,,7/5/23,Airbnb (API),,Confirmed,,,,,,,,,,95,,66.66,77.77,,,,,,,,,,,1111,76,Airbnb,Monarch,555
OLD CB,Sasha Rosewood,,,,,1.77E+12,,,,,,,,,N/A,630,0,9/19/23,9/21/23,2,Buckeye Bungalow,897.57,,,,,7/27/23,Website/Booking Engine,,Cancelled,,,7/27/23,,,,,,,95,69.3,47.66,55.61,,,,,,,,,,,794,54,Direct,Buckeye Bungalow,397
OLD CB,Carson Mandic,,,,,2.33E+12,,,,,,,,,BUC(1),1175.2,0,9/19/23,9/22/23,3,Buckeye Bungalow,1435.31,,,,,8/6/23,Airbnb (API),,Confirmed,,,,,,,,,,95,,76.2,88.91,,,,,,,,,,,1270,44,Airbnb,Buckeye Bungalow,423
OLD CB,Scott Elrod,,,,,9.94E+12,,,,,,,,,WAL(1),498,731.99,9/19/23,9/21/23,2,Walnut House,731.99,,,,,9/14/23,Website/Booking Engine,,Checked Out,,,,,,,,,,95,54.78,38.86,45.35,,,,,,,,,,,648,5,Direct,Walnut House,324
OLD CB,Andrew Griles,,,,,2.96E+11,,,,,,,,,OAK(1),3063.75,3950.17,9/21/23,9/26/23,5,Live Oak Lodge (Thank You First Responders!),3950.17,,,,,8/9/23,Website/Booking Engine,,Checked Out,,,,,,,,,,95,337.01,209.73,244.68,,,,,,,,,,,3496,43,Direct,Live Oak Lodge,699
OLD CB,Casey O'Connor,,,,,9.93E+12,,,,,,,,,JUN(1),985,1342.85,9/21/23,9/24/23,3,Juniper Haus,1342.85,,,,,8/18/23,Website/Booking Engine,,Checked Out,,,,,,,,,,95,108.35,71.31,83.19,,,,,,,,,,,1188,34,Direct,Juniper Haus,396
OLD CB,Charlotte Clayton,,,,,7.82E+12,,,,,,,,,SAF(1),1908,2500.56,9/21/23,9/24/23,3,Sage Safari,2500.56,,,,,8/21/23,Website/Booking Engine,,Checked Out,,,,,,,,,,95,209.88,132.77,154.91,,,,,,,,,,,2213,31,Direct,Sage Safari,738
OLD CB,Keisha Hulsey,,,,,9.18E+12,,,,,,,,,DOM(1),340,533.81,9/21/23,9/22/23,1,Lantana Dome,533.81,,,,,9/18/23,Website/Booking Engine,,Checked Out,,,,,,,,,,95,37.4,28.34,33.07,,,,,,,,,,,472,3,Direct,Lantana Dome,472
OLD CB,Blake Linnerud,,,,,1.88E+12,,,,,,,,,MON(1),1809.13,0,9/22/23,9/24/23,2,Monarch,2151.66,,,,,7/8/23,Airbnb (API),,Confirmed,,,,,,,,,,95,,114.24,133.29,,,,,,,,,,,1904,76,Airbnb,Monarch,952
OLD CB,Quentin Kiper,,,,,2.14E+12,,,,,,,,,PEC(1),726,1017.99,9/22/23,9/24/23,2,Pecan Haus,1017.99,,,,,8/21/23,Website/Booking Engine,,Checked Out,,,,,,,,,,95,79.86,54.06,63.07,,,,,,,,,,,901,32,Direct,Pecan Haus,450
OLD CB,Peter Perez,,,,,2.62E+12,,,,,,,,,CED(1),726,1017.99,9/22/23,9/24/23,2,Cedar Haus,1017.99,,,,,8/22/23,Website/Booking Engine,,Checked Out,,,,,,,,,,95,79.86,54.06,63.07,,,,,,,,,,,901,31,Direct,Cedar Haus,450
OLD CB,Taylor Abbott,,,,,3.29E+12,,,,,,,,,N/A,1546.97,0,9/22/23,9/24/23,2,Cocoon,1855.42,,,,,8/22/23,Airbnb (API),,Cancelled,,,8/25/23,,,,,,,95,,98.52,114.93,,,,,,,,,,,1642,31,Airbnb,Cocoon,821
OLD CB,Taylor Abbott,,,,,4.97E+12,,,,,,,,,COC(1),1546.97,0,9/22/23,9/24/23,2,Cocoon,1855.42,,,,,8/25/23,Airbnb (API),,Confirmed,,,,,,,,,,95,,98.52,114.93,,,,,,,,,,,1642,28,Airbnb,Cocoon,821
OLD CB,Bo Rogers,,,,,9.27E+12,,,,,,,,,WAL(1),1374.08,0,9/22/23,9/24/23,2,Walnut House,1660.05,,,,,9/21/23,Airbnb (API),,Confirmed,,,,,,,,,,95,,88.14,102.83,,,,,,,,,,,1469,1,Airbnb,Walnut House,735
OLD CB,Jaime Pina,,,,,5.95E+12,,,,,,,,,BUC(1),949,1297.69,9/22/23,9/24/23,2,Buckeye Bungalow,1297.69,,,,,9/21/23,Website/Booking Engine,,Checked Out,,,,,,,,,,95,104.39,68.91,80.39,,,,,,,,,,,1148,1,Direct,Buckeye Bungalow,574
OLD CB,Emmanuel Mireles,,,,,8.64E+12,,,,,,,,,DOM(1),949,1297.69,9/22/23,9/24/23,2,Lantana Dome,1297.69,,,,,9/22/23,Website/Booking Engine,,Checked Out,,,,,,,,,,95,104.39,68.91,80.39,,,,,,,,,,,1148,0,Direct,Lantana Dome,574
OLD CB,Alexa Jones,,,,,4.20E+12,,,,,,,,,JUN(1),398,606.55,9/24/23,9/26/23,2,Juniper Haus,606.55,,,,,9/10/23,Website/Booking Engine,,Checked Out,,,,,,,,,,95,43.78,32.2,37.57,,,,,,,,,,,537,14,Direct,Juniper Haus,268
OLD CB,Keyla Perez,,,,,5.14E+12,,,,,,,,,MON(1),448.61,0,9/24/23,9/25/23,1,Monarch,614.28,,,,,9/17/23,Airbnb (API),,Confirmed,,,,,,,,,,95,,32.62,38.05,,,,,,,,,,,544,7,Airbnb,Monarch,544
OLD CB,Alexis Peterson,,,,,2.17E+12,,,,,,,,,SAF(1),720.94,0,9/24/23,9/26/23,2,Sage Safari,922.01,,,,,9/22/23,Airbnb (API),,Confirmed,,,,,,,,,,95,,48.96,57.11,,,,,,,,,,,816,2,Airbnb,Sage Safari,408
OLD CB,Caden Thomas,,,,,2.11E+12,,,,,,,,,WAL(1),345.78,0,9/24/23,9/25/23,1,Walnut House,498.08,,,,,9/23/23,Airbnb (API),,Confirmed,,,,,,,,,,95,,26.45,30.85,,,,,,,,,,,441,1,Airbnb,Walnut House,441
OLD CB,Gavin Barron,,,,,9.24E+12,,,,,,,,,SPY(1),211,372,9/24/23,9/25/23,1,Spyglass,372,,,,,9/23/23,Website/Booking Engine,,Checked Out,,,,,,,,,,95,23.21,19.75,23.04,,,,,,,,,,,329,1,Direct,Spyglass,329
OLD CB,Gavin Barron,,,,,2.38E+12,,,,,,,,,N/A,340.13,0,9/24/23,9/25/23,1,Spyglass,491.7,,,,,9/23/23,Airbnb (API),,Cancelled,,,9/23/23,,,,,,,95,,26.11,30.46,,,,,,,,,,,435,1,Airbnb,Spyglass,435
OLD CB,Tristan Dyer,,,,,9.89E+12,,,,,,,,,MON(1),1206,1620.04,9/25/23,9/28/23,3,Monarch,1620.04,,,,,7/3/23,Website/Booking Engine,,Checked Out,,,,,,,,,,95,132.66,86.01,100.37,,,,,,,,,,,1434,84,Direct,Monarch,478
OLD CB,Mark Hurley,,,,,9.58E+12,,,,,,,,,COC(1),630,897.57,9/25/23,9/27/23,2,Cocoon,897.57,,,,,7/15/23,Website/Booking Engine,,Checked Out,,,,,,,,,,95,69.3,47.66,55.61,,,,,,,,,,,794,72,Direct,Cocoon,397
OLD CB,Alison Carrillo,,,,,3.99E+12,,,,,,,,,BUC(1),819.25,0,9/25/23,9/27/23,2,Buckeye Bungalow,1033.1,,,,,7/30/23,Airbnb (API),,Confirmed,,,,,,,,,,95,,54.86,63.99,,,,,,,,,,,914,57,Airbnb,Buckeye Bungalow,457
OLD CB,Alejandro Farias,,,,,6.84E+12,,,,,,,,,SPY(1),555.96,0,9/25/23,9/26/23,1,Spyglass,735.59,,,,,9/6/23,Airbnb (API),,Confirmed,,,,,,,,,,95,,39.06,45.57,,,,,,,,,,,651,19,Airbnb,Spyglass,651
OLD CB,Brooke Puntel,,,,,1.43E+12,,,,,,,,,DOM(1),680,960.27,9/26/23,9/28/23,2,Lantana Dome,960.27,,,,,9/9/23,Website/Booking Engine,,Checked Out,,,,,,,,,,95,74.8,50.98,59.49,,,,,,,,,,,850,17,Direct,Lantana Dome,425
OLD CB,Eduardo Sandoval,,,,,9.53E+12,,,,,,,,,JUN(1),199,356.95,9/26/23,9/27/23,1,Juniper Haus,356.95,,,,,9/23/23,Website/Booking Engine,,Checked Out,,,,,,,,,,95,21.89,18.95,22.11,,,,,,,,,,,316,3,Direct,Juniper Haus,316
OLD CB,Ken Sampson,,,,,7.15E+12,,,,,,,,,SAF(1),258,430.96,9/26/23,9/27/23,1,Sage Safari,430.96,,,,,9/26/23,Website/Booking Engine,,Checked Out,,,,,,,,,,95,28.38,22.88,26.7,,,,,,,,,,,381,0,Direct,Sage Safari,381
OLD CB,Joey Quiroga,,,,,5.13E+12,,,,,,,,,COC(1),315,502.46,9/27/23,9/28/23,1,Cocoon,502.46,,,,,9/3/23,Website/Booking Engine,,Checked Out,,,,,,,,,,95,34.65,26.68,31.13,,,,,,,,,,,445,24,Direct,Cocoon,445
OLD CB,Felipe Monroy,,,,,1.16E+12,,,,,,,,,OAK(1),338,531.3,9/27/23,9/28/23,1,Live Oak Lodge,531.3,,,,,9/15/23,Website/Booking Engine,,Checked Out,,,,,,,,,,95,37.18,28.21,32.91,,,,,,,,,,,470,12,Direct,Live Oak Lodge,470
OLD CB,Brandy Wright,,,,,8.49E+12,,,,,,,,,SAF(1),258,430.96,9/27/23,9/28/23,1,Sage Safari,430.96,,,,,9/27/23,Website/Booking Engine,,Checked Out,,,,,,,,,,95,28.38,22.88,26.7,,,,,,,,,,,381,0,Direct,Sage Safari,381
OLD CB,Cynthoa Chlarson,,,,,8.54E+12,,,,,,,,,BUC(1),672.35,0,9/27/23,9/29/23,2,Buckeye Bungalow,867.1,,,,,9/27/23,Airbnb (API),,Confirmed,,,,,,,,,,95,,46.04,53.71,,,,,,,,,,,767,0,Airbnb,Buckeye Bungalow,384
OLD CB,Kelsey Wilson,,,,,7.55E+12,,,,,,,,,SPY(1),424.88,0,9/28/23,9/29/23,1,Spyglass,587.46,,,,,9/28/23,Airbnb (API),,Confirmed,,,,,,,,,,95,,31.19,36.39,,,,,,,,,,,520,0,Airbnb,Spyglass,520
OLD CB,Javier Martinez,,,,,7.54E+12,,,,,,,,,OAK(1),202,360.72,9/28/23,9/29/23,1,Live Oak Lodge,360.72,,,,,9/28/23,Website/Booking Engine,,Checked Out,,,,,,,,,,95,22.22,19.15,22.35,,,,,,,,,,,319,0,Direct,Live Oak Lodge,319
OLD CB,Allison Nakahara,,,,,7.44E+12,,,,,,,,,OAK(1),2608,3378.57,9/29/23,10/1/23,2,Live Oak Lodge,3378.57,,,,,9/12/23,Website/Booking Engine,,Checked Out,,,,,,,,,,95,286.88,179.4,209.29,,,,,,,,,,,2990,17,Direct,Live Oak Lodge,1495
OLD CB,Camille Saleeba,,,,,1.88E+12,,,,,,,,,MON(1),2478,3215.51,9/29/23,10/1/23,2,Monarch,3215.51,,,,,9/24/23,Website/Booking Engine,,Checked Out,,,,,,,,,,95,272.58,170.74,199.19,,,,,,,,,,,2846,5,Direct,Monarch,1423
OLD CB,Mary Leos,,,,,2.85E+12,,,,,,,,,DOM(1),1237.35,0,9/30/23,10/2/23,2,Lantana Dome,1505.56,,,,,9/24/23,Airbnb (API),,Confirmed,,,,,,,,,,95,,79.94,93.27,,,,,,,,,,,1332,6,Airbnb,Lantana Dome,666
OLD CB,Anthony Campana,,,,,7.05E+12,,,,,,,,,WAL(1),941.29,0,9/30/23,10/2/23,2,Walnut House,1171.01,,,,,9/29/23,Airbnb (API),,Confirmed,,,,,,,,,,95,,62.18,72.54,,,,,,,,,,,1036,1,Airbnb,Walnut House,518
OLD CB,Timberli Pacifico,,,,,4.57E+12,,,,,,,,,SPY(1),638,907.59,9/30/23,10/2/23,2,Spyglass,907.59,,,,,9/30/23,Website/Booking Engine,,Checked Out,,,,,,,,,,95,70.18,48.19,56.22,,,,,,,,,,,803,0,Direct,Spyglass,402
OLD CB,Damaris Trejo,,,,,1.91E+12,,,,,,,,,BUC(1),824,1140.89,9/30/23,10/2/23,2,Buckeye Bungalow,1140.89,,,,,9/30/23,Website/Booking Engine,,Checked Out,,,,,,,,,,95,90.64,60.58,70.67,,,,,,,,,,,1010,0,Direct,Buckeye Bungalow,505
OLD CB,Leigh Peterson,,,,,5.94E+12,,,,,,,,,N/A,296,383.62,10/1/23,10/2/23,1,Cocoon,478.62,,,,,9/22/23,Website/Booking Engine,,No Show,,,,,,,,,,95,32.56,25.41,29.65,,,,,,,,,,,424,9,Direct,Cocoon,424
OLD CB,Jacqueline Gastelum,,,,,7.92E+12,,,,,,,,,JUN(1),529.97,0,10/1/23,10/3/23,2,Juniper Haus,706.22,,,,,9/28/23,Airbnb (API),,Confirmed,,,,,,,,,,95,,37.5,43.75,,,,,,,,,,,625,3,Airbnb,Juniper Haus,312
OLD CB,Josiah Cheatham,,,,,9.06E+12,,,,,,,,,CED(1),529.97,0,10/1/23,10/3/23,2,Cedar Haus,706.22,,,,,9/29/23,Airbnb (API),,Confirmed,,,,,,,,,,95,,37.5,43.75,,,,,,,,,,,625,2,Airbnb,Cedar Haus,312
OLD CB,Erika Carter,,,,,3.17E+12,,,,,,,,,SAF(1),564,814.78,10/1/23,10/3/23,2,Sage Safari,814.78,,,,,9/29/23,Website/Booking Engine,,Checked Out,,,,,,,,,,95,62.04,43.27,50.47,,,,,,,,,,,721,2,Direct,Sage Safari,361
OLD CB,Tiffany Palacios,,,,,8.72E+12,,,,,,,,,MON(1),1440.75,0,10/2/23,10/4/23,2,Monarch,1735.4,,,,,8/31/23,Airbnb (API),,Confirmed,,,,,,,,,,95,,92.14,107.51,,,,,,,,,,,1536,32,Airbnb,Monarch,768
OLD CB,Nicole Larroque,,,,,3.70E+12,,,,,,,,,COC(1),816,1130.85,10/2/23,10/4/23,2,Cocoon,1130.85,,,,,9/16/23,Website/Booking Engine,,Checked Out,,,,,,,,,,95,89.76,60.04,70.05,,,,,,,,,,,1001,16,Direct,Cocoon,500
OLD CB,Inga Antine,,,,,5.82E+12,,,,,,,,,BUC(1),717.55,0,10/2/23,10/5/23,3,Buckeye Bungalow,918.17,,,,,10/2/23,Airbnb (API),,Confirmed,,,,,,,,,,95,,48.75,56.87,,,,,,,,,,,813,0,Airbnb,Buckeye Bungalow,271
OLD CB,Danielle Rigsby,,,,,7.20E+12,,,,,,,,,MON(1),1180,1587.41,10/4/23,10/6/23,2,Monarch,1587.41,,,,,8/4/23,Website/Booking Engine,,Checked Out,,,,,,,,,,95,129.8,84.28,98.33,,,,,,,,,,,1405,61,Direct,Monarch,702
OLD CB,Pier Papadia,,,,,2.34E+12,,,,,,,,,SPY(1),766.14,0,10/4/23,10/6/23,2,Spyglass,973.07,,,,,10/3/23,Airbnb (API),,Confirmed,,,,,,,,,,95,,51.66,60.27,,,,,,,,,,,861,1,Airbnb,Spyglass,431
OLD CB,Rachel Kilmer,,,,,5.87E+12,,,,,,,,,JUN(1),838,1158.45,10/5/23,10/7/23,2,Juniper Haus,1158.45,,,,,7/25/23,Website/Booking Engine,,Checked Out,,,,,,,,,,95,92.18,61.51,71.76,,,,,,,,,,,1025,72,Direct,Juniper Haus,513
OLD CB,Kirk John Offel,,,,,8.47E+12,,,,,,,,,SAF(1),3190,4108.56,10/5/23,10/8/23,3,Sage Safari,4108.56,,,,,9/19/23,Website/Booking Engine,,Checked Out,,,,,,,,,,95,350.9,218.15,254.51,,,,,,,,,,,3636,16,Direct,Sage Safari,1212
OLD CB,Gabriel Ontiveros,,,,,3.13E+12,,,,,,,,,PEC(1),1200,1372.51,10/6/23,10/8/23,2,Pecan Haus,1612.51,,,,,9/11/23,Website/Booking Engine,,Checked Out,,,,,,,,,,95,132,85.62,99.89,,,,,,,,,,,1427,25,Direct,Pecan Haus,714
OLD CB,John Prindle,,,,,2.23E+12,,,,,,,,,CED(1),720,1010.45,10/6/23,10/8/23,2,Cedar Haus,1010.45,,,,,10/3/23,Website/Booking Engine,,Checked Out,,,,,,,,,,95,79.2,53.66,62.59,,,,,,,,,,,894,3,Direct,Cedar Haus,447
OLD CB,Stanley Young,,,,,7.20E+11,,,,,,,,,WAL(1),878,1208.63,10/6/23,10/8/23,2,Walnut House,1208.63,,,,,10/4/23,Website/Booking Engine,,Checked Out,,,,,,,,,,95,96.58,64.18,74.87,,,,,,,,,,,1070,2,Direct,Walnut House,535
OLD CB,Nicholas Thompson,,,,,5.35E+12,,,,,,,,,COC(1),592.12,0,10/6/23,10/7/23,1,Cocoon,776.45,,,,,10/5/23,Airbnb (API),,Confirmed,,,,,,,,,,95,,41.23,48.1,,,,,,,,,,,687,1,Airbnb,Cocoon,687
OLD CB,Jonna Davidson,,,,,6.95E+12,,,,,,,,,MON(1),2139.09,0,10/6/23,10/8/23,2,Monarch,2524.52,,,,,10/5/23,Airbnb (API),,Confirmed,,,,,,,,,,95,,134.04,156.39,,,,,,,,,,,2234,1,Airbnb,Monarch,1117
OLD CB,Roaul Channer,,,,,9.93E+12,,,,,,,,,SPY(1),1613.64,0,10/6/23,10/8/23,2,Spyglass,1930.77,,,,,10/6/23,Airbnb (API),,Confirmed,,,,,,,,,,95,,102.52,119.61,,,,,,,,,,,1709,0,Airbnb,Spyglass,854
OLD CB,Joshua Herrera,,,,,5.72E+12,,,,,,,,,DOM(1),702.86,0,10/7/23,10/8/23,1,Lantana Dome,901.58,,,,,10/4/23,Airbnb (API),,Confirmed,,,,,,,,,,95,,47.87,55.85,,,,,,,,,,,798,3,Airbnb,Lantana Dome,798
OLD CB,Crystal Saldana,,,,,7.63E+12,,,,,,,,,JUN(1),739.02,0,10/7/23,10/9/23,2,Juniper Haus,942.45,,,,,10/4/23,Airbnb (API),,Confirmed,,,,,,,,,,95,,50.04,58.39,,,,,,,,,,,834,3,Airbnb,Juniper Haus,417
OLD CB,Carlos Bossi,,,,,7.55E+12,,,,,,,,,BUC(1),688,970.31,10/7/23,10/9/23,2,Buckeye Bungalow,970.31,,,,,10/4/23,Website/Booking Engine,,Checked Out,,,,,,,,,,95,75.68,51.52,60.11,,,,,,,,,,,859,3,Direct,Buckeye Bungalow,429
OLD CB,William Acevedo,,,,,2.40E+12,,,,,,,,,COC(1),1256.56,0,10/7/23,10/10/23,3,Cocoon,1527.26,,,,,10/4/23,Airbnb (API),,Confirmed,,,,,,,,,,95,,81.09,94.61,,,,,,,,,,,1352,3,Airbnb,Cocoon,451
OLD CB,Joseph Harnden,,,,,1.47E+12,,,,,,,,,SAF(1),400.02,0,10/8/23,10/9/23,1,Sage Safari,559.37,,,,,10/4/23,Airbnb (API),,Confirmed,,,,,,,,,,95,,29.7,34.65,,,,,,,,,,,495,4,Airbnb,Sage Safari,495
OLD CB,Jewell Hicks,,,,,8.40E+12,,,,,,,,,DOM(1),388.72,0,10/8/23,10/9/23,1,Lantana Dome,546.6,,,,,10/4/23,Airbnb (API),,Confirmed,,,,,,,,,,95,,29.02,33.86,,,,,,,,,,,484,4,Airbnb,Lantana Dome,484
OLD CB,Chloe Ding,,,,,8.42E+12,,,,,,,,,N/A,388.72,0,10/8/23,10/9/23,1,Monarch,546.6,,,,,10/4/23,Airbnb (API),,Cancelled,,,10/6/23,,,,,,,95,,29.02,33.86,,,,,,,,,,,484,4,Airbnb,Monarch,484
OLD CB,Mike Pochkowski,,,,,9.36E+12,,,,,,,,,N/A,249,12.47,10/8/23,10/9/23,1,Walnut House,419.67,,,,,10/4/23,Website/Booking Engine,,Cancelled,,,10/8/23,,,,,,,95,27.39,22.28,26,,,,,,,,,,,371,4,Direct,Walnut House,371
OLD CB,Josh Chodniewicz,,,,,9.30E+12,,,,,,,,,MON(1),388.72,0,10/8/23,10/9/23,1,Monarch,546.6,,,,,10/6/23,Airbnb (API),,Confirmed,,,,,,,,,,95,,29.02,33.86,,,,,,,,,,,484,2,Airbnb,Monarch,484
OLD CB,Erica Truong,,,,,9.16E+11,,,,,,,,,PEC(1),199,356.95,10/8/23,10/9/23,1,Pecan Haus,356.95,,,,,10/8/23,Website/Booking Engine,,Checked Out,,,,,,,,,,95,21.89,18.95,22.11,,,,,,,,,,,316,0,Direct,Pecan Haus,316
OLD CB,Kimberly Calamiong,,,,,1.45E+12,,,,,,,,,OAK(1),490.42,0,10/9/23,10/10/23,1,Live Oak Lodge,661.53,,,,,10/3/23,Airbnb (API),,Confirmed,,,,,,,,,,95,,35.13,40.98,,,,,,,,,,,585,6,Airbnb,Live Oak Lodge,585
OLD CB,Francisco Rodriguez,,,,,9.25E+12,,,,,,,,,SAF(1),371.77,0,10/9/23,10/10/23,1,Sage Safari,527.45,,,,,10/8/23,Airbnb (API),,Confirmed,,,,,,,,,,95,,28.01,32.67,,,,,,,,,,,467,1,Airbnb,Sage Safari,467
OLD CB,Ryan Griggs,,,,,5.10E+12,,,,,,,,,BUC(1),1014,1379.21,10/9/23,10/13/23,4,Buckeye Bungalow,1379.21,,,,,10/8/23,Website/Booking Engine,,Checked Out,,,,,,,,,,95,111.54,73.24,85.43,,,,,,,,,,,1221,1,Direct,Buckeye Bungalow,305
OLD CB,Steve. And Victoria Chivington,,,,,9.10E+12,,,,,,,,,OAK(1),1863,2444.11,10/10/23,10/13/23,3,Live Oak Lodge,2444.11,,,,,9/24/23,Website/Booking Engine,,Checked Out,,,,,,,,,,95,204.93,129.78,151.4,,,,,,,,,,,2163,16,Direct,Live Oak Lodge,721
OLD CB,Gary and Lisa Latin,,,,,7.83E+12,,,,,,,,,WAL(1),1770,2327.44,10/10/23,10/13/23,3,Walnut House,2327.44,,,,,9/24/23,Website/Booking Engine,,Checked Out,,,,,,,,,,95,194.7,123.57,144.17,,,,,,,,,,,2060,16,Direct,Walnut House,687
OLD CB,Kevin King,,,,,2.43E+12,,,,,,,,,SPY(1),1435.1,0,10/11/23,10/13/23,2,Spyglass,1729.01,,,,,10/3/23,Airbnb (API),,Confirmed,,,,,,,,,,95,,91.8,107.11,,,,,,,,,,,1530,8,Airbnb,Spyglass,765
OLD CB,Destiny Mroz,,,,,1.59E+12,,,,,,,,,CED(1),472,699.39,10/11/23,10/13/23,2,Cedar Haus,699.39,,,,,10/7/23,Website/Booking Engine,,Checked Out,,,,,,,,,,95,51.92,37.14,43.33,,,,,,,,,,,619,4,Direct,Cedar Haus,309
OLD CB,John Bohn√©,,,,,7.42E+12,,,,,,,,,SAF(1),2198,2864.3,10/11/23,10/14/23,3,Sage Safari,2864.3,,,,,10/8/23,Website/Booking Engine,,Checked Out,,,,,,,,,,95,241.78,152.09,177.43,,,,,,,,,,,2535,3,Direct,Sage Safari,845
OLD CB,nina seelos,,,,,3.37E+12,,,,,,,,,DOM(1),1314,1755.5,10/12/23,10/14/23,2,Lantana Dome (Lantana Dome $50 off),1755.5,,,,,7/17/23,Website/Booking Engine,,Checked Out,,,,,,,,,,95,144.54,93.21,108.75,,,,,,,,,,,1554,87,Direct,Lantana Dome,777
OLD CB,samuel vester,,,,,3.69E+12,,,,,,,,,SPY(1),2046,2673.65,10/13/23,10/15/23,2,Spyglass,2673.65,,,,,7/30/23,Website/Booking Engine,,Checked Out,,,,,,,,,,95,225.06,141.96,165.63,,,,,,,,,,,2366,75,Direct,Spyglass,1183
OLD CB,Jenny Gaona,,,,,5.32E+12,,,,,,,,,OAK(1),2600,3368.53,10/13/23,10/15/23,2,Live Oak Lodge,3368.53,,,,,9/16/23,Website/Booking Engine,,Checked Out,,,,,,,,,,95,286,178.86,208.67,,,,,,,,,,,2981,27,Direct,Live Oak Lodge,1491
OLD CB,Victoria Marquez,,,,,6.72E+12,,,,,,,,,MON(1),3000,3870.25,10/13/23,10/15/23,2,Monarch,3870.25,,,,,9/19/23,Website/Booking Engine,,Checked Out,,,,,,,,,,95,330,205.5,239.75,,,,,,,,,,,3425,24,Direct,Monarch,1713
OLD CB,Eric Fleming,,,,,5.30E+12,,,,,,,,,BUC(1),2860,3694.65,10/13/23,10/15/23,2,Buckeye Bungalow,3694.65,,,,,10/4/23,Website/Booking Engine,,Checked Out,,,,,,,,,,95,314.6,196.18,228.87,,,,,,,,,,,3270,9,Direct,Buckeye Bungalow,1635
OLD CB,Kevin Freidberg,,,,,9.24E+12,,,,,,,,,CED(1),558.22,0,10/13/23,10/14/23,1,Cedar Haus,738.14,,,,,10/11/23,Airbnb (API),,Confirmed,,,,,,,,,,95,,39.19,45.73,,,,,,,,,,,653,2,Airbnb,Cedar Haus,653
OLD CB,Brenda Perez,,,,,1.31E+12,,,,,,,,,WAL(1),399,607.81,10/13/23,10/14/23,1,Walnut House,607.81,,,,,10/13/23,Website/Booking Engine,,Checked Out,,,,,,,,,,95,43.89,32.27,37.65,,,,,,,,,,,538,0,Direct,Walnut House,538
OLD CB,Brandon Kuhn,,,,,4.13E+12,,,,,,,,,CED(1),1098,1484.56,10/14/23,10/16/23,2,Cedar Haus,1484.56,,,,,10/9/23,Website/Booking Engine,,Checked Out,,,,,,,,,,95,120.78,78.82,91.96,,,,,,,,,,,1314,5,Direct,Cedar Haus,657
OLD CB,Thomas Zockoll,,,,,6.02E+12,,,,,,,,,PEC(1),400.02,0,10/14/23,10/15/23,1,Pecan Haus,559.37,,,,,10/10/23,Airbnb (API),,Confirmed,,,,,,,,,,95,,29.7,34.65,,,,,,,,,,,495,4,Airbnb,Pecan Haus,495
OLD CB,Darrell Davsley,,,,,7.72E+12,,,,,,,,,SAF(1),930,1273.85,10/14/23,10/15/23,1,Sage Safari,1273.85,,,,,10/11/23,Website/Booking Engine,,Checked Out,,,,,,,,,,95,102.3,67.64,78.91,,,,,,,,,,,1127,3,Direct,Sage Safari,1127
OLD CB,Naomi Appel,,,,,2.56E+11,,,,,,,,,WAL(1),1018,1384.23,10/14/23,10/16/23,2,Walnut House,1384.23,,,,,10/11/23,Website/Booking Engine,,Checked Out,,,,,,,,,,95,111.98,73.5,85.75,,,,,,,,,,,1225,3,Direct,Walnut House,612
OLD CB,Ryan Markey,,,,,5.51E+12,,,,,,,,,DOM(1),1158.25,0,10/14/23,10/15/23,1,Lantana Dome,1416.18,,,,,10/12/23,Airbnb (API),,Confirmed,,,,,,,,,,95,,75.2,87.73,,,,,,,,,,,1253,2,Airbnb,Lantana Dome,1253
OLD CB,Claudia Capetillo,,,,,4.17E+12,,,,,,,,,COC(1),897.22,0,10/14/23,10/15/23,1,Cocoon,1121.21,,,,,10/13/23,Airbnb (API),,Confirmed,,,,,,,,,,95,,59.53,69.46,,,,,,,,,,,992,1,Airbnb,Cocoon,992
OLD CB,Jay Christiansen,,,,,7.20E+11,,,,,,,,,MON(1),395.5,0,10/15/23,10/16/23,1,Monarch,554.27,,,,,10/10/23,Airbnb (API),,Confirmed,,,,,,,,,,95,,29.43,34.34,,,,,,,,,,,491,5,Airbnb,Monarch,491
OLD CB,Wyatt Perez,,,,,7.68E+12,,,,,,,,,SPY(1),640.71,0,10/15/23,10/17/23,2,Spyglass,831.35,,,,,10/11/23,Airbnb (API),,Confirmed,,,,,,,,,,95,,44.14,51.5,,,,,,,,,,,736,4,Airbnb,Spyglass,368
OLD CB,Brandon Brown,,,,,5.38E+12,,,,,,,,,OAK(1),363.86,0,10/15/23,10/16/23,1,Live Oak Lodge,518.51,,,,,10/13/23,Airbnb (API),,Confirmed,,,,,,,,,,95,,27.53,32.12,,,,,,,,,,,459,2,Airbnb,Live Oak Lodge,459
OLD CB,Drew Weafer,,,,,9.39E+12,,,,,,,,,DOM(1),367,567.69,10/15/23,10/17/23,2,Lantana Dome,567.69,,,,,10/15/23,Website/Booking Engine,,Checked Out,,,,,,,,,,95,40.37,30.15,35.17,,,,,,,,,,,502,0,Direct,Lantana Dome,251
OLD CB,Christopher Maisel,,,,,6.26E+12,,,,,,,,,N/A,1912,2505.55,10/16/23,10/20/23,4,Live Oak Lodge,2505.55,,,,,9/9/23,Website/Booking Engine,,Cancelled,,,10/14/23,,,,,,,95,210.32,133.02,155.21,,,,,,,,,,,2217,37,Direct,Live Oak Lodge,554
OLD CB,Katie Strachan,,,,,5.14E+12,,,,,,,,,MON(1),1088,1472.03,10/16/23,10/18/23,2,Monarch,1472.03,,,,,9/29/23,Website/Booking Engine,,Checked Out,,,,,,,,,,95,119.68,78.16,91.19,,,,,,,,,,,1303,17,Direct,Monarch,651
OLD CB,Leshia Toliver,,,,,1.03E+12,,,,,,,,,SAF(1),952,1301.44,10/16/23,10/18/23,2,Sage Safari,1301.44,,,,,10/5/23,Website/Booking Engine,,Checked Out,,,,,,,,,,95,104.72,69.1,80.62,,,,,,,,,,,1152,11,Direct,Sage Safari,576
OLD CB,Kimberly Villavicencio,,,,,3.10E+12,,,,,,,,,BUC(1),396,604.05,10/16/23,10/17/23,1,Buckeye Bungalow,604.05,,,,,10/6/23,Website/Booking Engine,,Checked Out,,,,,,,,,,95,43.56,32.07,37.42,,,,,,,,,,,535,10,Direct,Buckeye Bungalow,535
OLD CB,Ismael Esper,,,,,2.13E+12,,,,,,,,,WAL(1),229,394.58,10/16/23,10/17/23,1,Walnut House,394.58,,,,,10/13/23,Website/Booking Engine,,Checked Out,,,,,,,,,,95,25.19,20.95,24.44,,,,,,,,,,,349,3,Direct,Walnut House,349
OLD CB,Jessica Pease,,,,,6.45E+12,,,,,,,,,N/A,956,1306.46,10/16/23,10/19/23,3,Live Oak Lodge,1306.46,,,,,10/15/23,Website/Booking Engine,,Cancelled,,,10/16/23,,,,,,,95,105.16,69.37,80.93,,,,,,,,,,,1156,1,Direct,Live Oak Lodge,385
OLD CB,Daphne Nunez,,,,,1.74E+12,,,,,,,,,COC(1),200,358.21,10/16/23,10/17/23,1,Cocoon,358.21,,,,,10/16/23,Website/Booking Engine,,Checked Out,,,,,,,,,,95,22,19.02,22.19,,,,,,,,,,,317,0,Direct,Cocoon,317
OLD CB,Kayla Sarantakos,,,,,2.54E+12,,,,,,,,,COC(1),628,895.05,10/17/23,10/19/23,2,Cocoon,895.05,,,,,8/14/23,Website/Booking Engine,,Checked Out,,,,,,,,,,95,69.08,47.52,55.45,,,,,,,,,,,792,64,Direct,Cocoon,396
OLD CB,Patricia Eastman,,,,,2.14E+12,,,,,,,,,"WAL(1), SPY(1)",1468.8,2057.03,10/17/23,10/20/23,3,"Walnut House (Friends & Family Rate), Spyglass (Friends & Family Rate)",2057.03,,,,,9/22/23,Website/Booking Engine,,Checked Out,,,,,,,,,,190,161.58,109.23,127.42,,,,,,,,,,,1820,25,Direct,Walnut House,607
OLD CB,Reema Shroff,,,,,4.24E+11,,,,,,,,,N/A,261,0,10/17/23,10/18/23,1,Walnut House,434.72,,,,,10/16/23,Website/Booking Engine,,Cancelled,,,10/17/23,,,,,,,95,28.71,23.08,26.93,,,,,,,,,,,385,1,Direct,Walnut House,385
OLD CB,Khoula Strong,,,,,6.87E+12,,,,,,,,,MON(1),908,1246.27,10/18/23,10/20/23,2,Monarch,1246.27,,,,,7/21/23,Website/Booking Engine,,Checked Out,,,,,,,,,,95,99.88,66.18,77.21,,,,,,,,,,,1103,89,Direct,Monarch,551
OLD CB,Randy Guillot,,,,,5.44E+12,,,,,,,,,N/A,1726,2272.29,10/18/23,10/21/23,3,Spyglass,2272.29,,,,,7/30/23,Website/Booking Engine,,Cancelled,,,10/17/23,,,,,,,95,189.86,120.66,140.77,,,,,,,,,,,2011,80,Direct,Spyglass,670
OLD CB,Linsey Parks,,,,,1.39E+12,,,,,,,,,DOM(1),2068,2701.24,10/18/23,10/21/23,3,Lantana Dome,2701.24,,,,,8/25/23,Website/Booking Engine,,Checked Out,,,,,,,,,,95,227.48,143.42,167.34,,,,,,,,,,,2390,54,Direct,Lantana Dome,797
OLD CB,Vicki Sanders,,,,,1.93E+12,,,,,,,,,PEC(1),421,635.42,10/18/23,10/20/23,2,Pecan Haus,635.42,,,,,10/16/23,Website/Booking Engine,,Checked Out,,,,,,,,,,95,46.31,33.74,39.37,,,,,,,,,,,562,2,Direct,Pecan Haus,281
OLD CB,Jessi Shores,,,,,7.80E+11,,,,,,,,,COC(1),1741.33,0,10/19/23,10/22/23,3,Cocoon,2075.06,,,,,6/4/23,Airbnb (API),,Confirmed,,,,,,,,,,95,,110.19,128.54,,,,,,,,,,,1836,137,Airbnb,Cocoon,612
OLD CB,Jessica Glasner,,,,,6.96E+12,,,,,,,,,N/A,1436,763.27,10/19/23,10/21/23,2,Sage Safari,1908.53,,,,,8/19/23,Website/Booking Engine,,Cancelled,,,10/17/23,,,,,,,95,157.96,101.34,118.23,,,,,,,,,,,1689,61,Direct,Sage Safari,844
OLD CB,Keerthi Sanjana Mendu,,,,,8.89E+12,,,,,,,,,BUC(1),322.05,0,10/19/23,10/20/23,1,Buckeye Bungalow,471.26,,,,,10/19/23,Airbnb (API),,Confirmed,,,,,,,,,,95,,25.02,29.19,,,,,,,,,,,417,0,Airbnb,Buckeye Bungalow,417
OLD CB,Sarah Liberty,,,,,2.89E+12,,,,,,,,,SAF(1),272,448.52,10/19/23,10/20/23,1,Sage Safari,448.52,,,,,10/19/23,Website/Booking Engine,,Checked Out,,,,,,,,,,95,29.92,23.82,27.78,,,,,,,,,,,397,0,Direct,Sage Safari,397
OLD CB,Jody Henry,,,,,5.90E+12,,,,,,,,,PEC(1),872,0,10/20/23,10/22/23,2,Pecan Haus,1201.11,,,,,8/6/23,Website/Booking Engine,,Checked Out,,,,,,,,,,95,95.92,63.78,74.41,,,,,,,,,,,1063,75,Direct,Pecan Haus,531
OLD CB,Kelsey Northway,,,,,3.53E+12,,,,,,,,,WAL(1),2600,3368.53,10/20/23,10/22/23,2,Walnut House,3368.53,,,,,9/14/23,Website/Booking Engine,,Checked Out,,,,,,,,,,95,286,178.86,208.67,,,,,,,,,,,2981,36,Direct,Walnut House,1491
OLD CB,Ali Jahanian,,,,,2.82E+12,,,,,,,,,OAK(1),2600,3368.53,10/20/23,10/22/23,2,Live Oak Lodge,3368.53,,,,,10/5/23,Website/Booking Engine,,Checked Out,,,,,,,,,,95,286,178.86,208.67,,,,,,,,,,,2981,15,Direct,Live Oak Lodge,1491
OLD CB,Stephanie Butler,,,,,7.34E+12,,,,,,,,,CED(1),770.66,0,10/20/23,10/22/23,2,Cedar Haus,978.19,,,,,10/17/23,Airbnb (API),,Confirmed,,,,,,,,,,95,,51.94,60.59,,,,,,,,,,,866,3,Airbnb,Cedar Haus,433
OLD CB,Raymon Hankins,,,,,2.73E+12,,,,,,,,,BUC(1),1062.2,0,10/20/23,10/22/23,2,Buckeye Bungalow,1307.65,,,,,10/17/23,Airbnb (API),,Confirmed,,,,,,,,,,95,,69.44,81.01,,,,,,,,,,,1157,3,Airbnb,Buckeye Bungalow,579
OLD CB,Marcela Hernandez,,,,,8.63E+12,,,,,,,,,JUN(1),618,882.51,10/20/23,10/22/23,2,Juniper Haus,882.51,,,,,10/17/23,Website/Booking Engine,,Checked Out,,,,,,,,,,95,67.98,46.86,54.67,,,,,,,,,,,781,3,Direct,Juniper Haus,390
OLD CB,Michael Hammel,,,,,1.60E+12,,,,,,,,,SPY(1),614,877.49,10/20/23,10/21/23,1,Spyglass,877.49,,,,,10/18/23,Website/Booking Engine,,Checked Out,,,,,,,,,,95,67.54,46.59,54.36,,,,,,,,,,,777,2,Direct,Spyglass,777
OLD CB,Lisa Norman,,,,,4.87E+12,,,,,,,,,SAF(1),1458.83,0,10/20/23,10/22/23,2,Sage Safari,1755.83,,,,,10/18/23,Airbnb (API),,Confirmed,,,,,,,,,,95,,93.23,108.77,,,,,,,,,,,1554,2,Airbnb,Sage Safari,777
OLD CB,Steven Reyna,,,,,7.53E+12,,,,,,,,,SPY(1),778.57,0,10/21/23,10/22/23,1,Spyglass,987.13,,,,,10/17/23,Airbnb (API),,Confirmed,,,,,,,,,,95,,52.41,61.15,,,,,,,,,,,874,4,Airbnb,Spyglass,874
OLD CB,Stormy Salcido,,,,,3.10E+12,,,,,,,,,DOM(1),791,1099.5,10/21/23,10/23/23,2,Lantana Dome,1099.5,,,,,10/18/23,Website/Booking Engine,,Checked Out,,,,,,,,,,95,87.01,58.38,68.11,,,,,,,,,,,973,3,Direct,Lantana Dome,487
OLD CB,KaSandra Soto,,,,,9.00E+12,,,,,,,,,MON(1),897.22,0,10/21/23,10/22/23,1,Monarch,1121.21,,,,,10/21/23,Airbnb (API),,Confirmed,,,,,,,,,,95,,59.53,69.46,,,,,,,,,,,992,0,Airbnb,Monarch,992
OLD CB,Jessica Eason,,,,,9.90E+12,,,,,,,,,BUC(1),229,394.58,10/22/23,10/23/23,1,Buckeye Bungalow,394.58,,,,,10/14/23,Website/Booking Engine,,Checked Out,,,,,,,,,,95,25.19,20.95,24.44,,,,,,,,,,,349,8,Direct,Buckeye Bungalow,349
OLD CB,Shannon Hammons,,,,,9.18E+12,,,,,,,,,SPY(1),385.33,0,10/22/23,10/23/23,1,Spyglass,542.77,,,,,10/16/23,Airbnb (API),,Confirmed,,,,,,,,,,95,,28.82,33.62,,,,,,,,,,,480,6,Airbnb,Spyglass,480
OLD CB,Juanpedro Gomez,,,,,8.31E+12,,,,,,,,,OAK(1),251,422.18,10/22/23,10/23/23,1,Live Oak Lodge,422.18,,,,,10/16/23,Website/Booking Engine,,Checked Out,,,,,,,,,,95,27.61,22.42,26.15,,,,,,,,,,,374,6,Direct,Live Oak Lodge,374
OLD CB,Ida Quintanilla,,,,,7.45E+12,,,,,,,,,N/A,338,21.02,10/22/23,10/24/23,2,Pecan Haus,531.31,,,,,10/16/23,Website/Booking Engine,,Cancelled,,,10/20/23,,,,,,,95,37.18,28.22,32.91,,,,,,,,,,,470,6,Direct,Pecan Haus,235
OLD CB,Mackenzie Skrla,,,,,8.84E+12,,,,,,,,,WAL(1),968,1321.52,10/22/23,10/26/23,4,Walnut House,1321.52,,,,,10/16/23,Website/Booking Engine,,Checked Out,,,,,,,,,,95,106.48,70.18,81.86,,,,,,,,,,,1169,6,Direct,Walnut House,292
OLD CB,Eric Langlois,,,,,6.07E+12,,,,,,,,,SAF(1),251,422.18,10/22/23,10/23/23,1,Sage Safari,422.18,,,,,10/18/23,Website/Booking Engine,,Checked Out,,,,,,,,,,95,27.61,22.42,26.15,,,,,,,,,,,374,4,Direct,Sage Safari,374
OLD CB,Stella Wang,,,,,4.90E+12,,,,,,,,,COC(1),206,365.74,10/22/23,10/23/23,1,Cocoon,365.74,,,,,10/18/23,Website/Booking Engine,,Checked Out,,,,,,,,,,95,22.66,19.42,22.66,,,,,,,,,,,324,4,Direct,Cocoon,324
OLD CB,Jessica Arman,,,,,9.92E+12,,,,,,,,,JUN(1),338,531.31,10/22/23,10/24/23,2,Juniper Haus,531.31,,,,,10/19/23,Website/Booking Engine,,Checked Out,,,,,,,,,,95,37.18,28.22,32.91,,,,,,,,,,,470,3,Direct,Juniper Haus,235
OLD CB,Beatriz Liborio,,,,,1.35E+12,,,,,,,,,CED(1),298.32,0,10/22/23,10/23/23,1,Cedar Haus,444.45,,,,,10/21/23,Airbnb (API),,Confirmed,,,,,,,,,,95,,23.6,27.53,,,,,,,,,,,393,1,Airbnb,Cedar Haus,393
OLD CB,Sai Alekhya Kandikonda,,,,,7.06E+12,,,,,,,,,PEC(1),169,319.33,10/22/23,10/23/23,1,Pecan Haus,319.33,,,,,10/21/23,Website/Booking Engine,,Checked Out,,,,,,,,,,95,18.59,16.96,19.78,,,,,,,,,,,283,1,Direct,Pecan Haus,283
OLD CB,Lizzie Tricks,,,,,9.32E+12,,,,,,,,,DOM(1),768,1070.65,10/23/23,10/25/23,2,Lantana Dome,1070.65,,,,,8/25/23,Website/Booking Engine,,Checked Out,,,,,,,,,,95,84.48,56.84,66.33,,,,,,,,,,,947,59,Direct,Lantana Dome,474
OLD CB,Gregg Ontiveros,,,,,1.23E+12,,,,,,,,,SAF(1),318,506.22,10/23/23,10/24/23,1,Sage Safari,506.22,,,,,10/8/23,Website/Booking Engine,,Checked Out,,,,,,,,,,95,34.98,26.88,31.36,,,,,,,,,,,448,15,Direct,Sage Safari,448
OLD CB,Trinh Vu,,,,,1.78E+12,,,,,,,,,COC(1),616,879.99,10/23/23,10/25/23,2,Cocoon,879.99,,,,,10/9/23,Website/Booking Engine,,Checked Out,,,,,,,,,,95,67.76,46.72,54.51,,,,,,,,,,,779,14,Direct,Cocoon,389
OLD CB,Silas Wallerstein,,,,,1.60E+12,,,,,,,,,SPY(1),461.04,0,10/23/23,10/24/23,1,Spyglass,628.32,,,,,10/10/23,Airbnb (API),,Confirmed,,,,,,,,,,95,,33.36,38.92,,,,,,,,,,,556,13,Airbnb,Spyglass,556
OLD CB,Gregg Dalley,,,,,1.97E+12,,,,,,,,,OAK(1),402.29,0,10/23/23,10/24/23,1,Live Oak Lodge,561.94,,,,,10/13/23,Airbnb (API),,Confirmed,,,,,,,,,,95,,29.84,34.81,,,,,,,,,,,497,10,Airbnb,Live Oak Lodge,497
OLD CB,Romie Beltran,,,,,5.11E+12,,,,,,,,,PEC(1),338,531.31,10/23/23,10/25/23,2,Pecan Haus,531.31,,,,,10/20/23,Website/Booking Engine,,Checked Out,,,,,,,,,,95,37.18,28.22,32.91,,,,,,,,,,,470,3,Direct,Pecan Haus,235
OLD CB,Kara Mciver,,,,,9.42E+12,,,,,,,,,CED(1),169,319.33,10/23/23,10/24/23,1,Cedar Haus,319.33,,,,,10/22/23,Website/Booking Engine,,Checked Out,,,,,,,,,,95,18.59,16.96,19.78,,,,,,,,,,,283,1,Direct,Cedar Haus,283
OLD CB,Yesenia Crabb,,,,,2.28E+12,,,,,,,,,OAK(1),956,1306.45,10/24/23,10/26/23,2,Live Oak Lodge,1306.45,,,,,8/31/23,Website/Booking Engine,,Checked Out,,,,,,,,,,95,105.16,69.36,80.93,,,,,,,,,,,1156,54,Direct,Live Oak Lodge,578
OLD CB,Colin Conn,,,,,7.23E+12,,,,,,,,,MON(1),478,706.91,10/24/23,10/26/23,2,Monarch,706.91,,,,,10/11/23,Website/Booking Engine,,Checked Out,,,,,,,,,,95,52.58,37.54,43.79,,,,,,,,,,,626,13,Direct,Monarch,313
OLD CB,Javier Arriagada,,,,,9.25E+12,,,,,,,,,SPY(1),239,407.13,10/24/23,10/25/23,1,Spyglass,407.13,,,,,10/12/23,Website/Booking Engine,,Checked Out,,,,,,,,,,95,26.29,21.62,25.22,,,,,,,,,,,360,12,Direct,Spyglass,360
OLD CB,Tyler Sells,,,,,4.47E+12,,,,,,,,,SAF(1),239,407.13,10/24/23,10/25/23,1,Sage Safari,407.13,,,,,10/18/23,Website/Booking Engine,,Checked Out,,,,,,,,,,95,26.29,21.62,25.22,,,,,,,,,,,360,6,Direct,Sage Safari,360
OLD CB,Derek Lane,,,,,2.67E+12,,,,,,,,,BUC(1),836,1155.94,10/25/23,10/27/23,2,Buckeye Bungalow,1155.94,,,,,10/6/23,Website/Booking Engine,,Checked Out,,,,,,,,,,95,91.96,61.37,71.61,,,,,,,,,,,1023,19,Direct,Buckeye Bungalow,511
OLD CB,Yadira Cuellar,,,,,7.99E+12,,,,,,,,,SAF(1),388.72,0,10/25/23,10/26/23,1,Sage Safari,546.6,,,,,10/16/23,Airbnb (API),,Confirmed,,,,,,,,,,95,,29.02,33.86,,,,,,,,,,,484,9,Airbnb,Sage Safari,484
OLD CB,Ethan Wellman,,,,,9.80E+12,,,,,,,,,COC(1),231,397.09,10/25/23,10/26/23,1,Cocoon,397.09,,,,,10/21/23,Website/Booking Engine,,Checked Out,,,,,,,,,,95,25.41,21.08,24.6,,,,,,,,,,,351,4,Direct,Cocoon,351
OLD CB,Samuel Stavinoha,,,,,6.10E+12,,,,,,,,,SPY(1),371.77,0,10/25/23,10/26/23,1,Spyglass,527.45,,,,,10/22/23,Airbnb (API),,Confirmed,,,,,,,,,,95,,28.01,32.67,,,,,,,,,,,467,3,Airbnb,Spyglass,467
OLD CB,Steven Northrup,,,,,6.08E+12,,,,,,,,,PEC(1),381,585.24,10/25/23,10/27/23,2,Pecan Haus,585.24,,,,,10/25/23,Website/Booking Engine,,Checked Out,,,,,,,,,,95,41.91,31.08,36.25,,,,,,,,,,,518,0,Direct,Pecan Haus,259
OLD CB,Bryan Marshall,,,,,8.17E+12,,,,,,,,,MON(1),2090,2728.85,10/26/23,10/29/23,3,Monarch,2728.85,,,,,8/22/23,Website/Booking Engine,,Checked Out,,,,,,,,,,95,229.9,144.9,169.05,,,,,,,,,,,2415,65,Direct,Monarch,805
OLD CB,James Kersey,,,,,8.98E+12,,,,,,,,,SPY(1),2090,2728.85,10/26/23,10/29/23,3,Spyglass,2728.85,,,,,8/23/23,Website/Booking Engine,,Checked Out,,,,,,,,,,95,229.9,144.9,169.05,,,,,,,,,,,2415,64,Direct,Spyglass,805
OLD CB,Carla Johnson,,,,,6.96E+12,,,,,,,,,OAK(1),478,706.9,10/26/23,10/27/23,1,Live Oak Lodge,706.9,,,,,9/15/23,Website/Booking Engine,,Checked Out,,,,,,,,,,95,52.58,37.53,43.79,,,,,,,,,,,626,41,Direct,Live Oak Lodge,626
OLD CB,James Hayes,,,,,9.03E+12,,,,,,,,,COC(1),358,556.39,10/26/23,10/27/23,1,Cocoon,556.39,,,,,10/17/23,Website/Booking Engine,,Checked Out,,,,,,,,,,95,39.38,29.54,34.47,,,,,,,,,,,492,9,Direct,Cocoon,492
OLD CB,Samuel Stavinoha,,,,,7.83E+12,,,,,,,,,JUN(1),309.62,0,10/26/23,10/27/23,1,Juniper Haus,457.22,,,,,10/26/23,Airbnb (API),,Confirmed,,,,,,,,,,95,,24.28,28.32,,,,,,,,,,,405,0,Airbnb,Juniper Haus,405
OLD CB,Steven Hoang,,,,,1.61E+12,,,,,,,,,SAF(1),1636,2159.39,10/27/23,10/29/23,2,Sage Safari,2159.39,,,,,8/16/23,Website/Booking Engine,,Checked Out,,,,,,,,,,95,179.96,114.66,133.77,,,,,,,,,,,1911,72,Direct,Sage Safari,955
OLD CB,Ellen Beverly,,,,,8.32E+12,,,,,,,,,JUN(1),726,1017.99,10/27/23,10/29/23,2,Juniper Haus,1017.99,,,,,8/23/23,Website/Booking Engine,,Checked Out,,,,,,,,,,95,79.86,54.06,63.07,,,,,,,,,,,901,65,Direct,Juniper Haus,450
OLD CB,Brianna Berkowitz,,,,,5.26E+12,,,,,,,,,OAK(1),2600,3368.53,10/27/23,10/29/23,2,Live Oak Lodge,3368.53,,,,,8/29/23,Website/Booking Engine,,Checked Out,,,,,,,,,,95,286,178.86,208.67,,,,,,,,,,,2981,59,Direct,Live Oak Lodge,1491
OLD CB,April Collmar,,,,,6.67E+12,,,,,,,,,WAL(1),3491,4486.11,10/27/23,10/30/23,3,Walnut House,4486.11,,,,,10/17/23,Website/Booking Engine,,Checked Out,,,,,,,,,,95,384.01,238.2,277.9,,,,,,,,,,,3970,10,Direct,Walnut House,1323
OLD CB,Kristin Harper,,,,,3.49E+12,,,,,,,,,PEC(1),748,1045.57,10/27/23,10/29/23,2,Pecan Haus,1045.57,,,,,10/24/23,Website/Booking Engine,,Checked Out,,,,,,,,,,95,82.28,55.52,64.77,,,,,,,,,,,925,3,Direct,Pecan Haus,463
OLD CB,Chrtopher Draper,,,,,4.15E+12,,,,,,,,,CED(1),436,654.23,10/27/23,10/29/23,2,Cedar Haus,654.23,,,,,10/26/23,Website/Booking Engine,,Checked Out,,,,,,,,,,95,47.96,34.74,40.53,,,,,,,,,,,579,1,Direct,Cedar Haus,289
OLD CB,Julia Schwaegerl,,,,,5.00E+12,,,,,,,,,N/A,1215.88,0,10/29/23,10/31/23,2,Spyglass,1481.31,,,,,9/17/23,Airbnb (API),,Cancelled,,,10/21/23,,,,,,,95,,78.66,91.77,,,,,,,,,,,1311,42,Airbnb,Spyglass,655
OLD CB,Mary McKeever,,,,,7.09E+10,,,,,,,,,MON(1),598,857.43,10/29/23,10/31/23,2,Monarch,857.43,,,,,10/14/23,Website/Booking Engine,,Checked Out,,,,,,,,,,95,65.78,45.53,53.12,,,,,,,,,,,759,15,Direct,Monarch,379
OLD CB,Andre Ramirez,,,,,5.36E+11,,,,,,,,,CED(1),169,319.33,10/29/23,10/30/23,1,Cedar Haus,319.33,,,,,10/19/23,Website/Booking Engine,,Checked Out,,,,,,,,,,95,18.59,16.96,19.78,,,,,,,,,,,283,10,Direct,Cedar Haus,283
OLD CB,Haileigh Houston,,,,,5.46E+12,,,,,,,,,SAF(1),319,507.48,10/29/23,10/30/23,1,Sage Safari,507.48,,,,,10/20/23,Website/Booking Engine,,Checked Out,,,,,,,,,,95,35.09,26.95,31.44,,,,,,,,,,,449,9,Direct,Sage Safari,449
OLD CB,Jamie Hiebert,,,,,1.69E+12,,,,,,,,,DOM(1),684,965.3,10/29/23,10/31/23,2,Lantana Dome,965.3,,,,,10/24/23,Website/Booking Engine,,Checked Out,,,,,,,,,,95,75.24,51.26,59.8,,,,,,,,,,,854,5,Direct,Lantana Dome,427
OLD CB,Victoria Moroz,,,,,2.94E+12,,,,,,,,,JUN(1),135,276.68,10/29/23,10/30/23,1,Juniper Haus,276.68,,,,,10/25/23,Website/Booking Engine,,Checked Out,,,,,,,,,,95,14.85,14.69,17.14,,,,,,,,,,,245,4,Direct,Juniper Haus,245
OLD CB,Karen Alas,,,,,1.32E+12,,,,,,,,,PEC(1),108,242.81,10/29/23,10/30/23,1,Pecan Haus,242.81,,,,,10/26/23,Website/Booking Engine,,Checked Out,,,,,,,,,,95,11.88,12.89,15.04,,,,,,,,,,,215,3,Direct,Pecan Haus,215
OLD CB,Joe Castro,,,,,6.28E+12,,,,,,,,,OAK(1),354.82,0,10/29/23,10/30/23,1,Live Oak Lodge,508.3,,,,,10/28/23,Airbnb (API),,Confirmed,,,,,,,,,,95,,26.99,31.49,,,,,,,,,,,450,1,Airbnb,Live Oak Lodge,450
OLD CB,Max Ashley,,,,,1.83E+12,,,,,,,,,SPY(1),209,369.5,10/29/23,10/30/23,1,Spyglass,369.5,,,,,10/28/23,Website/Booking Engine,,Checked Out,,,,,,,,,,95,22.99,19.62,22.89,,,,,,,,,,,327,1,Direct,Spyglass,327
OLD CB,Timothy Rouser,,,,,8.98E+12,,,,,,,,,OAK(1),558,807.25,10/30/23,11/1/23,2,Live Oak Lodge,807.25,,,,,10/21/23,Website/Booking Engine,,Checked Out,,,,,,,,,,95,61.38,42.86,50.01,,,,,,,,,,,714,9,Direct,Live Oak Lodge,357
OLD CB,Jazmyn Satchell,,,,,6.29E+12,,,,,,,,,MON(1),908,1246.27,10/31/23,11/2/23,2,Monarch,1246.27,,,,,8/13/23,Website/Booking Engine,,Checked Out,,,,,,,,,,95,99.88,66.18,77.21,,,,,,,,,,,1103,79,Direct,Monarch,551
OLD CB,Iyad Aldwaik,,,,,9.38E+12,,,,,,,,,N/A,749.19,0,10/31/23,11/2/23,2,Sage Safari,953.94,,,,,10/23/23,Airbnb (API),,Cancelled,,,10/25/23,,,,,,,95,,50.66,59.09,,,,,,,,,,,844,8,Airbnb,Sage Safari,422
OLD CB,Iyad Aldwaik,,,,,1.39E+11,,,,,,,,,SAF(1),749.19,0,10/31/23,11/2/23,2,Sage Safari,953.94,,,,,10/25/23,Airbnb (API),,Confirmed,,,,,,,,,,95,,50.66,59.09,,,,,,,,,,,844,6,Airbnb,Sage Safari,422
OLD CB,Brenda Gorman,,,,,4.21E+12,,,,,,,,,WAL(1),558,807.25,10/31/23,11/2/23,2,Walnut House,807.25,,,,,10/27/23,Website/Booking Engine,,Checked Out,,,,,,,,,,95,61.38,42.86,50.01,,,,,,,,,,,714,4,Direct,Walnut House,357
OLD CB,Sherry Hilley,,,,,8.55E+12,,,,,,,,,N/A,209,0,10/31/23,11/1/23,1,Spyglass,369.5,,,,,10/31/23,Website/Booking Engine,,Cancelled,,,10/31/23,,,,,,,95,22.99,19.62,22.89,,,,,,,,,,,327,0,Direct,Spyglass,327
OLD CB,Francie Medford,,,,,8.75E+12,,,,,,,,,COC(1),418,631.65,10/31/23,11/2/23,2,Cocoon,631.65,,,,,10/31/23,Website/Booking Engine,,Checked Out,,,,,,,,,,95,45.98,33.54,39.13,,,,,,,,,,,559,0,Direct,Cocoon,279
OLD CB,Tara Roesch,,,,,9.92E+11,,,,,,,,,SPY(1),908,1246.27,11/1/23,11/3/23,2,Spyglass,1246.27,,,,,8/24/23,Website/Booking Engine,,Checked Out,,,,,,,,,,95,99.88,66.18,77.21,,,,,,,,,,,1103,69,Direct,Spyglass,551
OLD CB,Blake Hansen,,,,,3.12E+11,,,,,,,,,OAK(1),558,807.25,11/1/23,11/3/23,2,Live Oak Lodge,807.25,,,,,10/22/23,Website/Booking Engine,,Checked Out,,,,,,,,,,95,61.38,42.86,50.01,,,,,,,,,,,714,10,Direct,Live Oak Lodge,357
OLD CB,Anthony Vargas,,,,,1.16E+12,,,,,,,,,DOM(1),411.32,0,11/1/23,11/2/23,1,Lantana Dome,572.14,,,,,10/26/23,Airbnb (API),,Confirmed,,,,,,,,,,95,,30.38,35.44,,,,,,,,,,,506,6,Airbnb,Lantana Dome,506
OLD CB,Brian Mason,,,,,2.02E+12,,,,,,,,,MON(1),3052,3935.47,11/2/23,11/5/23,3,Monarch,3935.47,,,,,10/1/23,Website/Booking Engine,,Checked Out,,,,,,,,,,95,335.72,208.96,243.79,,,,,,,,,,,3483,32,Direct,Monarch,1161
OLD CB,Alonso Chavira,,,,,5.86E+12,,,,,,,,,JUN(1),626,892.54,11/2/23,11/4/23,2,Juniper Haus,892.54,,,,,10/23/23,Website/Booking Engine,,Checked Out,,,,,,,,,,95,68.86,47.39,55.29,,,,,,,,,,,790,10,Direct,Juniper Haus,395
OLD CB,Kaleb Piszczor,,,,,6.29E+12,,,,,,,,,DOM(1),229,394.58,11/2/23,11/3/23,1,Lantana Dome,394.58,,,,,10/24/23,Website/Booking Engine,,Checked Out,,,,,,,,,,95,25.19,20.95,24.44,,,,,,,,,,,349,9,Direct,Lantana Dome,349
OLD CB,Jolie S,,,,,2.53E+12,,,,,,,,,SAF(1),433.92,0,11/2/23,11/3/23,1,Sage Safari,597.68,,,,,10/31/23,Airbnb (API),,Confirmed,,,,,,,,,,95,,31.74,37.02,,,,,,,,,,,529,2,Airbnb,Sage Safari,529
OLD CB,Charles Bailey,,,,,7.56E+12,,,,,,,,,COC(1),229,394.58,11/2/23,11/3/23,1,Cocoon,394.58,,,,,10/31/23,Website/Booking Engine,,Checked Out,,,,,,,,,,95,25.19,20.95,24.44,,,,,,,,,,,349,2,Direct,Cocoon,349
OLD CB,Jessica Gomez,,,,,4.04E+12,,,,,,,,,BUC(1),229,394.58,11/2/23,11/3/23,1,Buckeye Bungalow,394.58,,,,,10/31/23,Website/Booking Engine,,Checked Out,,,,,,,,,,95,25.19,20.95,24.44,,,,,,,,,,,349,2,Direct,Buckeye Bungalow,349
OLD CB,Abram Trevino,,,,,3.81E+12,,,,,,,,,OAK(1),1724,2269.77,11/3/23,11/5/23,2,Live Oak Lodge,2269.77,,,,,7/26/23,Website/Booking Engine,,Checked Out,,,,,,,,,,95,189.64,120.52,140.61,,,,,,,,,,,2009,100,Direct,Live Oak Lodge,1004
OLD CB,jarrett Lemke,,,,,2.90E+12,,,,,,,,,COC(1),1718,2262.23,11/3/23,11/5/23,2,Cocoon,2262.23,,,,,10/21/23,Website/Booking Engine,,Checked Out,,,,,,,,,,95,188.98,120.12,140.13,,,,,,,,,,,2002,13,Direct,Cocoon,1001
OLD CB,Michelle Arias,,,,,5.23E+12,,,,,,,,,BUC(1),1254,1680.25,11/3/23,11/5/23,2,Buckeye Bungalow,1680.25,,,,,10/22/23,Website/Booking Engine,,Checked Out,,,,,,,,,,95,137.94,89.22,104.09,,,,,,,,,,,1487,12,Direct,Buckeye Bungalow,743
OLD CB,Andrew Rinker,,,,,1.21E+12,,,,,,,,,DOM(1),1604,2119.25,11/3/23,11/5/23,2,Lantana Dome,2119.25,,,,,10/23/23,Website/Booking Engine,,Checked Out,,,,,,,,,,95,176.44,112.52,131.29,,,,,,,,,,,1875,11,Direct,Lantana Dome,938
OLD CB,Seth Wink,,,,,4.23E+12,,,,,,,,,PEC(1),874,1203.59,11/3/23,11/5/23,2,Pecan Haus,1203.59,,,,,10/24/23,Website/Booking Engine,,Checked Out,,,,,,,,,,95,96.14,63.9,74.55,,,,,,,,,,,1065,10,Direct,Pecan Haus,533
OLD CB,Andrew Montenegro,,,,,7.10E+12,,,,,,,,,SPY(1),2086,1373.81,11/3/23,11/5/23,2,Spyglass,2723.81,,,,,10/29/23,Website/Booking Engine,,Checked Out,,,,,,,,,,95,229.46,144.62,168.73,,,,,,,,,,,2410,5,Direct,Spyglass,1205
OLD CB,Matt Mitchell,,,,,9.04E+12,,,,,,,,,CED(1),760.49,0,11/3/23,11/5/23,2,Cedar Haus,966.71,,,,,10/31/23,Airbnb (API),,Confirmed,,,,,,,,,,95,,51.33,59.89,,,,,,,,,,,855,3,Airbnb,Cedar Haus,428
OLD CB,Clinton Akoma,,,,,2.51E+12,,,,,,,,,SAF(1),1986.54,0,11/3/23,11/6/23,3,Sage Safari,2352.13,,,,,11/1/23,Airbnb (API),,Confirmed,,,,,,,,,,95,,124.89,145.7,,,,,,,,,,,2082,2,Airbnb,Sage Safari,694
OLD CB,Maggie Lin,,,,,1.70E+11,,,,,,,,,WAL(1),379,582.73,11/3/23,11/4/23,1,Walnut House,582.73,,,,,11/2/23,Website/Booking Engine,,Checked Out,,,,,,,,,,95,41.69,30.94,36.1,,,,,,,,,,,516,1,Direct,Walnut House,516
OLD CB,Terris Tiller,,,,,6.42E+12,,,,,,,,,WAL(1),991,1350.36,11/4/23,11/6/23,2,Walnut House,1350.36,,,,,11/1/23,Website/Booking Engine,,Checked Out,,,,,,,,,,95,109.01,71.7,83.65,,,,,,,,,,,1195,3,Direct,Walnut House,598
OLD CB,Julia Plocica,,,,,7.50E+12,,,,,,,,,JUN(1),649.75,0,11/4/23,11/6/23,2,Juniper Haus,841.56,,,,,11/3/23,Airbnb (API),,Confirmed,,,,,,,,,,95,,44.68,52.13,,,,,,,,,,,745,1,Airbnb,Juniper Haus,372
OLD CB,Paige Vaughan,,,,,3.91E+12,,,,,,,,,SPY(1),1539.06,0,11/5/23,11/7/23,2,Spyglass,1846.49,,,,,8/14/23,Airbnb (API),,Confirmed,,,,,,,,,,95,,98.04,114.39,,,,,,,,,,,1634,83,Airbnb,Spyglass,817
OLD CB,Jordi Wood,,,,,2.33E+12,,,,,,,,,MON(1),343.52,0,11/5/23,11/6/23,1,Monarch,495.53,,,,,10/29/23,Airbnb (API),,Confirmed,,,,,,,,,,95,,26.31,30.7,,,,,,,,,,,439,7,Airbnb,Monarch,439
OLD CB,Jenny Boos,,,,,6.08E+12,,,,,,,,,OAK(1),354.82,0,11/5/23,11/6/23,1,Live Oak Lodge,508.3,,,,,11/3/23,Airbnb (API),,Confirmed,,,,,,,,,,95,,26.99,31.49,,,,,,,,,,,450,2,Airbnb,Live Oak Lodge,450
OLD CB,Danny Myrick,,,,,4.63E+12,,,,,,,,,COC(1),209,369.5,11/5/23,11/6/23,1,Cocoon,369.5,,,,,11/4/23,Website/Booking Engine,,Checked Out,,,,,,,,,,95,22.99,19.62,22.89,,,,,,,,,,,327,1,Direct,Cocoon,327
OLD CB,Jason Rowlett,,,,,7.56E+12,,,,,,,,,WAL(1),557,806,11/6/23,11/8/23,2,Walnut House,806,,,,,10/16/23,Website/Booking Engine,,Checked Out,,,,,,,,,,95,61.27,42.8,49.93,,,,,,,,,,,713,21,Direct,Walnut House,357
OLD CB,Lainey Muhlberg,,,,,4.92E+12,,,,,,,,,SAF(1),557,806,11/6/23,11/8/23,2,Sage Safari,806,,,,,10/16/23,Website/Booking Engine,,Checked Out,,,,,,,,,,95,61.27,42.8,49.93,,,,,,,,,,,713,21,Direct,Sage Safari,357
OLD CB,Kathy Rain,,,,,1.04E+12,,,,,,,,,OAK(1),251,422.18,11/6/23,11/7/23,1,Live Oak Lodge,422.18,,,,,10/23/23,Website/Booking Engine,,Checked Out,,,,,,,,,,95,27.61,22.42,26.15,,,,,,,,,,,374,14,Direct,Live Oak Lodge,374
OLD CB,Stephanie Adkins,,,,,2.33E+12,,,,,,,,,BUC(1),539,783.41,11/6/23,11/8/23,2,Buckeye Bungalow,783.41,,,,,10/27/23,Website/Booking Engine,,Checked Out,,,,,,,,,,95,59.29,41.59,48.53,,,,,,,,,,,693,10,Direct,Buckeye Bungalow,347
OLD CB,Kevin Royer,,,,,7.12E+12,,,,,,,,,MON(1),343.52,0,11/6/23,11/7/23,1,Monarch,495.53,,,,,10/29/23,Airbnb (API),,Confirmed,,,,,,,,,,95,,26.31,30.7,,,,,,,,,,,439,8,Airbnb,Monarch,439
OLD CB,Dawson Heath,,,,,1.87E+12,,,,,,,,,COC(1),209,369.5,11/6/23,11/7/23,1,Cocoon,369.5,,,,,10/30/23,Website/Booking Engine,,Checked Out,,,,,,,,,,95,22.99,19.62,22.89,,,,,,,,,,,327,7,Direct,Cocoon,327
OLD CB,Raye Breaux,,,,,9.95E+12,,,,,,,,,SPY(1),1022,1389.25,11/7/23,11/9/23,2,Spyglass,1389.25,,,,,7/18/23,Website/Booking Engine,,Checked Out,,,,,,,,,,95,112.42,73.77,86.06,,,,,,,,,,,1229,112,Direct,Spyglass,615
OLD CB,Richard Francis,,,,,6.56E+12,,,,,,,,,MON(1),1022,1389.25,11/7/23,11/9/23,2,Monarch,1389.25,,,,,8/26/23,Website/Booking Engine,,Checked Out,,,,,,,,,,95,112.42,73.77,86.06,,,,,,,,,,,1229,73,Direct,Monarch,615
OLD CB,Yngvil Schiager,,,,,5.09E+10,,,,,,,,,COC(1),583,838.61,11/7/23,11/9/23,2,Cocoon,838.61,,,,,10/18/23,Website/Booking Engine,,Checked Out,,,,,,,,,,95,64.13,44.53,51.95,,,,,,,,,,,742,20,Direct,Cocoon,371
OLD CB,Bob Popp,,,,,2.92E+12,,,,,,,,,JUN(1),216,378.28,11/7/23,11/8/23,1,Juniper Haus,378.28,,,,,10/30/23,Website/Booking Engine,,Checked Out,,,,,,,,,,95,23.76,20.09,23.43,,,,,,,,,,,335,8,Direct,Juniper Haus,335
OLD CB,Naomi Urbina,,,,,8.68E+12,,,,,,,,,DOM(1),209,369.5,11/7/23,11/8/23,1,Lantana Dome,369.5,,,,,10/31/23,Website/Booking Engine,,Checked Out,,,,,,,,,,95,22.99,19.62,22.89,,,,,,,,,,,327,7,Direct,Lantana Dome,327
OLD CB,Mauricio Gutierrez,,,,,1.57E+12,,,,,,,,,BUC(1),275,452.29,11/8/23,11/9/23,1,Buckeye Bungalow,452.29,,,,,10/9/23,Website/Booking Engine,,Checked Out,,,,,,,,,,95,30.25,24.02,28.02,,,,,,,,,,,400,30,Direct,Buckeye Bungalow,400
OLD CB,RYAN RUIZDEVAL,,,,,1.69E+12,,,,,,,,,OAK(1),1017,1382.98,11/8/23,11/10/23,2,Live Oak Lodge,1382.98,,,,,10/21/23,Website/Booking Engine,,Checked Out,,,,,,,,,,95,111.87,73.44,85.67,,,,,,,,,,,1224,18,Direct,Live Oak Lodge,612
OLD CB,Paul Petefish,,,,,8.20E+12,,,,,,,,,PEC(1),579,833.6,11/8/23,11/10/23,2,Pecan Haus,833.6,,,,,10/24/23,Website/Booking Engine,,Checked Out,,,,,,,,,,95,63.69,44.27,51.64,,,,,,,,,,,738,15,Direct,Pecan Haus,369
OLD CB,Karson Bright,,,,,3.70E+12,,,,,,,,,WAL(1),2858,3692.15,11/9/23,11/12/23,3,Walnut House,3692.15,,,,,8/13/23,Website/Booking Engine,,Checked Out,,,,,,,,,,95,314.38,196.05,228.72,,,,,,,,,,,3267,88,Direct,Walnut House,1089
OLD CB,Laura Bartley,,,,,3.62E+12,,,,,,,,,"BUC(1), CED(1), JUN(1)",663,1153.66,11/9/23,11/10/23,1,"Buckeye Bungalow, Cedar Haus, Juniper Haus",1153.66,,,,,11/6/23,Website/Booking Engine,,Checked Out,,,,,,,,,,285,72.93,61.26,71.47,,,,,,,,,,,1021,3,Direct,"Buckeye Bungalow, Cedar Haus, Juniper Haus",1021
OLD CB,George Anastacio,,,,,8.44E+12,,,,,,,,,OAK(1),2414,3135.23,11/10/23,11/12/23,2,Live Oak Lodge,3135.23,,,,,7/1/23,Website/Booking Engine,,Checked Out,,,,,,,,,,95,265.54,166.48,194.21,,,,,,,,,,,2775,132,Direct,Live Oak Lodge,1387
OLD CB,Miguel Vasquez,,,,,6.08E+12,,,,,,,,,JUN(1),927.73,0,11/10/23,11/12/23,2,Juniper Haus,1155.68,,,,,7/21/23,Airbnb (API),,Confirmed,,,,,,,,,,95,,61.36,71.59,,,,,,,,,,,1023,112,Airbnb,Juniper Haus,511
OLD CB,Dustin Hoffman,,,,,2.97E+12,,,,,,,,,SPY(1),2599.4,0,11/10/23,11/12/23,2,Spyglass,3044.67,,,,,7/26/23,Airbnb (API),,Confirmed,,,,,,,,,,95,,161.66,188.61,,,,,,,,,,,2694,107,Airbnb,Spyglass,1347
OLD CB,Annie Van de Riet,,,,,8.51E+12,,,,,,,,,PEC(1),1088,1472.03,11/10/23,11/12/23,2,Pecan Haus,1472.03,,,,,8/15/23,Website/Booking Engine,,Checked Out,,,,,,,,,,95,119.68,78.16,91.19,,,,,,,,,,,1303,87,Direct,Pecan Haus,651
OLD CB,Chadsidy Davis,,,,,2.91E+12,,,,,,,,,CED(1),1198,1609.99,11/10/23,11/12/23,2,Cedar Haus,1609.99,,,,,10/6/23,Website/Booking Engine,,Checked Out,,,,,,,,,,95,131.78,85.48,99.73,,,,,,,,,,,1425,35,Direct,Cedar Haus,712
OLD CB,John Solorzano,,,,,5.82E+12,,,,,,,,,MON(1),3912,5014.17,11/10/23,11/13/23,3,Monarch,5014.17,,,,,10/22/23,Website/Booking Engine,,Checked Out,,,,,,,,,,95,430.32,266.23,310.62,,,,,,,,,,,4437,19,Direct,Monarch,1479
OLD CB,Emily Wood,,,,,9.16E+12,,,,,,,,,DOM(1),2326,3024.87,11/10/23,11/12/23,2,Lantana Dome,3024.87,,,,,11/4/23,Website/Booking Engine,,Checked Out,,,,,,,,,,95,255.86,160.62,187.39,,,,,,,,,,,2677,6,Direct,Lantana Dome,1338
OLD CB,Alexis Bilbrey,,,,,7.46E+11,,,,,,,,,SAF(1),972.93,0,11/10/23,11/12/23,2,Sage Safari,1206.76,,,,,11/10/23,Airbnb (API),,Confirmed,,,,,,,,,,95,,64.08,74.75,,,,,,,,,,,1068,0,Airbnb,Sage Safari,534
OLD CB,Rachel Washburn,,,,,8.12E+12,,,,,,,,,SPY(1),574.04,0,11/12/23,11/14/23,2,Spyglass,756.01,,,,,10/29/23,Airbnb (API),,Confirmed,,,,,,,,,,95,,40.14,46.83,,,,,,,,,,,669,14,Airbnb,Spyglass,335
OLD CB,Christopher Wade,,,,,6.93E+12,,,,,,,,,WAL(1),418,631.65,11/12/23,11/14/23,2,Walnut House,631.65,,,,,10/29/23,Website/Booking Engine,,Checked Out,,,,,,,,,,95,45.98,33.54,39.13,,,,,,,,,,,559,14,Direct,Walnut House,279
OLD CB,Celina Garcia-Brinker,,,,,5.92E+12,,,,,,,,,OAK(1),418,631.65,11/12/23,11/14/23,2,Live Oak Lodge,631.65,,,,,10/30/23,Website/Booking Engine,,Checked Out,,,,,,,,,,95,45.98,33.54,39.13,,,,,,,,,,,559,13,Direct,Live Oak Lodge,279
OLD CB,Linda Thacker,,,,,4.97E+12,,,,,,,,,SAF(1),429,645.44,11/12/23,11/13/23,1,Sage Safari,645.44,,,,,11/1/23,Website/Booking Engine,,Checked Out,,,,,,,,,,95,47.19,34.27,39.98,,,,,,,,,,,571,11,Direct,Sage Safari,571
OLD CB,LeeAnne Ellis,,,,,4.72E+12,,,,,,,,,BUC(1),1163,1566.08,11/12/23,11/16/23,4,Buckeye Bungalow,1566.08,,,,,11/2/23,Website/Booking Engine,,Checked Out,,,,,,,,,,95,127.93,83.15,97,,,,,,,,,,,1386,10,Direct,Buckeye Bungalow,346
OLD CB,Scott Campbell,,,,,2.49E+12,,,,,,,,,DOM(1),363,562.67,11/12/23,11/13/23,1,Lantana Dome,562.67,,,,,11/9/23,Website/Booking Engine,,Checked Out,,,,,,,,,,95,39.93,29.88,34.86,,,,,,,,,,,498,3,Direct,Lantana Dome,498
OLD CB,David Glickman,,,,,3.60E+12,,,,,,,,,DOM(1),768,1070.65,11/13/23,11/15/23,2,Lantana Dome,1070.65,,,,,8/21/23,Website/Booking Engine,,Checked Out,,,,,,,,,,95,84.48,56.84,66.33,,,,,,,,,,,947,84,Direct,Lantana Dome,474
OLD CB,Shane Hodgson,,,,,3.17E+12,,,,,,,,,MON(1),826.03,0,11/13/23,11/15/23,2,Monarch,1040.76,,,,,10/22/23,Airbnb (API),,Confirmed,,,,,,,,,,95,,55.26,64.47,,,,,,,,,,,921,22,Airbnb,Monarch,461
OLD CB,Jon Modeste,,,,,9.74E+12,,,,,,,,,OAK(1),1148,1547.28,11/14/23,11/17/23,3,Live Oak Lodge,1547.28,,,,,10/10/23,Website/Booking Engine,,Checked Out,,,,,,,,,,95,126.28,82.15,95.85,,,,,,,,,,,1369,35,Direct,Live Oak Lodge,456
OLD CB,Gabriel Sanchez,,,,,4.22E+12,,,,,,,,,PEC(1),194,350.68,11/14/23,11/15/23,1,Pecan Haus,350.68,,,,,11/13/23,Website/Booking Engine,,Checked Out,,,,,,,,,,95,21.34,18.62,21.72,,,,,,,,,,,310,1,Direct,Pecan Haus,310
OLD CB,Daniel Davila,,,,,2.53E+12,,,,,,,,,WAL(1),772,1075.68,11/15/23,11/17/23,2,Walnut House,1075.68,,,,,10/11/23,Website/Booking Engine,,Checked Out,,,,,,,,,,95,84.92,57.12,66.64,,,,,,,,,,,952,35,Direct,Walnut House,476
OLD CB,Ross Larson,,,,,9.80E+12,,,,,,,,,SPY(1),772,1075.68,11/15/23,11/17/23,2,Spyglass,1075.68,,,,,10/19/23,Website/Booking Engine,,Checked Out,,,,,,,,,,95,84.92,57.12,66.64,,,,,,,,,,,952,27,Direct,Spyglass,476
OLD CB,Angela Spencer Keeton,,,,,4.88E+12,,,,,,,,,COC(1),882.53,0,11/15/23,11/17/23,2,Cocoon,1104.62,,,,,10/28/23,Airbnb (API),,Confirmed,,,,,,,,,,95,,58.66,68.43,,,,,,,,,,,978,18,Airbnb,Cocoon,489
OLD CB,Ryan Walker,,,,,3.49E+11,,,,,,,,,N/A,454,0,11/16/23,11/17/23,1,Sage Safari,676.81,,,,,10/14/23,Website/Booking Engine,,Cancelled,,,10/14/23,,,,,,,95,49.94,35.94,41.93,,,,,,,,,,,599,33,Direct,Sage Safari,599
OLD CB,Anhthu Nguyen,,,,,5.82E+12,,,,,,,,,MON(1),2088.24,0,11/16/23,11/18/23,2,Monarch,2467.07,,,,,11/5/23,Airbnb (API),,Confirmed,,,,,,,,,,95,,131,152.83,,,,,,,,,,,2183,11,Airbnb,Monarch,1092
OLD CB,Chris Soden,,,,,4.73E+12,,,,,,,,,DOM(1),1447.53,0,11/16/23,11/18/23,2,Lantana Dome,1743.06,,,,,11/13/23,Airbnb (API),,Confirmed,,,,,,,,,,95,,92.56,107.97,,,,,,,,,,,1543,3,Airbnb,Lantana Dome,771
OLD CB,Eric Ramos,,,,,2.85E+12,,,,,,,,,PEC(1),1093.84,0,11/16/23,11/19/23,3,Pecan Haus,1343.39,,,,,11/14/23,Airbnb (API),,Confirmed,,,,,,,,,,95,,71.34,83.21,,,,,,,,,,,1189,2,Airbnb,Pecan Haus,396
OLD CB,Amanda Portillo,,,,,3.85E+12,,,,,,,,,SAF(1),1967.33,0,11/17/23,11/19/23,2,Sage Safari,2330.44,,,,,7/23/23,Airbnb (API),,Confirmed,,,,,,,,,,95,,123.74,144.37,,,,,,,,,,,2062,117,Airbnb,Sage Safari,1031
OLD CB,Angela Wood,,,,,2.21E+12,,,,,,,,,OAK(1),2586,3350.98,11/17/23,11/20/23,3,Live Oak Lodge,3350.98,,,,,7/30/23,Website/Booking Engine,,Checked Out,,,,,,,,,,95,284.46,177.93,207.59,,,,,,,,,,,2965,110,Direct,Live Oak Lodge,988
OLD CB,Javier Zorrilla,,,,,4.12E+12,,,,,,,,,JUN(1),1198,1609.99,11/17/23,11/19/23,2,Juniper Haus,1609.99,,,,,11/2/23,Website/Booking Engine,,Checked Out,,,,,,,,,,95,131.78,85.48,99.73,,,,,,,,,,,1425,15,Direct,Juniper Haus,712
OLD CB,John Beneke,,,,,3.46E+12,,,,,,,,,BUC(1),1374,1830.75,11/17/23,11/19/23,2,Buckeye Bungalow,1830.75,,,,,11/5/23,Website/Booking Engine,,Checked Out,,,,,,,,,,95,151.14,97.2,113.41,,,,,,,,,,,1620,12,Direct,Buckeye Bungalow,810
OLD CB,Tristan Spradlin,,,,,8.04E+11,,,,,,,,,SPY(1),2359.84,0,11/17/23,11/19/23,2,Spyglass,2773.97,,,,,11/6/23,Airbnb (API),,Confirmed,,,,,,,,,,95,,147.3,171.83,,,,,,,,,,,2455,11,Airbnb,Spyglass,1227
OLD CB,Ross Biel,,,,,6.97E+12,,,,,,,,,CED(1),722.07,0,11/17/23,11/19/23,2,Cedar Haus,923.28,,,,,11/16/23,Airbnb (API),,Confirmed,,,,,,,,,,95,,49.02,57.19,,,,,,,,,,,817,1,Airbnb,Cedar Haus,409
OLD CB,KARYN POSLICK,,,,,1.13E+12,,,,,,,,,WAL(1),2192,2856.78,11/17/23,11/20/23,3,Walnut House,2856.78,,,,,11/16/23,Website/Booking Engine,,Checked Out,,,,,,,,,,95,241.12,151.69,176.97,,,,,,,,,,,2528,1,Direct,Walnut House,843
OLD CB,Alexandra Yzaguirre,,,,,1.96E+12,,,,,,,,,MON(1),2117,2762.7,11/18/23,11/20/23,2,Monarch,2762.7,,,,,7/30/23,Website/Booking Engine,,Checked Out,,,,,,,,,,95,232.87,146.69,171.14,,,,,,,,,,,2445,111,Direct,Monarch,1222
OLD CB,Christopher Walker,,,,,5.84E+12,,,,,,,,,COC(1),1425,1894.73,11/18/23,11/20/23,2,Cocoon,1894.73,,,,,9/26/23,Website/Booking Engine,,Checked Out,,,,,,,,,,95,156.75,100.61,117.37,,,,,,,,,,,1677,53,Direct,Cocoon,838
OLD CB,Mike McIntyre,,,,,7.69E+12,,,,,,,,,N/A,703,142.77,11/18/23,11/19/23,1,Lantana Dome,989.12,,,,,11/17/23,Website/Booking Engine,,Cancelled,,,11/19/23,,,,,,,95,77.33,52.52,61.27,,,,,,,,,,,875,1,Direct,Lantana Dome,875
OLD CB,Hayden Snyder,,,,,3.14E+11,,,,,,,,,SPY(1),2249,2928.28,11/19/23,11/22/23,3,Spyglass,2928.28,,,,,9/21/23,Website/Booking Engine,,Checked Out,,,,,,,,,,95,247.39,155.49,181.4,,,,,,,,,,,2591,59,Direct,Spyglass,864
OLD CB,Raymond Dise,,,,,6.70E+12,,,,,,,,,PEC(1),2000,2415.95,11/19/23,11/24/23,5,Pecan Haus,2615.95,,,,,10/20/23,Website/Booking Engine,,Checked Out,,,,,,,,,,95,220,138.91,162.04,,,,,,,,,,,2315,30,Direct,Pecan Haus,463
OLD CB,Kyle Gammonley,,,,,1.47E+12,,,,,,,,,MON(1),1590,2101.69,11/20/23,11/23/23,3,Monarch,2101.69,,,,,7/7/23,Website/Booking Engine,,Checked Out,,,,,,,,,,95,174.9,111.6,130.19,,,,,,,,,,,1860,136,Direct,Monarch,620
OLD CB,Uriel Calvillo,,,,,7.89E+12,,,,,,,,,BUC(1),1540,2038.98,11/20/23,11/23/23,3,Buckeye Bungalow,2038.98,,,,,8/29/23,Website/Booking Engine,,Checked Out,,,,,,,,,,95,169.4,108.26,126.32,,,,,,,,,,,1804,83,Direct,Buckeye Bungalow,601
OLD CB,Anthony Avino,,,,,8.20E+12,,,,,,,,,SAF(1),1735.68,0,11/20/23,11/22/23,2,Sage Safari,2068.67,,,,,10/9/23,Airbnb (API),,Confirmed,,,,,,,,,,95,,109.84,128.15,,,,,,,,,,,1831,42,Airbnb,Sage Safari,915
OLD CB,Austin Lawrence,,,,,4.41E+12,,,,,,,,,WAL(1),869,997.33,11/20/23,11/22/23,2,Walnut House,1197.33,,,,,11/15/23,Website/Booking Engine,,Checked Out,,,,,,,,,,95,95.59,63.57,74.17,,,,,,,,,,,1060,5,Direct,Walnut House,530
OLD CB,Ellen Powers,,,,,2.77E+12,,,,,,,,,COC(1),352,548.86,11/20/23,11/21/23,1,Cocoon,548.86,,,,,11/16/23,Website/Booking Engine,,Checked Out,,,,,,,,,,95,38.72,29.14,34,,,,,,,,,,,486,4,Direct,Cocoon,486
OLD CB,JAIME VALDEZ,,,,,9.30E+12,,,,,,,,,CED(1),179,331.87,11/20/23,11/21/23,1,Cedar Haus,331.87,,,,,11/20/23,Website/Booking Engine,,Confirmed,,,,,,,,,,95,19.69,17.62,20.56,,,,,,,,,,,294,0,Direct,Cedar Haus,294
OLD CB,Florencia Munoz,,,,,6.73E+12,,,,,,,,,OAK(1),2667,3452.57,11/21/23,11/24/23,3,Live Oak Lodge,3452.57,,,,,11/1/23,Website/Booking Engine,,Checked Out,,,,,,,,,,95,293.37,183.32,213.88,,,,,,,,,,,3055,20,Direct,Live Oak Lodge,1018
OLD CB,Joshua Brex,,,,,7.38E+10,,,,,,,,,JUN(1),610.2,0,11/21/23,11/23/23,2,Juniper Haus,796.89,,,,,11/14/23,Airbnb (API),,Confirmed,,,,,,,,,,95,,42.32,49.37,,,,,,,,,,,705,7,Airbnb,Juniper Haus,353
OLD CB,Jannacy Williams,,,,,4.11E+12,,,,,,,,,COC(1),625,891.29,11/21/23,11/23/23,2,Cocoon,891.29,,,,,11/15/23,Website/Booking Engine,,Checked Out,,,,,,,,,,95,68.75,47.33,55.21,,,,,,,,,,,789,6,Direct,Cocoon,394
OLD CB,Iveta Iliev,,,,,5.79E+12,,,,,,,,,N/A,1685,109.12,11/22/23,11/24/23,2,Sage Safari,2220.84,,,,,8/9/23,Website/Booking Engine,,Cancelled,,,10/10/23,,,,,,,95,185.35,117.92,137.57,,,,,,,,,,,1965,105,Direct,Sage Safari,983
OLD CB,Susan Wilson,,,,,2.21E+11,,,,,,,,,CED(1),749.19,0,11/22/23,11/24/23,2,Cedar Haus,953.94,,,,,11/7/23,Airbnb (API),,Confirmed,,,,,,,,,,95,,50.66,59.09,,,,,,,,,,,844,15,Airbnb,Cedar Haus,422
OLD CB,Susan Wilson,,,,,6.39E+12,,,,,,,,,SAF(1),1332.27,0,11/22/23,11/24/23,2,Sage Safari,1612.82,,,,,11/7/23,Airbnb (API),,Confirmed,,,,,,,,,,95,,85.64,99.91,,,,,,,,,,,1427,15,Airbnb,Sage Safari,714
OLD CB,Kristin Winnier,,,,,7.62E+12,,,,,,,,,DOM(1),920.95,0,11/22/23,11/24/23,2,Lantana Dome,1148.02,,,,,11/18/23,Airbnb (API),,Confirmed,,,,,,,,,,95,,60.96,71.11,,,,,,,,,,,1016,4,Airbnb,Lantana Dome,508
OLD CB,Laal Shams,,,,,6.47E+12,,,,,,,,,SPY(1),774.05,0,11/22/23,11/24/23,2,Spyglass,982.02,,,,,11/21/23,Airbnb (API),,Confirmed,,,,,,,,,,95,,52.14,60.83,,,,,,,,,,,869,1,Airbnb,Spyglass,435
OLD CB,Ryan Kavanaugh,,,,,1.75E+12,,,,,,,,,WAL(1),595,853.65,11/22/23,11/24/23,2,Walnut House,853.65,,,,,11/21/23,Website/Booking Engine,,Checked Out,,,,,,,,,,95,65.45,45.32,52.88,,,,,,,,,,,755,1,Direct,Walnut House,378
OLD CB,Melinda Robbins,,,,,8.13E+12,,,,,,,,,N/A,2443,98.5,11/23/23,11/25/23,2,"Cocoon, Buckeye Bungalow, Juniper Haus",3386.32,,,,,11/7/23,Website/Booking Engine,,Cancelled,,,11/8/23,,,,,,,285,268.73,179.81,209.78,,,,,,,,,,,2997,16,Direct,"Cocoon, Buckeye Bungalow, Juniper Haus",1498
OLD CB,Tatsuo Okuno,,,,,7.25E+12,,,,,,,,,JUN(1),366.12,0,11/23/23,11/24/23,1,Juniper Haus,521.07,,,,,11/8/23,Airbnb (API),,Confirmed,,,,,,,,,,95,,27.67,32.28,,,,,,,,,,,461,15,Airbnb,Juniper Haus,461
OLD CB,Melinda Robbins,,,,,4.64E+12,,,,,,,,,"COC(1), BUC(1)",646,1024.98,11/23/23,11/24/23,1,"Cocoon, Buckeye Bungalow",1024.98,,,,,11/8/23,Website/Booking Engine,,Checked Out,,,,,,,,,,190,71.06,54.42,63.5,,,,,,,,,,,907,15,Direct,"Cocoon, Buckeye Bungalow",907
OLD CB,Niki Anderson,,,,,8.98E+12,,,,,,,,,MON(1),656.53,0,11/23/23,11/24/23,1,Monarch,849.23,,,,,11/18/23,Airbnb (API),,Confirmed,,,,,,,,,,95,,45.09,52.61,,,,,,,,,,,752,5,Airbnb,Monarch,752
OLD CB,Jose Torres,,,,,6.75E+12,,,,,,,,,PEC(1),872,1201.11,11/24/23,11/26/23,2,Pecan Haus,1201.11,,,,,9/26/23,Website/Booking Engine,,Checked Out,,,,,,,,,,95,95.92,63.78,74.41,,,,,,,,,,,1063,59,Direct,Pecan Haus,531
OLD CB,Kasey Ketelhut,,,,,7.29E+12,,,,,,,,,MON(1),2187.68,0,11/24/23,11/26/23,2,Monarch,2579.43,,,,,10/6/23,Airbnb (API),,Confirmed,,,,,,,,,,95,,136.96,159.79,,,,,,,,,,,2283,49,Airbnb,Monarch,1141
OLD CB,Shelby Evans,,,,,2.04E+12,,,,,,,,,SAF(1),1841,2416.52,11/24/23,11/26/23,2,Sage Safari,2416.52,,,,,10/16/23,Website/Booking Engine,,Checked Out,,,,,,,,,,95,202.51,128.31,149.7,,,,,,,,,,,2139,39,Direct,Sage Safari,1069
OLD CB,John Aguilar,,,,,5.39E+12,,,,,,,,,BUC(1),906,1243.75,11/24/23,11/26/23,2,Buckeye Bungalow,1243.75,,,,,11/17/23,Website/Booking Engine,,Checked Out,,,,,,,,,,95,99.66,66.04,77.05,,,,,,,,,,,1101,7,Direct,Buckeye Bungalow,550
OLD CB,Houston Morgan,,,,,7.98E+12,,,,,,,,,WAL(1),1472,1953.69,11/24/23,11/26/23,2,Walnut House,1953.69,,,,,11/19/23,Website/Booking Engine,,Checked Out,,,,,,,,,,95,161.92,103.74,121.03,,,,,,,,,,,1729,5,Direct,Walnut House,864
OLD CB,Daniel Tennant,,,,,7.73E+12,,,,,,,,,OAK(1),1380,1838.27,11/24/23,11/26/23,2,Live Oak Lodge,1838.27,,,,,11/19/23,Website/Booking Engine,,Checked Out,,,,,,,,,,95,151.8,97.6,113.87,,,,,,,,,,,1627,5,Direct,Live Oak Lodge,813
OLD CB,Ryan Yang,,,,,9.67E+12,,,,,,,,,SPY(1),1291.59,0,11/24/23,11/26/23,2,Spyglass,1566.86,,,,,11/21/23,Airbnb (API),,Confirmed,,,,,,,,,,95,,83.2,97.07,,,,,,,,,,,1387,3,Airbnb,Spyglass,693
OLD CB,Lynn Murphy,,,,,6.01E+12,,,,,,,,,COC(1),906,1243.75,11/24/23,11/26/23,2,Cocoon,1243.75,,,,,11/21/23,Website/Booking Engine,,Checked Out,,,,,,,,,,95,99.66,66.04,77.05,,,,,,,,,,,1101,3,Direct,Cocoon,550
OLD CB,Kalena Knox,,,,,4.53E+12,,,,,,,,,JUN(1),697.21,0,11/24/23,11/26/23,2,Juniper Haus,895.2,,,,,11/22/23,Airbnb (API),,Confirmed,,,,,,,,,,95,,47.54,55.45,,,,,,,,,,,792,2,Airbnb,Juniper Haus,396
OLD CB,Melanie Edwards,,,,,6.20E+12,,,,,,,,,DOM(1),1246,1670.22,11/24/23,11/26/23,2,Lantana Dome,1670.22,,,,,11/22/23,Website/Booking Engine,,Checked Out,,,,,,,,,,95,137.06,88.69,103.47,,,,,,,,,,,1478,2,Direct,Lantana Dome,739
OLD CB,Cesar Hernandez,,,,,5.51E+12,,,,,,,,,CED(1),697.21,0,11/24/23,11/26/23,2,Cedar Haus,895.2,,,,,11/23/23,Airbnb (API),,Confirmed,,,,,,,,,,95,,47.54,55.45,,,,,,,,,,,792,1,Airbnb,Cedar Haus,396
OLD CB,Chintan Barbhaya,,,,,9.29E+12,,,,,,,,,OAK(1),1365,1819.46,11/26/23,11/29/23,3,Live Oak Lodge,1819.46,,,,,11/7/23,Website/Booking Engine,,Checked Out,,,,,,,,,,95,150.15,96.61,112.7,,,,,,,,,,,1610,19,Direct,Live Oak Lodge,537
OLD CB,Alyssa Guzman,,,,,7.57E+12,,,,,,,,,MON(1),377.42,0,11/26/23,11/27/23,1,Monarch,533.84,,,,,11/21/23,Airbnb (API),,Confirmed,,,,,,,,,,95,,28.35,33.07,,,,,,,,,,,472,5,Airbnb,Monarch,472
OLD CB,Lavinia Smith,,,,,6.62E+12,,,,,,,,,SAF(1),215,347.03,11/26/23,11/27/23,1,Sage Safari,377.03,,,,,11/26/23,Website/Booking Engine,,Checked Out,,,,,,,,,,95,23.65,20.02,23.36,,,,,,,,,,,334,0,Direct,Sage Safari,334
OLD CB,Chin-Ting Huang,,,,,3.44E+12,,,,,,,,,DOM(1),138,280.45,11/27/23,11/29/23,2,Lantana Dome,280.45,,,,,11/16/23,Website/Booking Engine,,Checked Out,,,,,,,,,,95,15.18,14.9,17.37,,,,,,,,,,,248,11,Direct,Lantana Dome,124
OLD CB,Mich Soencer,,,,,9.05E+12,,,,,,,,,BUC(1),202,360.72,11/28/23,11/29/23,1,Buckeye Bungalow,360.72,,,,,11/28/23,Website/Booking Engine,,Checked Out,,,,,,,,,,95,22.22,19.15,22.35,,,,,,,,,,,319,0,Direct,Buckeye Bungalow,319
OLD CB,Kendra Bernstein,,,,,7.43E+12,,,,,,,,,SPY(1),749.19,0,11/29/23,12/1/23,2,Spyglass,953.94,,,,,11/15/23,Airbnb (API),,Confirmed,,,,,,,,,,95,,50.66,59.09,,,,,,,,,,,844,14,Airbnb,Spyglass,422
OLD CB,Jessica Seeboerger,,,,,5.17E+12,,,,,,,,,N/A,369.51,0,11/29/23,11/30/23,1,Monarch,524.9,,,,,11/24/23,Airbnb (API),,Cancelled,,,11/28/23,,,,,,,95,,27.87,32.52,,,,,,,,,,,465,5,Airbnb,Monarch,465
OLD CB,Ana Leon,,,,,4.09E+12,,,,,,,,,DOM(1),196,353.19,11/29/23,11/30/23,1,Lantana Dome,353.19,,,,,11/27/23,Website/Booking Engine,,Checked Out,,,,,,,,,,95,21.56,18.75,21.88,,,,,,,,,,,313,2,Direct,Lantana Dome,313
OLD CB,Jonathan Roque,,,,,7.32E+11,,,,,,,,,CED(1),185,339.39,11/29/23,11/30/23,1,Cedar Haus,339.39,,,,,11/28/23,Website/Booking Engine,,Checked Out,,,,,,,,,,95,20.35,18.02,21.02,,,,,,,,,,,300,1,Direct,Cedar Haus,300
OLD CB,adolph tracy,,,,,7.07E+12,,,,,,,,,OAK(1),414,626.63,11/29/23,12/1/23,2,Live Oak Lodge,626.63,,,,,11/29/23,Website/Booking Engine,,Checked Out,,,,,,,,,,95,45.54,33.28,38.81,,,,,,,,,,,555,0,Direct,Live Oak Lodge,277
OLD CB,Fatima Zahid,,,,,4.30E+12,,,,,,,,,SAF(1),503.98,0,11/30/23,12/1/23,1,Sage Safari,676.85,,,,,11/24/23,Airbnb (API),,Confirmed,,,,,,,,,,95,,35.94,41.93,,,,,,,,,,,599,6,Airbnb,Sage Safari,599
OLD CB,Jennifer Burch,,,,,2.41E+12,,,,,,,,,CED(1),628.28,0,11/30/23,12/2/23,2,Cedar Haus,817.31,,,,,11/28/23,Airbnb (API),,Confirmed,,,,,,,,,,95,,43.4,50.63,,,,,,,,,,,723,2,Airbnb,Cedar Haus,362
OLD CB,Ashley Partida,,,,,9.92E+12,,,,,,,,,PEC(1),156,303.02,11/30/23,12/1/23,1,Pecan Haus,303.02,,,,,11/29/23,Website/Booking Engine,,Checked Out,,,,,,,,,,95,17.16,16.09,18.77,,,,,,,,,,,268,1,Direct,Pecan Haus,268
OLD CB,jayson jones,,,,,2.50E+12,,,,,,,,,PEC(1),1198,1609.99,12/1/23,12/3/23,2,Pecan Haus,1609.99,,,,,9/15/23,Website/Booking Engine,,Checked Out,,,,,,,,,,95,131.78,85.48,99.73,,,,,,,,,,,1425,77,Direct,Pecan Haus,712
OLD CB,Eric Richardson,,,,,5.65E+12,,,,,,,,,JUN(1),1697,2235.88,12/1/23,12/4/23,3,Juniper Haus,2235.88,,,,,9/25/23,Website/Booking Engine,,Checked Out,,,,,,,,,,95,186.67,118.71,138.5,,,,,,,,,,,1979,67,Direct,Juniper Haus,660
OLD CB,Kelly Swaintek,,,,,3.61E+12,,,,,,,,,OAK(1),2878,3717.23,12/1/23,12/3/23,2,Live Oak Lodge,3717.23,,,,,10/14/23,Website/Booking Engine,,Checked Out,,,,,,,,,,95,316.58,197.38,230.27,,,,,,,,,,,3290,48,Direct,Live Oak Lodge,1645
OLD CB,Yusef Ghamarian,,,,,3.83E+12,,,,,,,,,SAF(1),467,693.11,12/1/23,12/2/23,1,Sage Safari,693.11,,,,,11/28/23,Website/Booking Engine,,Checked Out,,,,,,,,,,95,51.37,36.8,42.94,,,,,,,,,,,613,3,Direct,Sage Safari,613
OLD CB,Omari Souza,,,,,7.48E+12,,,,,,,,,BUC(1),972.93,0,12/1/23,12/3/23,2,Buckeye Bungalow,1206.76,,,,,11/29/23,Airbnb (API),,Confirmed,,,,,,,,,,95,,64.08,74.75,,,,,,,,,,,1068,2,Airbnb,Buckeye Bungalow,534
OLD CB,Alexa Spriggs,,,,,6.10E+12,,,,,,,,,WAL(1),835.07,0,12/1/23,12/3/23,2,Walnut House,1050.98,,,,,11/29/23,Airbnb (API),,Confirmed,,,,,,,,,,95,,55.8,65.11,,,,,,,,,,,930,2,Airbnb,Walnut House,465
OLD CB,Lucas Weeden,,,,,1.08E+12,,,,,,,,,SPY(1),1562.79,0,12/1/23,12/4/23,3,Spyglass,1873.33,,,,,11/30/23,Airbnb (API),,Confirmed,,,,,,,,,,95,,99.48,116.06,,,,,,,,,,,1658,1,Airbnb,Spyglass,553
OLD CB,Taylor Murphy,,,,,9.37E+11,,,,,,,,,COC(1),490.42,0,12/1/23,12/2/23,1,Cocoon,661.53,,,,,12/1/23,Airbnb (API),,Confirmed,,,,,,,,,,95,,35.13,40.98,,,,,,,,,,,585,0,Airbnb,Cocoon,585
OLD CB,Hayley Moreno,,,,,9.48E+12,,,,,,,,,DOM(1),1146.95,0,12/1/23,12/3/23,2,Lantana Dome,1403.4,,,,,12/1/23,Airbnb (API),,Confirmed,,,,,,,,,,95,,74.52,86.93,,,,,,,,,,,1242,0,Airbnb,Lantana Dome,621
OLD CB,David Spring,,,,,4.02E+12,,,,,,,,,SAF(1),2544,3298.31,12/2/23,12/6/23,4,Sage Safari,3298.31,,,,,7/23/23,Website/Booking Engine,,Checked Out,,,,,,,,,,95,279.84,175.14,204.33,,,,,,,,,,,2919,132,Direct,Sage Safari,730
OLD CB,Stephanie Holloway,,,,,9.95E+12,,,,,,,,,COC(1),972,1326.53,12/2/23,12/5/23,3,Cocoon,1326.53,,,,,11/28/23,Website/Booking Engine,,Confirmed,,,,,,,,,,95,106.92,70.43,82.18,,,,,,,,,,,1174,4,Direct,Cocoon,391
OLD CB,Tanner Bishop,,,,,8.53E+12,,,,,,,,,CED(1),367.25,0,12/2/23,12/3/23,1,Cedar Haus,522.35,,,,,11/30/23,Airbnb (API),,Confirmed,,,,,,,,,,95,,27.74,32.36,,,,,,,,,,,462,2,Airbnb,Cedar Haus,462
OLD CB,Ricky Hyatt,,,,,3.05E+12,,,,,,,,,MON(1),561.61,0,12/2/23,12/3/23,1,Monarch,741.97,,,,,12/1/23,Airbnb (API),,Confirmed,,,,,,,,,,95,,39.4,45.96,,,,,,,,,,,657,1,Airbnb,Monarch,657
OLD CB,Usha Sahithi Balireddy,,,,,3.66E+12,,,,,,,,,OAK(1),578,832.33,12/3/23,12/5/23,2,Live Oak Lodge,832.33,,,,,11/23/23,Website/Booking Engine,,Checked Out,,,,,,,,,,95,63.58,44.19,51.56,,,,,,,,,,,737,10,Direct,Live Oak Lodge,368
OLD CB,Christopher Lieske,,,,,9.69E+12,,,,,,,,,CED(1),456,679.31,12/3/23,12/5/23,2,Cedar Haus,679.31,,,,,11/30/23,Website/Booking Engine,,Checked Out,,,,,,,,,,95,50.16,36.07,42.08,,,,,,,,,,,601,3,Direct,Cedar Haus,301
OLD CB,David Coauette,,,,,2.48E+12,,,,,,,,,SPY(1),341,535.07,12/4/23,12/5/23,1,Spyglass,535.07,,,,,11/10/23,Website/Booking Engine,,Checked Out,,,,,,,,,,95,37.51,28.41,33.15,,,,,,,,,,,474,24,Direct,Spyglass,474
OLD CB,Shane York,,,,,4.14E+12,,,,,,,,,MON(1),682,962.79,12/4/23,12/6/23,2,Monarch,962.79,,,,,11/12/23,Website/Booking Engine,,Checked Out,,,,,,,,,,95,75.02,51.12,59.65,,,,,,,,,,,852,22,Direct,Monarch,426
OLD CB,Daniel Foster,,,,,8.25E+12,,,,,,,,,DOM(1),448,669.27,12/4/23,12/6/23,2,Lantana Dome,669.27,,,,,11/28/23,Website/Booking Engine,,Checked Out,,,,,,,,,,95,49.28,35.53,41.46,,,,,,,,,,,592,6,Direct,Lantana Dome,296
OLD CB,James Bluntzer,,,,,4.09E+12,,,,,,,,,PEC(1),217,379.53,12/4/23,12/5/23,1,Pecan Haus,379.53,,,,,12/1/23,Website/Booking Engine,,Checked Out,,,,,,,,,,95,23.87,20.15,23.51,,,,,,,,,,,336,3,Direct,Pecan Haus,336
OLD CB,Angeles Acaron,,,,,5.84E+12,,,,,,,,,BUC(1),191,346.92,12/4/23,12/5/23,1,Buckeye Bungalow,346.92,,,,,12/2/23,Website/Booking Engine,,Checked Out,,,,,,,,,,95,21.01,18.42,21.49,,,,,,,,,,,307,2,Direct,Buckeye Bungalow,307
OLD CB,Madison Sowder,,,,,8.66E+12,,,,,,,,,PEC(1),231,397.09,12/5/23,12/6/23,1,Pecan Haus,397.09,,,,,12/1/23,Website/Booking Engine,,Checked Out,,,,,,,,,,95,25.41,21.08,24.6,,,,,,,,,,,351,4,Direct,Pecan Haus,351
OLD CB,Eric Taves,,,,,3.50E+12,,,,,,,,,BUC(1),239,407.13,12/5/23,12/6/23,1,Buckeye Bungalow,407.13,,,,,12/1/23,Website/Booking Engine,,Checked Out,,,,,,,,,,95,26.29,21.62,25.22,,,,,,,,,,,360,4,Direct,Buckeye Bungalow,360
OLD CB,Adam Prosperie,,,,,2.48E+12,,,,,,,,,SPY(1),700.6,0,12/5/23,12/7/23,2,Spyglass,899.03,,,,,12/3/23,Airbnb (API),,Confirmed,,,,,,,,,,95,,47.74,55.69,,,,,,,,,,,796,2,Airbnb,Spyglass,398
OLD CB,Kat Test,,,,,7.55E+12,,,,,,,,,N/A,2,0,12/6/23,12/8/23,2,Cedar Haus,109.87,,,,,7/28/23,Website/Booking Engine,,Cancelled,,,7/28/23,,,,,,,95,0.22,5.84,6.81,,,,,,,,,,,97,131,Direct,Cedar Haus,49
OLD CB,Erica Gunter,,,,,8.47E+12,,,,,,,,,PEC(1),540,784.67,12/6/23,12/8/23,2,Pecan Haus,784.67,,,,,11/30/23,Website/Booking Engine,,Checked Out,,,,,,,,,,95,59.4,41.66,48.61,,,,,,,,,,,694,6,Direct,Pecan Haus,347
OLD CB,Lisa Stella,,,,,2.70E+11,,,,,,,,,BUC(1),622,887.53,12/7/23,12/9/23,2,Buckeye Bungalow,887.53,,,,,8/12/23,Website/Booking Engine,,Checked Out,,,,,,,,,,95,68.42,47.13,54.98,,,,,,,,,,,785,117,Direct,Buckeye Bungalow,393
OLD CB,Sarah Hepola,,,,,9.94E+12,,,,,,,,,MON(1),454,676.81,12/7/23,12/8/23,1,Monarch,676.81,,,,,11/9/23,Website/Booking Engine,,Checked Out,,,,,,,,,,95,49.94,35.94,41.93,,,,,,,,,,,599,28,Direct,Monarch,599
OLD CB,Kevin Simmang,,,,,7.63E+12,,,,,,,,,OAK(1),2258,2939.57,12/7/23,12/10/23,3,Live Oak Lodge,2939.57,,,,,11/28/23,Website/Booking Engine,,Checked Out,,,,,,,,,,95,248.38,156.09,182.1,,,,,,,,,,,2601,9,Direct,Live Oak Lodge,867
OLD CB,Jimmy Goodfellow,,,,,7.84E+12,,,,,,,,,SPY(1),537.88,0,12/7/23,12/8/23,1,Spyglass,715.15,,,,,12/4/23,Airbnb (API),,Confirmed,,,,,,,,,,95,,37.97,44.3,,,,,,,,,,,633,3,Airbnb,Spyglass,633
OLD CB,Adam Prosperie,,,,,4.40E+12,,,,,,,,,DOM(1),420.36,0,12/7/23,12/8/23,1,Lantana Dome,582.36,,,,,12/6/23,Airbnb (API),,Confirmed,,,,,,,,,,95,,30.92,36.08,,,,,,,,,,,515,1,Airbnb,Lantana Dome,515
OLD CB,Chris Steeb,,,,,4.18E+12,,,,,,,,,N/A,269,17.65,12/7/23,12/8/23,1,Cocoon,444.76,,,,,12/7/23,Website/Booking Engine,,Cancelled,,,12/7/23,,,,,,,95,29.59,23.62,27.55,,,,,,,,,,,394,0,Direct,Cocoon,394
OLD CB,Jeremy Catlin,,,,,4.75E+12,,,,,,,,,CED(1),1089,1473.31,12/8/23,12/11/23,3,Cedar Haus,1473.31,,,,,7/19/23,Website/Booking Engine,,Checked Out,,,,,,,,,,95,119.79,78.24,91.28,,,,,,,,,,,1304,142,Direct,Cedar Haus,435
OLD CB,Jeremy Catlin,,,,,4.61E+12,,,,,,,,,PEC(1),1039.02,1360.61,12/8/23,12/11/23,3,Pecan Haus (Pecan $50),1410.61,,,,,7/19/23,Website/Booking Engine,,Checked Out,,,,,,,,,,95,114.3,74.91,87.38,,,,,,,,,,,1248,142,Direct,Pecan Haus,416
OLD CB,Lisa Shaw,,,,,9.19E+12,,,,,,,,,SAF(1),1636,2159.39,12/8/23,12/10/23,2,Sage Safari,2159.39,,,,,8/12/23,Website/Booking Engine,,Checked Out,,,,,,,,,,95,179.96,114.66,133.77,,,,,,,,,,,1911,118,Direct,Sage Safari,955
OLD CB,Karissa Mathis Luckett,,,,,5.35E+12,,,,,,,,,MON(1),3269.09,0,12/8/23,12/10/23,2,Monarch,3801.42,,,,,10/31/23,Airbnb (API),,Confirmed,,,,,,,,,,95,,201.84,235.49,,,,,,,,,,,3364,38,Airbnb,Monarch,1682
OLD CB,Brianna Probasco,,,,,1.62E+11,,,,,,,,,COC(1),2198,2864.29,12/8/23,12/10/23,2,Cocoon,2864.29,,,,,12/1/23,Website/Booking Engine,,Checked Out,,,,,,,,,,95,241.78,152.08,177.43,,,,,,,,,,,2535,7,Direct,Cocoon,1267
OLD CB,Jessie Harris,,,,,7.49E+12,,,,,,,,,WAL(1),1846,2422.79,12/8/23,12/10/23,2,Walnut House,2422.79,,,,,12/6/23,Website/Booking Engine,,Checked Out,,,,,,,,,,95,203.06,128.64,150.09,,,,,,,,,,,2144,2,Direct,Walnut House,1072
OLD CB,Kristin Powell,,,,,4.55E+12,,,,,,,,,SPY(1),1318.71,0,12/8/23,12/10/23,2,Spyglass,1597.49,,,,,12/8/23,Airbnb (API),,Confirmed,,,,,,,,,,95,,84.82,98.96,,,,,,,,,,,1414,0,Airbnb,Spyglass,707
OLD CB,Korbin Garcia,,,,,2.31E+12,,,,,,,,,N/A,433,0,12/9/23,12/11/23,2,Juniper Haus,650.46,,,,,12/7/23,Website/Booking Engine,,Cancelled,,,12/7/23,,,,,,,95,47.63,34.54,40.29,,,,,,,,,,,576,2,Direct,Juniper Haus,288
OLD CB,Korbin Garcia,,,,,7.83E+12,,,,,,,,,N/A,433,0,12/9/23,12/11/23,2,Juniper Haus,650.46,,,,,12/7/23,Website/Booking Engine,,Cancelled,,,12/7/23,,,,,,,95,47.63,34.54,40.29,,,,,,,,,,,576,2,Direct,Juniper Haus,288
OLD CB,Korbin Garcia,,,,,2.47E+12,,,,,,,,,JUN(1),433,650.46,12/9/23,12/11/23,2,Juniper Haus,650.46,,,,,12/7/23,Website/Booking Engine,,Checked Out,,,,,,,,,,95,47.63,34.54,40.29,,,,,,,,,,,576,2,Direct,Juniper Haus,288
OLD CB,Matthew Harms,,,,,1.67E+12,,,,,,,,,MON(1),840,1160.96,12/10/23,12/12/23,2,Monarch,1160.96,,,,,11/8/23,Website/Booking Engine,,Checked Out,,,,,,,,,,95,92.4,61.64,71.92,,,,,,,,,,,1027,32,Direct,Monarch,514
OLD CB,Taylynn Cooper,,,,,1.35E+12,,,,,,,,,SAF(1),259,432.21,12/10/23,12/11/23,1,Sage Safari,432.21,,,,,11/25/23,Website/Booking Engine,,Checked Out,,,,,,,,,,95,28.49,22.95,26.77,,,,,,,,,,,382,15,Direct,Sage Safari,382
OLD CB,Catherine Allahar,,,,,8.99E+11,,,,,,,,,COC(1),185,339.39,12/10/23,12/11/23,1,Cocoon,339.39,,,,,12/9/23,Website/Booking Engine,,Checked Out,,,,,,,,,,95,20.35,18.02,21.02,,,,,,,,,,,300,1,Direct,Cocoon,300
OLD CB,Angel Castro,,,,,5.08E+12,,,,,,,,,SAF(1),1144.69,0,12/11/23,12/13/23,2,Sage Safari,1400.84,,,,,10/14/23,Airbnb (API),,Confirmed,,,,,,,,,,95,,74.38,86.77,,,,,,,,,,,1240,58,Airbnb,Sage Safari,620
OLD CB,Joel Fasenmyer,,,,,3.75E+12,,,,,,,,,SPY(1),558,807.25,12/11/23,12/13/23,2,Spyglass,807.25,,,,,11/20/23,Website/Booking Engine,,Checked Out,,,,,,,,,,95,61.38,42.86,50.01,,,,,,,,,,,714,21,Direct,Spyglass,357
OLD CB,Maya Mkrtchyan,,,,,8.42E+11,,,,,,,,,OAK(1),558,807.25,12/11/23,12/13/23,2,Live Oak Lodge,807.25,,,,,11/27/23,Website/Booking Engine,,Checked Out,,,,,,,,,,95,61.38,42.86,50.01,,,,,,,,,,,714,14,Direct,Live Oak Lodge,357
OLD CB,Vincent Lin,,,,,9.40E+12,,,,,,,,,DOM(1),384,589,12/12/23,12/13/23,1,Lantana Dome,589,,,,,11/6/23,Website/Booking Engine,,Checked Out,,,,,,,,,,95,42.24,31.27,36.49,,,,,,,,,,,521,36,Direct,Lantana Dome,521
OLD CB,Benji Thomas,,,,,1.71E+12,,,,,,,,,MON(1),341,535.07,12/12/23,12/13/23,1,Monarch,535.07,,,,,11/11/23,Website/Booking Engine,,Checked Out,,,,,,,,,,95,37.51,28.41,33.15,,,,,,,,,,,474,31,Direct,Monarch,474
OLD CB,Lindsay Robertson,,,,,8.78E+12,,,,,,,,,BUC(1),478,556.91,12/12/23,12/14/23,2,Buckeye Bungalow,706.91,,,,,11/22/23,Website/Booking Engine,,Checked Out,,,,,,,,,,95,52.58,37.54,43.79,,,,,,,,,,,626,20,Direct,Buckeye Bungalow,313
OLD CB,Ivan DeLeon,,,,,6.46E+12,,,,,,,,,COC(1),223,387.06,12/12/23,12/13/23,1,Cocoon,387.06,,,,,12/8/23,Website/Booking Engine,,Checked Out,,,,,,,,,,95,24.53,20.55,23.98,,,,,,,,,,,343,4,Direct,Cocoon,343
OLD CB,Forrest McDaniel,,,,,1.75E+12,,,,,,,,,WAL(1),223,387.06,12/12/23,12/13/23,1,Walnut House,387.06,,,,,12/11/23,Website/Booking Engine,,Checked Out,,,,,,,,,,95,24.53,20.55,23.98,,,,,,,,,,,343,1,Direct,Walnut House,343
OLD CB,Forrest McDaniel,,,,,2.01E+12,,,,,,,,,N/A,223,0,12/12/23,12/13/23,1,Walnut House,387.06,,,,,12/11/23,Website/Booking Engine,,Cancelled,,,12/11/23,,,,,,,95,24.53,20.55,23.98,,,,,,,,,,,343,1,Direct,Walnut House,343
OLD CB,David Salgado,,,,,5.17E+12,,,,,,,,,JUN(1),218,380.79,12/12/23,12/13/23,1,Juniper Haus,380.79,,,,,12/12/23,Website/Booking Engine,,Checked Out,,,,,,,,,,95,23.98,20.22,23.59,,,,,,,,,,,337,0,Direct,Juniper Haus,337
OLD CB,Courtney Butler,,,,,1.24E+12,,,,,,,,,N/A,249,0,12/13/23,12/14/23,1,Lantana Dome,419.67,,,,,11/29/23,Website/Booking Engine,,Cancelled,,,11/29/23,,,,,,,95,27.39,22.28,26,,,,,,,,,,,371,14,Direct,Lantana Dome,371
OLD CB,Cody Hirt,,,,,3.79E+12,,,,,,,,,SAF(1),609,871.22,12/13/23,12/15/23,2,Sage Safari,871.22,,,,,12/5/23,Website/Booking Engine,,Checked Out,,,,,,,,,,95,66.99,46.26,53.97,,,,,,,,,,,771,8,Direct,Sage Safari,385
OLD CB,Thomas Everett,,,,,7.99E+11,,,,,,,,,MON(1),223,387.06,12/13/23,12/14/23,1,Monarch,387.06,,,,,12/7/23,Website/Booking Engine,,Checked Out,,,,,,,,,,95,24.53,20.55,23.98,,,,,,,,,,,343,6,Direct,Monarch,343
OLD CB,Dana & Susan Gillespie,,,,,3.35E+12,,,,,,,,,OAK(1),2204,2871.82,12/14/23,12/17/23,3,Live Oak Lodge,2871.82,,,,,11/18/23,Website/Booking Engine,,Checked Out,,,,,,,,,,95,242.44,152.48,177.9,,,,,,,,,,,2541,26,Direct,Live Oak Lodge,847
OLD CB,Kandy Ovalle,,,,,9.51E+12,,,,,,,,,COC(1),529.97,0,12/14/23,12/15/23,1,Cocoon,706.22,,,,,12/6/23,Airbnb (API),,Confirmed,,,,,,,,,,95,,37.5,43.75,,,,,,,,,,,625,8,Airbnb,Cocoon,625
OLD CB,Taylor Ervin,,,,,1.54E+12,,,,,,,,,DOM(1),326,516.25,12/14/23,12/15/23,1,Lantana Dome,516.25,,,,,12/8/23,Website/Booking Engine,,Checked Out,,,,,,,,,,95,35.86,27.41,31.98,,,,,,,,,,,457,6,Direct,Lantana Dome,457
OLD CB,Taylor Ervin,,,,,9.68E+12,,,,,,,,,N/A,326,0,12/14/23,12/15/23,1,Lantana Dome,516.25,,,,,12/8/23,Website/Booking Engine,,Cancelled,,,12/9/23,,,,,,,95,35.86,27.41,31.98,,,,,,,,,,,457,6,Direct,Lantana Dome,457
OLD CB,Savanna Turnage,,,,,1.81E+12,,,,,,,,,N/A,239,0,12/14/23,12/15/23,1,Walnut House,407.13,,,,,12/14/23,Website/Booking Engine,,Cancelled,,,12/14/23,,,,,,,95,26.29,21.62,25.22,,,,,,,,,,,360,0,Direct,Walnut House,360
OLD CB,Shaleena McGee,,,,,7.63E+12,,,,,,,,,WAL(1),1636,2159.39,12/15/23,12/17/23,2,Walnut House,2159.39,,,,,6/29/23,Website/Booking Engine,,Checked Out,,,,,,,,,,95,179.96,114.66,133.77,,,,,,,,,,,1911,169,Direct,Walnut House,955
OLD CB,Hannah Dean,,,,,2.98E+12,,,,,,,,,COC(1),1998,2613.43,12/15/23,12/17/23,2,Cocoon,2613.43,,,,,10/30/23,Website/Booking Engine,,Checked Out,,,,,,,,,,95,219.78,138.76,161.89,,,,,,,,,,,2313,46,Direct,Cocoon,1156
OLD CB,Jesus Juarez,,,,,8.62E+12,,,,,,,,,DOM(1),1798,2362.57,12/15/23,12/17/23,2,Lantana Dome,2362.57,,,,,11/30/23,Website/Booking Engine,,Checked Out,,,,,,,,,,95,197.78,125.44,146.35,,,,,,,,,,,2091,15,Direct,Lantana Dome,1045
OLD CB,Aimee Reeves,,,,,3.08E+12,,,,,,,,,MON(1),3757.25,0,12/15/23,12/18/23,3,Monarch,4353.05,,,,,12/1/23,Airbnb (API),,Confirmed,,,,,,,,,,95,,231.14,269.66,,,,,,,,,,,3852,14,Airbnb,Monarch,1284
OLD CB,Kiersten Stokes,,,,,1.51E+12,,,,,,,,,N/A,772,0,12/15/23,12/17/23,2,Pecan Haus,1075.67,,,,,12/9/23,Website/Booking Engine,,Cancelled,,,12/9/23,,,,,,,95,84.92,57.12,66.63,,,,,,,,,,,952,6,Direct,Pecan Haus,476
OLD CB,Kiersten Stokes,,,,,7.80E+12,,,,,,,,,PEC(1),772,1085.67,12/15/23,12/17/23,2,Pecan Haus,1075.67,,,,,12/9/23,Website/Booking Engine,,Checked Out,,,,,,,,,,95,84.92,57.12,66.63,,,,,,,,,,,952,6,Direct,Pecan Haus,476
OLD CB,Jaime Felix,,,,,3.64E+12,,,,,,,,,JUN(1),772,975.67,12/15/23,12/17/23,2,Juniper Haus,1075.67,,,,,12/12/23,Website/Booking Engine,,Checked Out,,,,,,,,,,95,84.92,57.12,66.63,,,,,,,,,,,952,3,Direct,Juniper Haus,476
OLD CB,Mark Agnew,,,,,1.22E+12,,,,,,,,,CED(1),270,446.01,12/15/23,12/16/23,1,Cedar Haus,446.01,,,,,12/13/23,Website/Booking Engine,,Checked Out,,,,,,,,,,95,29.7,23.68,27.63,,,,,,,,,,,395,2,Direct,Cedar Haus,395
OLD CB,Erica Cabrera,,,,,6.40E+12,,,,,,,,,SAF(1),1176,1582.41,12/15/23,12/17/23,2,Sage Safari,1582.41,,,,,12/13/23,Website/Booking Engine,,Checked Out,,,,,,,,,,95,129.36,84.02,98.03,,,,,,,,,,,1400,2,Direct,Sage Safari,700
OLD CB,Tammy Romines,,,,,3.97E+11,,,,,,,,,BUC(1),1627,2148.1,12/16/23,12/19/23,3,Buckeye Bungalow,2148.1,,,,,12/10/23,Website/Booking Engine,,Checked Out,,,,,,,,,,95,178.97,114.06,133.07,,,,,,,,,,,1901,6,Direct,Buckeye Bungalow,634
OLD CB,Brandon Gawthorp,,,,,5.59E+12,,,,,,,,,CED(1),610,872.47,12/16/23,12/18/23,2,Cedar Haus,872.47,,,,,12/12/23,Website/Booking Engine,,Checked Out,,,,,,,,,,95,67.1,46.33,54.04,,,,,,,,,,,772,4,Direct,Cedar Haus,386
OLD CB,Tom DeWine,,,,,1.30E+12,,,,,,,,,SAF(1),360.47,0,12/17/23,12/18/23,1,Sage Safari,514.68,,,,,12/12/23,Airbnb (API),,Confirmed,,,,,,,,,,95,,27.33,31.88,,,,,,,,,,,455,5,Airbnb,Sage Safari,455
OLD CB,AnnMarie Cantu,,,,,6.68E+12,,,,,,,,,COC(1),586.47,0,12/17/23,12/19/23,2,Cocoon,770.06,,,,,12/12/23,Airbnb (API),,Confirmed,,,,,,,,,,95,,40.88,47.71,,,,,,,,,,,681,5,Airbnb,Cocoon,341
OLD CB,Billy Tena,,,,,6.88E+12,,,,,,,,,WAL(1),265,439.74,12/17/23,12/18/23,1,Walnut House,439.74,,,,,12/13/23,Website/Booking Engine,,Checked Out,,,,,,,,,,95,29.15,23.35,27.24,,,,,,,,,,,389,4,Direct,Walnut House,389
OLD CB,Tonia Gilson,,,,,3.93E+12,,,,,,,,,SPY(1),682,962.79,12/18/23,12/20/23,2,Spyglass,962.79,,,,,11/12/23,Website/Booking Engine,,Checked Out,,,,,,,,,,95,75.02,51.12,59.65,,,,,,,,,,,852,36,Direct,Spyglass,426
OLD CB,Charley Myers,,,,,6.40E+12,,,,,,,,,SAF(1),682,962.79,12/18/23,12/20/23,2,Sage Safari,962.79,,,,,11/14/23,Website/Booking Engine,,Checked Out,,,,,,,,,,95,75.02,51.12,59.65,,,,,,,,,,,852,34,Direct,Sage Safari,426
OLD CB,Jack Peace,,,,,9.80E+12,,,,,,,,,N/A,929.99,0,12/18/23,12/20/23,2,Live Oak Lodge,1158.24,,,,,11/18/23,Airbnb (API),,Cancelled,,,11/19/23,,,,,,,95,,61.5,71.75,,,,,,,,,,,1025,30,Airbnb,Live Oak Lodge,512
OLD CB,WB Cavender,,,,,4.57E+12,,,,,,,,,MON(1),858.6,1184.29,12/18/23,12/20/23,2,Monarch (Friends & Family Rate),1184.29,,,,,11/26/23,Website/Booking Engine,,Checked Out,,,,,,,,,,95,94.44,62.88,73.37,,,,,,,,,,,1048,22,Direct,Monarch,524
OLD CB,Alexander Goch,,,,,9.30E+12,,,,,,,,,WAL(1),220,383.29,12/18/23,12/19/23,1,Walnut House,383.29,,,,,12/17/23,Website/Booking Engine,,Checked Out,,,,,,,,,,95,24.2,20.35,23.74,,,,,,,,,,,339,1,Direct,Walnut House,339
OLD CB,Michael Crawford,,,,,3.45E+12,,,,,,,,,OAK(1),377.42,0,12/18/23,12/19/23,1,Live Oak Lodge,533.84,,,,,12/18/23,Airbnb (API),,Confirmed,,,,,,,,,,95,,28.35,33.07,,,,,,,,,,,472,0,Airbnb,Live Oak Lodge,472
OLD CB,Adriana Hunt,,,,,3.69E+12,,,,,,,,,WAL(1),878.01,0,12/19/23,12/21/23,2,Walnut House,1099.5,,,,,11/10/23,Airbnb (API),,Confirmed,,,,,,,,,,95,,58.38,68.11,,,,,,,,,,,973,39,Airbnb,Walnut House,487
OLD CB,Porche Torrance,,,,,8.44E+12,,,,,,,,,DOM(1),576,829.83,12/19/23,12/21/23,2,Lantana Dome,829.83,,,,,11/16/23,Website/Booking Engine,,Checked Out,,,,,,,,,,95,63.36,44.06,51.41,,,,,,,,,,,734,33,Direct,Lantana Dome,367
OLD CB,Melissa Newell,,,,,9.27E+12,,,,,,,,,OAK(1),690,972.81,12/19/23,12/21/23,2,Live Oak Lodge,972.81,,,,,11/27/23,Website/Booking Engine,,Checked Out,,,,,,,,,,95,75.9,51.65,60.26,,,,,,,,,,,861,22,Direct,Live Oak Lodge,430
OLD CB,Travis Lodge,,,,,7.82E+12,,,,,,,,,N/A,635,35.55,12/19/23,12/21/23,2,Juniper Haus,903.83,,,,,11/30/23,Website/Booking Engine,,Cancelled,,,11/30/23,,,,,,,95,69.85,47.99,55.99,,,,,,,,,,,800,19,Direct,Juniper Haus,400
OLD CB,Daniel OConor,,,,,9.99E+12,,,,,,,,,SPY(1),353,550.12,12/20/23,12/21/23,1,Spyglass,550.12,,,,,12/8/23,Website/Booking Engine,,Checked Out,,,,,,,,,,95,38.83,29.21,34.08,,,,,,,,,,,487,12,Direct,Spyglass,487
OLD CB,Kathy Murphy,,,,,1.43E+12,,,,,,,,,N/A,517.54,0,12/20/23,12/21/23,1,Sage Safari,692.17,,,,,12/10/23,Airbnb (API),,Cancelled,,,12/18/23,,,,,,,95,,36.75,42.88,,,,,,,,,,,613,10,Airbnb,Sage Safari,613
OLD CB,Kathy Murphy,,,,,5.39E+12,,,,,,,,,BUC(1),494.94,0,12/20/23,12/21/23,1,Buckeye Bungalow,666.64,,,,,12/10/23,Airbnb (API),,Confirmed,,,,,,,,,,95,,35.4,41.3,,,,,,,,,,,590,10,Airbnb,Buckeye Bungalow,590
OLD CB,Cameron Calfee,,,,,4.27E+12,,,,,,,,,COC(1),749.19,0,12/20/23,12/22/23,2,Cocoon,953.94,,,,,12/16/23,Airbnb (API),,Confirmed,,,,,,,,,,95,,50.66,59.09,,,,,,,,,,,844,4,Airbnb,Cocoon,422
OLD CB,Josie Feldman,,,,,4.21E+12,,,,,,,,,JUN(1),282,461.06,12/20/23,12/21/23,1,Juniper Haus,461.06,,,,,12/19/23,Website/Booking Engine,,Checked Out,,,,,,,,,,95,31.02,24.48,28.56,,,,,,,,,,,408,1,Direct,Juniper Haus,408
OLD CB,Leonard Espinoza,,,,,9.11E+12,,,,,,,,,N/A,449,0,12/21/23,12/23/23,2,Pecan Haus,670.53,,,,,12/7/23,Website/Booking Engine,,Cancelled,,,12/7/23,,,,,,,95,49.39,35.6,41.54,,,,,,,,,,,593,14,Direct,Pecan Haus,297
OLD CB,Leonard Espinoza,,,,,1.57E+12,,,,,,,,,N/A,449,0,12/21/23,12/23/23,2,Pecan Haus,670.53,,,,,12/7/23,Website/Booking Engine,,Cancelled,,,12/7/23,,,,,,,95,49.39,35.6,41.54,,,,,,,,,,,593,14,Direct,Pecan Haus,297
OLD CB,Leonard Espinoza,,,,,9.10E+12,,,,,,,,,N/A,449,0,12/21/23,12/23/23,2,Pecan Haus,670.53,,,,,12/7/23,Website/Booking Engine,,Cancelled,,,12/7/23,,,,,,,95,49.39,35.6,41.54,,,,,,,,,,,593,14,Direct,Pecan Haus,297
OLD CB,Leonard Espinoza,,,,,4.75E+11,,,,,,,,,N/A,449,0,12/21/23,12/23/23,2,Pecan Haus,670.53,,,,,12/7/23,Website/Booking Engine,,Cancelled,,,12/7/23,,,,,,,95,49.39,35.6,41.54,,,,,,,,,,,593,14,Direct,Pecan Haus,297
OLD CB,Leonard Espinoza,,,,,3.29E+12,,,,,,,,,N/A,449,0,12/21/23,12/23/23,2,Pecan Haus,670.53,,,,,12/7/23,Website/Booking Engine,,Cancelled,,,12/7/23,,,,,,,95,49.39,35.6,41.54,,,,,,,,,,,593,14,Direct,Pecan Haus,297
OLD CB,Rosemary Naranjo,,,,,5.55E+12,,,,,,,,,N/A,449,0,12/21/23,12/23/23,2,Pecan Haus,670.53,,,,,12/7/23,Website/Booking Engine,,Cancelled,,,12/7/23,,,,,,,95,49.39,35.6,41.54,,,,,,,,,,,593,14,Direct,Pecan Haus,297
OLD CB,Rosemary Naranjo,,,,,3.78E+12,,,,,,,,,N/A,449,0,12/21/23,12/23/23,2,Pecan Haus,670.53,,,,,12/7/23,Website/Booking Engine,,Cancelled,,,12/7/23,,,,,,,95,49.39,35.6,41.54,,,,,,,,,,,593,14,Direct,Pecan Haus,297
OLD CB,Rosemary Naranjo,,,,,7.86E+12,,,,,,,,,N/A,449,0,12/21/23,12/23/23,2,Pecan Haus,670.53,,,,,12/7/23,Website/Booking Engine,,Cancelled,,,12/7/23,,,,,,,95,49.39,35.6,41.54,,,,,,,,,,,593,14,Direct,Pecan Haus,297
OLD CB,Rosemary Naranjo,,,,,4.34E+12,,,,,,,,,PEC(1),614.72,0,12/21/23,12/23/23,2,Pecan Haus,801.99,,,,,12/7/23,Airbnb (API),,Confirmed,,,,,,,,,,95,,42.58,49.69,,,,,,,,,,,710,14,Airbnb,Pecan Haus,355
OLD CB,Cory Aguilar,,,,,5.72E+12,,,,,,,,,SAF(1),232,398.35,12/21/23,12/22/23,1,Sage Safari,398.35,,,,,12/15/23,Website/Booking Engine,,Checked Out,,,,,,,,,,95,25.52,21.15,24.68,,,,,,,,,,,353,6,Direct,Sage Safari,353
OLD CB,Hunter Gilley,,,,,4.52E+12,,,,,,,,,N/A,850,0,12/21/23,12/24/23,3,Lantana Dome,1173.51,,,,,12/15/23,Website/Booking Engine,,Cancelled,,,12/15/23,,,,,,,95,93.5,62.31,72.7,,,,,,,,,,,1039,6,Direct,Lantana Dome,346
OLD CB,Hunter Gilley,,,,,7.99E+12,,,,,,,,,N/A,850,0,12/21/23,12/24/23,3,Lantana Dome,1173.51,,,,,12/15/23,Website/Booking Engine,,Cancelled,,,12/15/23,,,,,,,95,93.5,62.31,72.7,,,,,,,,,,,1039,6,Direct,Lantana Dome,346
OLD CB,Hunter Gilley,,,,,4.23E+11,,,,,,,,,N/A,850,0,12/21/23,12/24/23,3,Lantana Dome,1173.51,,,,,12/15/23,Website/Booking Engine,,Cancelled,,,12/15/23,,,,,,,95,93.5,62.31,72.7,,,,,,,,,,,1039,6,Direct,Lantana Dome,346
OLD CB,Bethany Jackson,,,,,6.84E+12,,,,,,,,,DOM(1),850,1173.51,12/21/23,12/24/23,3,Lantana Dome,1173.51,,,,,12/15/23,Website/Booking Engine,,Checked Out,,,,,,,,,,95,93.5,62.31,72.7,,,,,,,,,,,1039,6,Direct,Lantana Dome,346
OLD CB,Vishu Choudhary,,,,,1.91E+12,,,,,,,,,SPY(1),192,348.18,12/21/23,12/22/23,1,Spyglass (40OFFVISHU),348.18,,,,,12/17/23,Website/Booking Engine,,Checked Out,,,,,,,,,,95,21.12,18.49,21.57,,,,,,,,,,,308,4,Direct,Spyglass,308
OLD CB,James McDonald,,,,,6.93E+12,,,,,,,,,WAL(1),232,398.35,12/21/23,12/22/23,1,Walnut House,398.35,,,,,12/18/23,Website/Booking Engine,,Checked Out,,,,,,,,,,95,25.52,21.15,24.68,,,,,,,,,,,353,3,Direct,Walnut House,353
OLD CB,Ivonne Flores,,,,,1.46E+12,,,,,,,,,JUN(1),186,340.65,12/21/23,12/22/23,1,Juniper Haus,340.65,,,,,12/20/23,Website/Booking Engine,,Checked Out,,,,,,,,,,95,20.46,18.09,21.1,,,,,,,,,,,301,1,Direct,Juniper Haus,301
OLD CB,Nick Goodin,,,,,9.90E+12,,,,,,,,,CED(1),434,651.71,12/22/23,12/24/23,2,Cedar Haus,651.71,,,,,11/27/23,Website/Booking Engine,,Checked Out,,,,,,,,,,95,47.74,34.6,40.37,,,,,,,,,,,577,25,Direct,Cedar Haus,288
OLD CB,Coti Heusmann,,,,,6.49E+12,,,,,,,,,JUN(1),434,651.71,12/22/23,12/24/23,2,Juniper Haus,651.71,,,,,11/27/23,Website/Booking Engine,,Checked Out,,,,,,,,,,95,47.74,34.6,40.37,,,,,,,,,,,577,25,Direct,Juniper Haus,288
OLD CB,Anish Nk,,,,,2.20E+12,,,,,,,,,MON(1),1078.02,0,12/22/23,12/24/23,2,Monarch,1325.51,,,,,12/13/23,Airbnb (API),,Confirmed,,,,,,,,,,95,,70.38,82.11,,,,,,,,,,,1173,9,Airbnb,Monarch,587
OLD CB,Byron Winborne,,,,,1.84E+12,,,,,,,,,WAL(1),970.67,0,12/22/23,12/24/23,2,Walnut House,1204.2,,,,,12/13/23,Airbnb (API),,Confirmed,,,,,,,,,,95,,63.94,74.59,,,,,,,,,,,1066,9,Airbnb,Walnut House,533
OLD CB,Chris Findeisen,,,,,7.43E+12,,,,,,,,,SPY(1),965.02,0,12/22/23,12/24/23,2,Spyglass,1197.83,,,,,12/14/23,Airbnb (API),,Confirmed,,,,,,,,,,95,,63.6,74.21,,,,,,,,,,,1060,8,Airbnb,Spyglass,530
OLD CB,Benjamin Dee,,,,,5.35E+12,,,,,,,,,BUC(1),907.39,0,12/22/23,12/24/23,2,Buckeye Bungalow,1132.7,,,,,12/15/23,Airbnb (API),,Confirmed,,,,,,,,,,95,,60.14,70.17,,,,,,,,,,,1002,7,Airbnb,Buckeye Bungalow,501
OLD CB,Nimra Sandhu,,,,,3.61E+12,,,,,,,,,SAF(1),976.32,0,12/22/23,12/24/23,2,Sage Safari,1210.59,,,,,12/22/23,Airbnb (API),,Confirmed,,,,,,,,,,95,,64.28,74.99,,,,,,,,,,,1071,0,Airbnb,Sage Safari,536
OLD CB,John Draheim,,,,,1.53E+12,,,,,,,,,PEC(1),476,704.39,12/23/23,12/25/23,2,Pecan Haus,704.39,,,,,12/2/23,Website/Booking Engine,,Checked Out,,,,,,,,,,95,52.36,37.4,43.63,,,,,,,,,,,623,21,Direct,Pecan Haus,312
OLD CB,Cassandra Galindez,,,,,4.68E+12,,,,,,,,,COC(1),557,806,12/23/23,12/25/23,2,Cocoon,806,,,,,12/18/23,Website/Booking Engine,,Checked Out,,,,,,,,,,95,61.27,42.8,49.93,,,,,,,,,,,713,5,Direct,Cocoon,357
OLD CB,Amanda Freeman,,,,,9.61E+12,,,,,,,,,OAK(1),379,582.73,12/23/23,12/24/23,1,Live Oak Lodge,582.73,,,,,12/23/23,Website/Booking Engine,,Checked Out,,,,,,,,,,95,41.69,30.94,36.1,,,,,,,,,,,516,0,Direct,Live Oak Lodge,516
OLD CB,Trevor Freeman,,,,,7.11E+12,,,,,,,,,N/A,379,0,12/23/23,12/24/23,1,Live Oak Lodge,582.73,,,,,12/23/23,Website/Booking Engine,,Cancelled,,,12/27/23,,,,,,,95,41.69,30.94,36.1,,,,,,,,,,,516,0,Direct,Live Oak Lodge,516
OLD CB,tiffany promise,,,,,2.72E+12,,,,,,,,,"OAK(1), SAF(1)",2390,3212.49,12/24/23,12/26/23,2,"Live Oak Lodge, Sage Safari",3212.49,,,,,12/5/23,Website/Booking Engine,,Checked Out,,,,,,,,,,190,262.9,170.58,199.01,,,,,,,,,,,2843,19,Direct,"Live Oak Lodge, Sage Safari",1421
OLD CB,Freddy Djogo,,,,,6.74E+10,,,,,,,,,CED(1),370,571.44,12/24/23,12/26/23,2,Cedar Haus,571.44,,,,,12/14/23,Website/Booking Engine,,Checked Out,,,,,,,,,,95,40.7,30.34,35.4,,,,,,,,,,,506,10,Direct,Cedar Haus,253
OLD CB,Sarah Sleibi,,,,,2.12E+12,,,,,,,,,MON(1),260,433.47,12/24/23,12/25/23,1,Monarch,433.47,,,,,12/16/23,Website/Booking Engine,,Checked Out,,,,,,,,,,95,28.6,23.02,26.85,,,,,,,,,,,384,8,Direct,Monarch,384
OLD CB,Sarah Sleibi,,,,,1.28E+12,,,,,,,,,N/A,260,0,12/24/23,12/25/23,1,Monarch,433.47,,,,,12/16/23,Website/Booking Engine,,Cancelled,,,12/16/23,,,,,,,95,28.6,23.02,26.85,,,,,,,,,,,384,8,Direct,Monarch,384
OLD CB,Holli Janene,,,,,4.43E+12,,,,,,,,,DOM(1),355.95,0,12/24/23,12/25/23,1,Lantana Dome,509.58,,,,,12/17/23,Airbnb (API),,Confirmed,,,,,,,,,,95,,27.06,31.57,,,,,,,,,,,451,7,Airbnb,Lantana Dome,451
OLD CB,Michael Villarreal,,,,,3.39E+11,,,,,,,,,JUN(1),497.2,0,12/24/23,12/26/23,2,Juniper Haus,669.19,,,,,12/20/23,Airbnb (API),,Confirmed,,,,,,,,,,95,,35.54,41.45,,,,,,,,,,,592,4,Airbnb,Juniper Haus,296
OLD CB,Matt Weisberger,,,,,5.44E+12,,,,,,,,,DOM(1),1022.65,0,12/25/23,12/27/23,2,Lantana Dome,1262.94,,,,,12/11/23,Airbnb (API),,Confirmed,,,,,,,,,,95,,67.06,78.23,,,,,,,,,,,1118,14,Airbnb,Lantana Dome,559
OLD CB,Daisy Jara,,,,,2.11E+12,,,,,,,,,MON(1),1176.33,0,12/25/23,12/27/23,2,Monarch,1436.6,,,,,12/13/23,Airbnb (API),,Confirmed,,,,,,,,,,95,,76.28,88.99,,,,,,,,,,,1271,12,Airbnb,Monarch,636
OLD CB,Jonathan Martinez,,,,,1.87E+12,,,,,,,,,OAK(1),405,615.34,12/26/23,12/27/23,1,Live Oak Lodge,615.34,,,,,12/13/23,Website/Booking Engine,,Checked Out,,,,,,,,,,95,44.55,32.67,38.12,,,,,,,,,,,545,13,Direct,Live Oak Lodge,545
OLD CB,Dj Samford,,,,,2.56E+12,,,,,,,,,WAL(1),1182,1589.93,12/26/23,12/28/23,2,Walnut House,1589.93,,,,,12/16/23,Website/Booking Engine,,Checked Out,,,,,,,,,,95,130.02,84.42,98.49,,,,,,,,,,,1407,10,Direct,Walnut House,704
OLD CB,Yayu Monica Hew,,,,,4.29E+12,,,,,,,,,SAF(1),1730.03,0,12/26/23,12/28/23,2,Sage Safari,2062.28,,,,,12/18/23,Airbnb (API),,Confirmed,,,,,,,,,,95,,109.5,127.75,,,,,,,,,,,1825,8,Airbnb,Sage Safari,913
OLD CB,Aditya Kumar,,,,,1.83E+10,,,,,,,,,CED(1),263,437.24,12/26/23,12/27/23,1,Cedar Haus,437.24,,,,,12/22/23,Website/Booking Engine,,Checked Out,,,,,,,,,,95,28.93,23.22,27.09,,,,,,,,,,,387,4,Direct,Cedar Haus,387
OLD CB,Aditya Kumar,,,,,3.45E+12,,,,,,,,,N/A,263,0,12/26/23,12/27/23,1,Cedar Haus,437.24,,,,,12/22/23,Website/Booking Engine,,Cancelled,,,12/23/23,,,,,,,95,28.93,23.22,27.09,,,,,,,,,,,387,4,Direct,Cedar Haus,387
OLD CB,Aditya Kumar,,,,,3.61E+12,,,,,,,,,N/A,263,0,12/26/23,12/27/23,1,Cedar Haus,437.24,,,,,12/22/23,Website/Booking Engine,,Cancelled,,,12/23/23,,,,,,,95,28.93,23.22,27.09,,,,,,,,,,,387,4,Direct,Cedar Haus,387
OLD CB,Jason Martinez,,,,,6.84E+12,,,,,,,,,PEC(1),210,370.76,12/26/23,12/27/23,1,Pecan Haus,370.76,,,,,12/26/23,Website/Booking Engine,,Checked Out,,,,,,,,,,95,23.1,19.69,22.97,,,,,,,,,,,328,0,Direct,Pecan Haus,328
OLD CB,Wesley Bownds,,,,,2.10E+12,,,,,,,,,JUN(1),2471,3206.71,12/27/23,12/31/23,4,Juniper Haus,3206.71,,,,,11/25/23,Website/Booking Engine,,Checked Out,,,,,,,,,,95,271.81,170.26,198.64,,,,,,,,,,,2838,32,Direct,Juniper Haus,709
OLD CB,Elizabeth Green,,,,,8.45E+12,,,,,,,,,OAK(1),467,820.75,12/27/23,12/28/23,1,Live Oak Lodge,693.11,,,,,12/6/23,Website/Booking Engine,,Checked Out,,,,,,,,,,95,51.37,36.8,42.94,,,,,,,,,,,613,21,Direct,Live Oak Lodge,613
OLD CB,Bryan Gordon,,,,,2.45E+12,,,,,,,,,COC(1),988,1346.6,12/27/23,12/29/23,2,Cocoon,1346.6,,,,,12/6/23,Website/Booking Engine,,Checked Out,,,,,,,,,,95,108.68,71.5,83.42,,,,,,,,,,,1192,21,Direct,Cocoon,596
OLD CB,Nathan McDuff,,,,,7.38E+12,,,,,,,,,CED(1),607,868.71,12/27/23,12/29/23,2,Cedar Haus,868.71,,,,,12/12/23,Website/Booking Engine,,Checked Out,,,,,,,,,,95,66.77,46.13,53.81,,,,,,,,,,,769,15,Direct,Cedar Haus,384
OLD CB,Maygen Ritchie,,,,,3.67E+12,,,,,,,,,PEC(1),981,1337.82,12/27/23,12/30/23,3,Pecan Haus,1337.82,,,,,12/12/23,Website/Booking Engine,,Checked Out,,,,,,,,,,95,107.91,71.04,82.87,,,,,,,,,,,1184,15,Direct,Pecan Haus,395
OLD CB,Wanda Brown,,,,,5.94E+12,,,,,,,,,MON(1),1849,2426.56,12/27/23,12/29/23,2,Monarch,2426.56,,,,,12/27/23,Website/Booking Engine,,Checked Out,,,,,,,,,,95,203.39,128.85,150.32,,,,,,,,,,,2147,0,Direct,Monarch,1074
OLD CB,Anissa de la Mora,,,,,2.53E+12,,,,,,,,,DOM(1),1918,2513.09,12/28/23,12/30/23,2,Lantana Dome,2513.09,,,,,11/29/23,Website/Booking Engine,,Checked Out,,,,,,,,,,95,210.98,133.44,155.67,,,,,,,,,,,2224,29,Direct,Lantana Dome,1112
OLD CB,Thomas Sublett,,,,,3.76E+11,,,,,,,,,SPY(1),1678,2212.07,12/28/23,12/30/23,2,Spyglass,2212.07,,,,,12/12/23,Website/Booking Engine,,Checked Out,,,,,,,,,,95,184.58,117.46,137.03,,,,,,,,,,,1958,16,Direct,Spyglass,979
OLD CB,Vidhi Desai,,,,,6.77E+11,,,,,,,,,WAL(1),1766,2322.45,12/28/23,12/30/23,2,Walnut House,2322.45,,,,,12/23/23,Website/Booking Engine,,Checked Out,,,,,,,,,,95,194.26,123.32,143.87,,,,,,,,,,,2055,5,Direct,Walnut House,1028
OLD CB,Christine Megarity,,,,,7.79E+12,,,,,,,,,SAF(1),2770,3581.76,12/29/23,1/2/24,4,Sage Safari,3581.76,,,,,12/15/23,Website/Booking Engine,,Checked Out,,,,,,,,,,95,304.7,190.18,221.88,,,,,,,,,,,3170,14,Direct,Sage Safari,792
OLD CB,Noah Sagawinit,,,,,9.57E+12,,,,,,,,,N/A,2171,0,12/29/23,1/1/24,3,Buckeye Bungalow,2830.42,,,,,12/21/23,Website/Booking Engine,,Cancelled,,,12/21/23,,,,,,,95,238.81,150.28,175.33,,,,,,,,,,,2505,8,Direct,Buckeye Bungalow,835
OLD CB,Noah Sagawinit,,,,,5.49E+12,,,,,,,,,BUC(1),2171,2830.42,12/29/23,1/1/24,3,Buckeye Bungalow,2830.42,,,,,12/21/23,Website/Booking Engine,,Checked Out,,,,,,,,,,95,238.81,150.28,175.33,,,,,,,,,,,2505,8,Direct,Buckeye Bungalow,835
OLD CB,Ezra Kuenzi,,,,,3.91E+12,,,,,,,,,OAK(1),719,1009.2,12/29/23,12/30/23,1,Live Oak Lodge,1009.2,,,,,12/22/23,Website/Booking Engine,,Checked Out,,,,,,,,,,95,79.09,53.59,62.52,,,,,,,,,,,893,7,Direct,Live Oak Lodge,893
OLD CB,Oanh Moss,,,,,7.44E+12,,,,,,,,,COC(1),1544.71,0,12/29/23,12/31/23,2,Cocoon,1852.87,,,,,12/22/23,Airbnb (API),,Confirmed,,,,,,,,,,95,,98.38,114.78,,,,,,,,,,,1640,7,Airbnb,Cocoon,820
OLD CB,Ezra Kuenzi,,,,,6.54E+12,,,,,,,,,N/A,719,0,12/29/23,12/30/23,1,Live Oak Lodge,1009.2,,,,,12/22/23,Website/Booking Engine,,Cancelled,,,12/22/23,,,,,,,95,79.09,53.59,62.52,,,,,,,,,,,893,7,Direct,Live Oak Lodge,893
OLD CB,Joseph Phair,,,,,9.84E+12,,,,,,,,,N/A,1883,0,12/29/23,12/31/23,2,Monarch,2443.77,,,,,12/22/23,Website/Booking Engine,,Cancelled,,,12/30/23,,,,,,,95,196.13,124.45,145.19,,,,,,,,,,,2174,7,Direct,Monarch,1087
OLD CB,Eric Herm,,,,,7.20E+12,,,,,,,,,SPY(1),2748.56,0,12/30/23,1/1/24,2,Spyglass,3213.23,,,,,9/19/23,Airbnb (API),,Confirmed,,,,,,,,,,95,,170.62,199.05,,,,,,,,,,,2844,102,Airbnb,Spyglass,1422
OLD CB,Alex Oanono,,,,,9.33E+12,,,,,,,,,DOM(1),2205.77,0,12/30/23,1/1/24,2,Lantana Dome,2599.86,,,,,12/7/23,Airbnb (API),,Confirmed,,,,,,,,,,95,,138.04,161.05,,,,,,,,,,,2301,23,Airbnb,Lantana Dome,1150
OLD CB,Alex Oanono,,,,,4.94E+12,,,,,,,,,N/A,1841.91,0,12/30/23,1/1/24,2,Cocoon,2188.72,,,,,12/7/23,Airbnb (API),,Cancelled,,,12/7/23,,,,,,,95,,116.22,135.59,,,,,,,,,,,1937,23,Airbnb,Cocoon,968
OLD CB,Shannon Ferguson,,,,,7.49E+12,,,,,,,,,WAL(1),2060,2691.2,12/30/23,1/2/24,3,Walnut House,2691.2,,,,,12/13/23,Website/Booking Engine,,Checked Out,,,,,,,,,,95,226.6,142.89,166.71,,,,,,,,,,,2382,17,Direct,Walnut House,794
OLD CB,David Tuomikoski,,,,,1.82E+12,,,,,,,,,PEC(1),694,977.84,12/30/23,1/1/24,2,Pecan Haus,977.84,,,,,12/15/23,Website/Booking Engine,,Checked Out,,,,,,,,,,95,76.34,51.92,60.58,,,,,,,,,,,865,15,Direct,Pecan Haus,433
OLD CB,Lindsey Morris,,,,,7.41E+12,,,,,,,,,OAK(1),1941,2541.95,12/30/23,1/2/24,3,Live Oak Lodge,2541.95,,,,,12/16/23,Website/Booking Engine,,Checked Out,,,,,,,,,,95,213.51,134.97,157.47,,,,,,,,,,,2250,14,Direct,Live Oak Lodge,750
OLD CB,Katie Garber,,,,,6.32E+12,,,,,,,,,CED(1),535.62,0,12/30/23,1/1/24,2,Cedar Haus,712.61,,,,,12/30/23,Airbnb (API),,Confirmed,,,,,,,,,,95,,37.84,44.15,,,,,,,,,,,631,0,Airbnb,Cedar Haus,315
OLD CB,Jeannette Roman,,,,,1.15E+12,,,,,,,,,COC(1),773,1076.92,12/31/23,1/2/24,2,Cocoon,1076.92,,,,,12/13/23,Website/Booking Engine,,Checked Out,,,,,,,,,,95,85.03,57.18,66.71,,,,,,,,,,,953,18,Direct,Cocoon,477
OLD CB,Jesse Ignjatovic,,,,,4.38E+12,,,,,,,,,MON(1),1500,1988.8,12/31/23,1/1/24,1,Monarch,1988.8,,,,,12/27/23,Website/Booking Engine,,Checked Out,,,,,,,,,,95,165,105.6,123.2,,,,,,,,,,,1760,4,Direct,Monarch,1760
OLD CB,Clay Schomburg,,,,,3.89E+12,,,,,,,,,JUN(1),555,803.5,12/31/23,1/2/24,2,Juniper Haus,803.5,,,,,12/30/23,Website/Booking Engine,,Checked Out,,,,,,,,,,95,61.05,42.67,49.78,,,,,,,,,,,711,1,Direct,Juniper Haus,356
OLD CB,Cass McLaughlin,,,,,6.96E+12,,,,,,,,,SPY(1),364,563.91,1/1/24,1/2/24,1,Spyglass,563.91,,,,,11/11/23,Website/Booking Engine,,Checked Out,,,,,,,,,,95,40.04,29.94,34.93,,,,,,,,,,,499,51,Direct,Spyglass,499
OLD CB,Luis Cidrao,,,,,9.55E+12,,,,,,,,,MON(1),831.68,0,1/1/24,1/3/24,2,Monarch,1047.15,,,,,11/20/23,Airbnb (API),,Confirmed,,,,,,,,,,95,,55.6,64.87,,,,,,,,,,,927,42,Airbnb,Monarch,463
OLD CB,Libbie Gunter,,,,,5.24E+12,,,,,,,,,N/A,609.07,0,1/1/24,1/3/24,2,Buckeye Bungalow,795.6,,,,,11/21/23,Airbnb (API),,Cancelled,,,12/19/23,,,,,,,95,,42.24,49.29,,,,,,,,,,,704,41,Airbnb,Buckeye Bungalow,352
OLD CB,Meagan Guerrero,,,,,3.14E+12,,,,,,,,,N/A,609,116.79,1/1/24,1/3/24,2,Lantana Dome,871.21,,,,,11/30/23,Website/Booking Engine,,Cancelled,,,12/10/23,,,,,,,95,66.99,46.26,53.96,,,,,,,,,,,771,32,Direct,Lantana Dome,385
OLD CB,Aaron Urbina,,,,,7.34E+12,,,,,,,,,PEC(1),615,878.74,1/1/24,1/4/24,3,Pecan Haus,878.74,,,,,11/30/23,Website/Booking Engine,,Checked Out,,,,,,,,,,95,67.65,46.65,54.44,,,,,,,,,,,778,32,Direct,Pecan Haus,259
OLD CB,Berenice De hita,,,,,1.97E+12,,,,,,,,,BUC(1),444,664.26,1/1/24,1/3/24,2,Buckeye Bungalow,664.26,,,,,12/18/23,Website/Booking Engine,,Checked Out,,,,,,,,,,95,48.84,35.27,41.15,,,,,,,,,,,588,14,Direct,Buckeye Bungalow,294
OLD CB,Jacob Ozuna,,,,,8.23E+12,,,,,,,,,DOM(1),609,871.21,1/1/24,1/3/24,2,Lantana Dome,871.21,,,,,12/28/23,Website/Booking Engine,,Checked Out,,,,,,,,,,95,66.99,46.26,53.96,,,,,,,,,,,771,4,Direct,Lantana Dome,385
OLD CB,Carmen Parsons Sneed,,,,,9.15E+12,,,,,,,,,SPY(1),853.15,0,1/2/24,1/4/24,2,Spyglass,1071.4,,,,,11/9/23,Airbnb (API),,Confirmed,,,,,,,,,,95,,56.88,66.37,,,,,,,,,,,948,54,Airbnb,Spyglass,474
OLD CB,Lauren Ellis,,,,,3.87E+12,,,,,,,,,OAK(1),569,821.05,1/2/24,1/4/24,2,Live Oak Lodge,821.05,,,,,11/19/23,Website/Booking Engine,,Checked Out,,,,,,,,,,95,62.59,43.6,50.86,,,,,,,,,,,727,44,Direct,Live Oak Lodge,363
OLD CB,Montana Lee,,,,,1.87E+12,,,,,,,,,SAF(1),598,857.42,1/2/24,1/4/24,2,Sage Safari,857.42,,,,,11/19/23,Website/Booking Engine,,Checked Out,,,,,,,,,,95,65.78,45.53,53.11,,,,,,,,,,,759,44,Direct,Sage Safari,379
OLD CB,Charmae Hollingworth,,,,,6.49E+12,,,,,,,,,COC(1),217,379.53,1/2/24,1/3/24,1,Cocoon,379.53,,,,,11/29/23,Website/Booking Engine,,Checked Out,,,,,,,,,,95,23.87,20.15,23.51,,,,,,,,,,,336,34,Direct,Cocoon,336
OLD CB,Gabriel Flores,,,,,1.58E+12,,,,,,,,,WAL(1),655,928.92,1/2/24,1/4/24,2,Walnut House,928.92,,,,,12/3/23,Website/Booking Engine,,Checked Out,,,,,,,,,,95,72.05,49.33,57.54,,,,,,,,,,,822,30,Direct,Walnut House,411
OLD CB,Trace McQuaig,,,,,6.44E+12,,,,,,,,,CED(1),532,774.64,1/2/24,1/4/24,2,Cedar Haus,774.64,,,,,12/28/23,Website/Booking Engine,,Checked Out,,,,,,,,,,95,58.52,41.13,47.99,,,,,,,,,,,686,5,Direct,Cedar Haus,343
OLD CB,Sue X Chen,,,,,9.69E+12,,,,,,,,,MON(1),1268.99,0,1/3/24,1/5/24,2,Monarch,1541.31,,,,,11/6/23,Airbnb (API),,Confirmed,,,,,,,,,,95,,81.84,95.48,,,,,,,,,,,1364,58,Airbnb,Monarch,682
OLD CB,Brent Phillips,,,,,9.34E+11,,,,,,,,,DOM(1),714,1002.93,1/3/24,1/5/24,2,Lantana Dome,1002.93,,,,,11/26/23,Website/Booking Engine,,Checked Out,,,,,,,,,,95,78.54,53.26,62.13,,,,,,,,,,,888,38,Direct,Lantana Dome,444
OLD CB,Jordan Pogon,,,,,8.56E+12,,,,,,,,,COC(1),590,847.39,1/3/24,1/5/24,2,Cocoon,847.39,,,,,12/20/23,Website/Booking Engine,,Checked Out,,,,,,,,,,95,64.9,44.99,52.5,,,,,,,,,,,750,14,Direct,Cocoon,375
OLD CB,Candace Barnes,,,,,4.33E+11,,,,,,,,,SAF(1),1384.25,0,1/4/24,1/6/24,2,Sage Safari,1671.56,,,,,12/6/23,Airbnb (API),,Confirmed,,,,,,,,,,95,,88.76,103.55,,,,,,,,,,,1479,29,Airbnb,Sage Safari,740
OLD CB,Uche Ugwoaba,,,,,3.50E+12,,,,,,,,,BUC(1),784,1090.72,1/4/24,1/6/24,2,Buckeye Bungalow,1090.72,,,,,12/26/23,Website/Booking Engine,,Checked Out,,,,,,,,,,95,86.24,57.91,67.57,,,,,,,,,,,965,9,Direct,Buckeye Bungalow,483
OLD CB,Becka Swift,,,,,7.37E+12,,,,,,,,,OAK(1),1168.42,0,1/4/24,1/6/24,2,Live Oak Lodge,1427.65,,,,,1/2/24,Airbnb (API),,Confirmed,,,,,,,,,,95,,75.8,88.43,,,,,,,,,,,1263,2,Airbnb,Live Oak Lodge,632
OLD CB,Cambrey Rogers,,,,,2.90E+12,,,,,,,,,SPY(1),884.79,0,1/4/24,1/6/24,2,Spyglass,1107.16,,,,,1/4/24,Airbnb (API),,Confirmed,,,,,,,,,,95,,58.78,68.59,,,,,,,,,,,980,0,Airbnb,Spyglass,490
OLD CB,Lauren Konen,,,,,3.62E+12,,,,,,,,,COC(1),1000,1361.65,1/5/24,1/7/24,2,Cocoon,1361.65,,,,,11/22/23,Website/Booking Engine,,Checked Out,,,,,,,,,,95,110,72.3,84.35,,,,,,,,,,,1205,44,Direct,Cocoon,603
OLD CB,Angela Balmer,,,,,9.78E+12,,,,,,,,,JUN(1),892,1226.17,1/5/24,1/7/24,2,Juniper Haus,1226.17,,,,,12/5/23,Website/Booking Engine,,Checked Out,,,,,,,,,,95,98.12,65.1,75.95,,,,,,,,,,,1085,31,Direct,Juniper Haus,543
OLD CB,Kelsi Smith,,,,,7.04E+12,,,,,,,,,WAL(1),1842,2417.78,1/5/24,1/8/24,3,Walnut House,2417.78,,,,,12/20/23,Website/Booking Engine,,Checked Out,,,,,,,,,,95,202.62,128.39,149.77,,,,,,,,,,,2140,16,Direct,Walnut House,713
OLD CB,Erin Intriago,,,,,6.92E+12,,,,,,,,,MON(1),1116,1507.15,1/5/24,1/7/24,2,Monarch,1507.15,,,,,1/3/24,Website/Booking Engine,,Checked Out,,,,,,,,,,95,122.76,80.02,93.37,,,,,,,,,,,1334,2,Direct,Monarch,667
OLD CB,Tod Higginbotham,,,,,4.79E+12,,,,,,,,,DOM(1),864,1191.07,1/5/24,1/7/24,2,Lantana Dome,1191.07,,,,,1/4/24,Website/Booking Engine,,Checked Out,,,,,,,,,,95,95.04,63.24,73.79,,,,,,,,,,,1054,1,Direct,Lantana Dome,527
OLD CB,Juanita Danielsen,,,,,6.17E+12,,,,,,,,,CED(1),320.92,0,1/5/24,1/6/24,1,Cedar Haus,469.99,,,,,1/5/24,Airbnb (API),,Confirmed,,,,,,,,,,95,,24.96,29.11,,,,,,,,,,,416,0,Airbnb,Cedar Haus,416
OLD CB,Joseph Barbosa,,,,,3.29E+12,,,,,,,,,N/A,561,0,1/6/24,1/8/24,2,Pecan Haus,811.01,,,,,12/29/23,Website/Booking Engine,,Cancelled,,,12/29/23,,,,,,,95,61.71,43.06,50.24,,,,,,,,,,,718,8,Direct,Pecan Haus,359
OLD CB,Shriraksha Joshi,,,,,4.82E+11,,,,,,,,,N/A,900,0,1/6/24,1/8/24,2,Spyglass,1236.22,,,,,12/29/23,Website/Booking Engine,,Cancelled,,,12/29/23,,,,,,,95,99,65.64,76.58,,,,,,,,,,,1094,8,Direct,Spyglass,547
OLD CB,Joseph Barbosa,,,,,2.41E+12,,,,,,,,,PEC(1),561,811.01,1/6/24,1/8/24,2,Pecan Haus,811.01,,,,,12/29/23,Website/Booking Engine,,Checked Out,,,,,,,,,,95,61.71,43.06,50.24,,,,,,,,,,,718,8,Direct,Pecan Haus,359
OLD CB,Vishwa Kurakundi,,,,,4.48E+12,,,,,,,,,SPY(1),900,1236.22,1/6/24,1/8/24,2,Spyglass,1236.22,,,,,12/30/23,Website/Booking Engine,,Checked Out,,,,,,,,,,95,99,65.64,76.58,,,,,,,,,,,1094,7,Direct,Spyglass,547
OLD CB,Tom Giovannelli,,,,,9.77E+12,,,,,,,,,OAK(1),1131.13,0,1/6/24,1/8/24,2,Live Oak Lodge,1385.52,,,,,1/1/24,Airbnb (API),,Confirmed,,,,,,,,,,95,,73.56,85.83,,,,,,,,,,,1226,5,Airbnb,Live Oak Lodge,613
OLD CB,Theresa Bonnette,,,,,4.82E+12,,,,,,,,,MON(1),844.11,0,1/7/24,1/9/24,2,Monarch,1061.18,,,,,12/4/23,Airbnb (API),,Confirmed,,,,,,,,,,95,,56.34,65.73,,,,,,,,,,,939,34,Airbnb,Monarch,470
OLD CB,Brian McDaniel,,,,,7.23E+12,,,,,,,,,JUN(1),435,652.97,1/7/24,1/9/24,2,Juniper Haus,652.97,,,,,12/8/23,Website/Booking Engine,,Checked Out,,,,,,,,,,95,47.85,34.67,40.45,,,,,,,,,,,578,30,Direct,Juniper Haus,289
OLD CB,Kyungnam Lee,,,,,4.75E+12,,,,,,,,,N/A,389,0,1/7/24,1/8/24,1,Live Oak Lodge,595.28,,,,,12/25/23,Website/Booking Engine,,Cancelled,,,12/27/23,,,,,,,95,42.79,31.61,36.88,,,,,,,,,,,527,13,Direct,Live Oak Lodge,527
OLD CB,Candice Hofstra,,,,,1.95E+12,,,,,,,,,N/A,541,0,1/7/24,1/9/24,2,Lantana Dome,785.92,,,,,12/31/23,Website/Booking Engine,,Cancelled,,,12/31/23,,,,,,,95,59.51,41.73,48.68,,,,,,,,,,,696,7,Direct,Lantana Dome,348
OLD CB,Candice Hofstra,,,,,8.61E+12,,,,,,,,,N/A,541,0,1/7/24,1/9/24,2,Lantana Dome,785.92,,,,,12/31/23,Website/Booking Engine,,Cancelled,,,12/31/23,,,,,,,95,59.51,41.73,48.68,,,,,,,,,,,696,7,Direct,Lantana Dome,348
OLD CB,Lucas Hofstra,,,,,3.23E+12,,,,,,,,,DOM(1),541,785.92,1/7/24,1/9/24,2,Lantana Dome,785.92,,,,,12/31/23,Website/Booking Engine,,Checked Out,,,,,,,,,,95,59.51,41.73,48.68,,,,,,,,,,,696,7,Direct,Lantana Dome,348
OLD CB,Brooke Flores,,,,,2.68E+12,,,,,,,,,COC(1),227,392.08,1/7/24,1/8/24,1,Cocoon,392.08,,,,,1/5/24,Website/Booking Engine,,Checked Out,,,,,,,,,,95,24.97,20.82,24.29,,,,,,,,,,,347,2,Direct,Cocoon,347
OLD CB,Christopher Hilfer,,,,,5.63E+12,,,,,,,,,SAF(1),209,369.5,1/7/24,1/8/24,1,Sage Safari,369.5,,,,,1/7/24,Website/Booking Engine,,Checked Out,,,,,,,,,,95,22.99,19.62,22.89,,,,,,,,,,,327,0,Direct,Sage Safari,327
OLD CB,Francisco Rodriguez,,,,,1.14E+10,,,,,,,,,CED(1),383,587.74,1/7/24,1/9/24,2,Cedar Haus,587.74,,,,,1/7/24,Website/Booking Engine,,Checked Out,,,,,,,,,,95,42.13,31.2,36.41,,,,,,,,,,,520,0,Direct,Cedar Haus,260
OLD CB,Francisco Rodriguez,,,,,7.35E+12,,,,,,,,,N/A,383,0,1/7/24,1/9/24,2,Cedar Haus,587.74,,,,,1/7/24,Website/Booking Engine,,Cancelled,,,1/7/24,,,,,,,95,42.13,31.2,36.41,,,,,,,,,,,520,0,Direct,Cedar Haus,260
OLD CB,Monica Cordova,,,,,2.84E+12,,,,,,,,,OAK(1),460,684.33,1/8/24,1/10/24,2,Live Oak Lodge,684.33,,,,,11/26/23,Website/Booking Engine,,Checked Out,,,,,,,,,,95,50.6,36.34,42.39,,,,,,,,,,,606,43,Direct,Live Oak Lodge,303
OLD CB,Jeremy Klinger,,,,,4.78E+12,,,,,,,,,SPY(1),484,714.43,1/8/24,1/10/24,2,Spyglass,714.43,,,,,12/7/23,Website/Booking Engine,,Checked Out,,,,,,,,,,95,53.24,37.94,44.25,,,,,,,,,,,632,32,Direct,Spyglass,316
OLD CB,Cameron Van Valkenburg,,,,,3.12E+12,,,,,,,,,BUC(1),501,588.48,1/8/24,1/11/24,3,Buckeye Bungalow,735.76,,,,,12/13/23,Website/Booking Engine,,Checked Out,,,,,,,,,,95,55.11,39.06,45.59,,,,,,,,,,,651,26,Direct,Buckeye Bungalow,217
OLD CB,Janine Forbes,,,,,2.55E+12,,,,,,,,,COC(1),501,735.76,1/8/24,1/11/24,3,Cocoon,735.76,,,,,12/18/23,Website/Booking Engine,,Checked Out,,,,,,,,,,95,55.11,39.06,45.59,,,,,,,,,,,651,21,Direct,Cocoon,217
OLD CB,Wayne Y,,,,,5.81E+12,,,,,,,,,WAL(1),654.27,0,1/8/24,1/10/24,2,Walnut House,846.68,,,,,1/6/24,Airbnb (API),,Confirmed,,,,,,,,,,95,,44.96,52.45,,,,,,,,,,,749,2,Airbnb,Walnut House,375
OLD CB,Jennifer Hopkins,,,,,9.08E+12,,,,,,,,,MON(1),654.27,0,1/9/24,1/11/24,2,Monarch,846.68,,,,,12/28/23,Airbnb (API),,Confirmed,,,,,,,,,,95,,44.96,52.45,,,,,,,,,,,749,12,Airbnb,Monarch,375
OLD CB,ALICIA PYNE,,,,,7.88E+12,,,,,,,,,N/A,484,0,1/9/24,1/11/24,2,Walnut House,714.43,,,,,12/29/23,Website/Booking Engine,,Cancelled,,,12/29/23,,,,,,,95,53.24,37.94,44.25,,,,,,,,,,,632,11,Direct,Walnut House,316
OLD CB,ALICIA PYNE,,,,,6.15E+12,,,,,,,,,N/A,460,0,1/9/24,1/11/24,2,Lantana Dome,684.33,,,,,12/30/23,Website/Booking Engine,,Cancelled,,,12/31/23,,,,,,,95,50.6,36.34,42.39,,,,,,,,,,,606,10,Direct,Lantana Dome,303
OLD CB,Andrea Chen,,,,,2.57E+12,,,,,,,,,SAF(1),242,315.89,1/9/24,1/10/24,1,Sage Safari,410.89,,,,,1/2/24,Website/Booking Engine,,Confirmed,,,,,,,,,,95,26.62,21.82,25.45,,,,,,,,,,,364,7,Direct,Sage Safari,364
OLD CB,Andrea Chen,,,,,6.52E+12,,,,,,,,,N/A,242,0,1/9/24,1/10/24,1,Sage Safari,410.89,,,,,1/2/24,Website/Booking Engine,,Cancelled,,,1/2/24,,,,,,,95,26.62,21.82,25.45,,,,,,,,,,,364,7,Direct,Sage Safari,364
OLD CB,ALICIA PYNE,,,,,6.29E+12,,,,,,,,,DOM(1),460,684.33,1/9/24,1/11/24,2,Lantana Dome,684.33,,,,,1/2/24,Website/Booking Engine,,Checked Out,,,,,,,,,,95,50.6,36.34,42.39,,,,,,,,,,,606,7,Direct,Lantana Dome,303
OLD CB,John Atterbury,,,,,4.52E+12,,,,,,,,,SPY(1),1562.79,0,1/10/24,1/13/24,3,Spyglass,1873.33,,,,,12/22/23,Airbnb (API),,Confirmed,,,,,,,,,,95,,99.48,116.06,,,,,,,,,,,1658,19,Airbnb,Spyglass,553
OLD CB,Tasneem Tayabali,,,,,6.63E+11,,,,,,,,,SAF(1),242,410.89,1/10/24,1/11/24,1,Sage Safari,410.89,,,,,1/7/24,Website/Booking Engine,,Checked Out,,,,,,,,,,95,26.62,21.82,25.45,,,,,,,,,,,364,3,Direct,Sage Safari,364
OLD CB,Jackie Thompson,,,,,8.35E+11,,,,,,,,,MON(1),267,442.25,1/11/24,1/12/24,1,Monarch,442.25,,,,,1/4/24,Website/Booking Engine,,Checked Out,,,,,,,,,,95,29.37,23.48,27.4,,,,,,,,,,,391,7,Direct,Monarch,391
OLD CB,Bonnie Davenport,,,,,7.40E+12,,,,,,,,,BUC(1),771.79,0,1/11/24,1/13/24,2,Buckeye Bungalow,979.46,,,,,1/11/24,Airbnb (API),,Confirmed,,,,,,,,,,95,,52,60.67,,,,,,,,,,,867,0,Airbnb,Buckeye Bungalow,433
OLD CB,Jessica Tarrillion,,,,,7.69E+12,,,,,,,,,MON(1),1760,2164.93,1/12/24,1/14/24,2,Monarch,2314.93,,,,,12/8/23,Website/Booking Engine,,Checked Out,,,,,,,,,,95,193.6,122.92,143.41,,,,,,,,,,,2049,35,Direct,Monarch,1024
OLD CB,Mallory Harwick,,,,,6.16E+12,,,,,,,,,N/A,982,0,1/12/24,1/14/24,2,Pecan Haus,1339.07,,,,,12/16/23,Website/Booking Engine,,Cancelled,,,12/16/23,,,,,,,95,108.02,71.1,82.95,,,,,,,,,,,1185,27,Direct,Pecan Haus,593
OLD CB,Mallory Harwick,,,,,4.82E+12,,,,,,,,,PEC(1),982,1339.07,1/12/24,1/14/24,2,Pecan Haus,1339.07,,,,,12/16/23,Website/Booking Engine,,Checked Out,,,,,,,,,,95,108.02,71.1,82.95,,,,,,,,,,,1185,27,Direct,Pecan Haus,593
OLD CB,Vibhav Altekar,,,,,1.45E+12,,,,,,,,,N/A,1516,0,1/12/24,1/14/24,2,Live Oak Lodge,2008.87,,,,,1/1/24,Website/Booking Engine,,Cancelled,,,1/1/24,,,,,,,95,166.76,106.66,124.45,,,,,,,,,,,1778,11,Direct,Live Oak Lodge,889
OLD CB,Vibhav Altekar,,,,,1.49E+11,,,,,,,,,N/A,1516,0,1/12/24,1/14/24,2,Live Oak Lodge,2008.87,,,,,1/1/24,Website/Booking Engine,,Cancelled,,,1/1/24,,,,,,,95,166.76,106.66,124.45,,,,,,,,,,,1778,11,Direct,Live Oak Lodge,889
OLD CB,Vibhav Altekar,,,,,8.53E+12,,,,,,,,,OAK(1),1516,2008.87,1/12/24,1/14/24,2,Live Oak Lodge,2008.87,,,,,1/1/24,Website/Booking Engine,,Checked Out,,,,,,,,,,95,166.76,106.66,124.45,,,,,,,,,,,1778,11,Direct,Live Oak Lodge,889
OLD CB,Arthur Rutherford,,,,,3.23E+12,,,,,,,,,SAF(1),1898,2488,1/12/24,1/15/24,3,Sage Safari,2488,,,,,1/2/24,Website/Booking Engine,,Checked Out,,,,,,,,,,95,208.78,132.1,154.12,,,,,,,,,,,2202,10,Direct,Sage Safari,734
OLD CB,Bruce Gates,,,,,1.32E+12,,,,,,,,,CED(1),982,1339.07,1/12/24,1/14/24,2,Cedar Haus,1339.07,,,,,1/9/24,Website/Booking Engine,,Checked Out,,,,,,,,,,95,108.02,71.1,82.95,,,,,,,,,,,1185,3,Direct,Cedar Haus,593
OLD CB,Jackie Thompson,,,,,5.00E+12,,,,,,,,,COC(1),399,607.81,1/12/24,1/13/24,1,Cocoon,607.81,,,,,1/11/24,Website/Booking Engine,,Checked Out,,,,,,,,,,95,43.89,32.27,37.65,,,,,,,,,,,538,1,Direct,Cocoon,538
OLD CB,Matthew Loveless,,,,,9.11E+11,,,,,,,,,WAL(1),399,607.81,1/12/24,1/13/24,1,Walnut House,607.81,,,,,1/12/24,Website/Booking Engine,,Checked Out,,,,,,,,,,95,43.89,32.27,37.65,,,,,,,,,,,538,0,Direct,Walnut House,538
OLD CB,Phillip Farr,,,,,9.97E+12,,,,,,,,,SPY(1),1473.52,0,1/13/24,1/15/24,2,Spyglass,1772.43,,,,,12/21/23,Airbnb (API),,Confirmed,,,,,,,,,,95,,94.12,109.79,,,,,,,,,,,1569,23,Airbnb,Spyglass,784
OLD CB,Elizabeth Kearns,,,,,4.91E+12,,,,,,,,,N/A,1075,0,1/13/24,1/15/24,2,Live Oak Lodge,1455.72,,,,,12/22/23,Website/Booking Engine,,Cancelled,,,12/23/23,,,,,,,95,118.25,77.29,90.18,,,,,,,,,,,1288,22,Direct,Live Oak Lodge,644
OLD CB,Elizabeth Kearns,,,,,2.24E+12,,,,,,,,,N/A,1075,0,1/13/24,1/15/24,2,Live Oak Lodge,1455.72,,,,,12/22/23,Website/Booking Engine,,Cancelled,,,12/22/23,,,,,,,95,118.25,77.29,90.18,,,,,,,,,,,1288,22,Direct,Live Oak Lodge,644
OLD CB,Elizabeth Kearns,,,,,9.73E+12,,,,,,,,,N/A,1075,0,1/13/24,1/15/24,2,Live Oak Lodge,1455.72,,,,,12/22/23,Website/Booking Engine,,Cancelled,,,12/22/23,,,,,,,95,118.25,77.29,90.18,,,,,,,,,,,1288,22,Direct,Live Oak Lodge,644
OLD CB,Jonathan Strandberg,,,,,7.97E+12,,,,,,,,,N/A,1214,933.07,1/13/24,1/15/24,2,Walnut House,1630.07,,,,,12/25/23,Website/Booking Engine,,Cancelled,,,1/15/24,,,,,,,95,133.54,86.55,100.98,,,,,,,,,,,1443,19,Direct,Walnut House,721
OLD CB,Lindsey Walker,,,,,7.68E+12,,,,,,,,,BUC(1),1057.68,0,1/13/24,1/15/24,2,Buckeye Bungalow,1302.53,,,,,12/26/23,Airbnb (API),,Confirmed,,,,,,,,,,95,,69.16,80.69,,,,,,,,,,,1153,18,Airbnb,Buckeye Bungalow,576
OLD CB,Gabrielle Connolly,,,,,9.15E+12,,,,,,,,,N/A,841,0,1/13/24,1/15/24,2,Cocoon,1162.22,,,,,12/30/23,Website/Booking Engine,,Cancelled,,,1/15/24,,,,,,,95,92.51,61.71,72,,,,,,,,,,,1029,14,Direct,Cocoon,514
OLD CB,Gabrielle Connolly,,,,,9.53E+12,,,,,,,,,N/A,841,0,1/13/24,1/15/24,2,Cocoon,1162.22,,,,,12/30/23,Website/Booking Engine,,Cancelled,,,12/31/23,,,,,,,95,92.51,61.71,72,,,,,,,,,,,1029,14,Direct,Cocoon,514
OLD CB,Forrest Ball,,,,,4.26E+12,,,,,,,,,MON(1),2200.11,0,1/14/24,1/19/24,5,Monarch,2593.46,,,,,12/20/23,Airbnb (API),,Confirmed,,,,,,,,,,95,,137.7,160.65,,,,,,,,,,,2295,25,Airbnb,Monarch,459
OLD CB,Abby Couch,,,,,3.79E+12,,,,,,,,,OAK(1),317,504.96,1/14/24,1/15/24,1,Live Oak Lodge,504.96,,,,,1/5/24,Website/Booking Engine,,Checked Out,,,,,,,,,,95,34.87,26.81,31.28,,,,,,,,,,,447,9,Direct,Live Oak Lodge,447
OLD CB,Stephen Moulton,,,,,1.00E+12,,,,,,,,,DOM(1),317,504.96,1/14/24,1/15/24,1,Lantana Dome,504.96,,,,,1/10/24,Website/Booking Engine,,Checked Out,,,,,,,,,,95,34.87,26.81,31.28,,,,,,,,,,,447,4,Direct,Lantana Dome,447
OLD CB,Katar√≠na Test2,,,,,8.42E+11,,,,,,,,,N/A,2,0,1/15/24,1/17/24,2,Pecan Haus,109.87,,,,,7/31/23,Website/Booking Engine,,Cancelled,,,8/1/23,,,,,,,95,0.22,5.84,6.81,,,,,,,,,,,97,168,Direct,Pecan Haus,49
OLD CB,Katar√≠na Test1,,,,,3.63E+12,,,,,,,,,N/A,2,0,1/15/24,1/17/24,2,Juniper Haus,109.87,,,,,7/31/23,Website/Booking Engine,,Cancelled,,,8/1/23,,,,,,,95,0.22,5.84,6.81,,,,,,,,,,,97,168,Direct,Juniper Haus,49
OLD CB,Katar√≠na TestControl,,,,,7.56E+12,,,,,,,,,N/A,2,0,1/15/24,1/17/24,2,Cedar Haus,109.87,,,,,7/31/23,Website/Booking Engine,,Cancelled,,,8/1/23,,,,,,,95,0.22,5.84,6.81,,,,,,,,,,,97,168,Direct,Cedar Haus,49
OLD CB,Katar√≠na Glejtkov√°,,,,,6.12E+12,,,,,,,,,N/A,2,0,1/15/24,1/17/24,2,Cedar Haus,109.87,,,,,7/31/23,Website/Booking Engine,,Cancelled,,,7/31/23,,,,,,,95,0.22,5.84,6.81,,,,,,,,,,,97,168,Direct,Cedar Haus,49
OLD CB,lisandra sosa,,,,,5.01E+12,,,,,,,,,DOM(1),1209,1623.81,1/15/24,1/19/24,4,Lantana Dome,1623.81,,,,,11/9/23,Website/Booking Engine,,Checked Out,,,,,,,,,,95,132.99,86.23,100.59,,,,,,,,,,,1437,67,Direct,Lantana Dome,359
OLD CB,Kelly Lohr,,,,,4.60E+12,,,,,,,,,OAK(1),1109,1123.78,1/15/24,1/19/24,4,Live Oak Lodge,1498.37,,,,,1/3/24,Website/Booking Engine,,Checked Out,,,,,,,,,,95,121.99,79.56,92.82,,,,,,,,,,,1326,12,Direct,Live Oak Lodge,331
OLD CB,Tarek Akaweih,,,,,8.25E+12,,,,,,,,,N/A,398,0,1/16/24,1/18/24,2,Buckeye Bungalow,606.57,,,,,12/10/23,Website/Booking Engine,,Cancelled,,,12/10/23,,,,,,,95,43.78,32.21,37.58,,,,,,,,,,,537,37,Direct,Buckeye Bungalow,268
OLD CB,Tarek Akaweih,,,,,1.86E+11,,,,,,,,,BUC(1),575,828.57,1/17/24,1/19/24,2,Buckeye Bungalow,828.57,,,,,12/10/23,Website/Booking Engine,,Checked Out,,,,,,,,,,95,63.25,43.99,51.33,,,,,,,,,,,733,38,Direct,Buckeye Bungalow,367
OLD CB,Sean Gil,,,,,6.16E+12,,,,,,,,,N/A,411,136.9,1/17/24,1/19/24,2,Spyglass,622.87,,,,,1/13/24,Website/Booking Engine,,Cancelled,,,1/17/24,,,,,,,95,45.21,33.07,38.59,,,,,,,,,,,551,4,Direct,Spyglass,276
OLD CB,Will Gates,,,,,3.96E+12,,,,,,,,,WAL(1),480,559.42,1/17/24,1/19/24,2,Walnut House,709.42,,,,,1/14/24,Website/Booking Engine,,Checked Out,,,,,,,,,,95,52.8,37.67,43.95,,,,,,,,,,,628,3,Direct,Walnut House,314
OLD CB,Anastasia Campbell,,,,,3.26E+12,,,,,,,,,SAF(1),583.08,0,1/17/24,1/19/24,2,Sage Safari,766.23,,,,,1/16/24,Airbnb (API),,Confirmed,,,,,,,,,,95,,40.68,47.47,,,,,,,,,,,678,1,Airbnb,Sage Safari,339
OLD CB,Pranita Karki,,,,,5.46E+12,,,,,,,,,SPY(1),566.13,0,1/17/24,1/19/24,2,Spyglass,747.06,,,,,1/17/24,Airbnb (API),,Confirmed,,,,,,,,,,95,,39.66,46.27,,,,,,,,,,,661,0,Airbnb,Spyglass,331
OLD CB,Ran Kang,,,,,9.64E+12,,,,,,,,,COC(1),199,356.95,1/18/24,1/19/24,1,Cocoon,356.95,,,,,1/18/24,Website/Booking Engine,,Checked Out,,,,,,,,,,95,21.89,18.95,22.11,,,,,,,,,,,316,0,Direct,Cocoon,316
OLD CB,Erik Magoon,,,,,1.84E+12,,,,,,,,,N/A,1034,1404.29,1/19/24,1/21/24,2,Buckeye Bungalow,1404.29,,,,,11/28/23,Website/Booking Engine,,Cancelled,,,1/20/24,,,,,,,95,113.74,74.56,86.99,,,,,,,,,,,1243,52,Direct,Buckeye Bungalow,621
OLD CB,Melodie Campbell,,,,,9.00E+12,,,,,,,,,OAK(1),1352,1803.17,1/19/24,1/21/24,2,Live Oak Lodge,1803.17,,,,,12/1/23,Website/Booking Engine,,Checked Out,,,,,,,,,,95,148.72,95.74,111.71,,,,,,,,,,,1596,49,Direct,Live Oak Lodge,798
OLD CB,Paul Cargill,,,,,2.44E+12,,,,,,,,,SAF(1),1422,1890.95,1/19/24,1/21/24,2,Sage Safari,1890.95,,,,,12/10/23,Website/Booking Engine,,Checked Out,,,,,,,,,,95,156.42,100.4,117.13,,,,,,,,,,,1673,40,Direct,Sage Safari,837
OLD CB,Charlie Cichetti,,,,,6.53E+12,,,,,,,,,MON(1),2195.59,0,1/19/24,1/21/24,2,Monarch,2588.38,,,,,12/31/23,Airbnb (API),,Confirmed,,,,,,,,,,95,,137.44,160.35,,,,,,,,,,,2291,19,Airbnb,Monarch,1145
OLD CB,Julia Satterfield,,,,,4.54E+12,,,,,,,,,N/A,1848,0,1/19/24,1/21/24,2,Spyglass,2425.29,,,,,1/7/24,Website/Booking Engine,,Cancelled,,,1/8/24,,,,,,,95,203.28,128.78,150.23,,,,,,,,,,,2146,12,Direct,Spyglass,1073
OLD CB,Julia Satterfield,,,,,3.90E+12,,,,,,,,,N/A,1848,0,1/19/24,1/21/24,2,Spyglass,2425.29,,,,,1/7/24,Website/Booking Engine,,Cancelled,,,1/8/24,,,,,,,95,203.28,128.78,150.23,,,,,,,,,,,2146,12,Direct,Spyglass,1073
OLD CB,Julia Satterfield,,,,,9.22E+11,,,,,,,,,SPY(1),1848,2425.29,1/19/24,1/21/24,2,Spyglass,2425.29,,,,,1/7/24,Website/Booking Engine,,Checked Out,,,,,,,,,,95,203.28,128.78,150.23,,,,,,,,,,,2146,12,Direct,Spyglass,1073
OLD CB,traci coleman,,,,,8.46E+12,,,,,,,,,N/A,1623,0,1/19/24,1/21/24,2,Walnut House,2143.07,,,,,1/8/24,Website/Booking Engine,,Cancelled,,,1/8/24,,,,,,,95,178.53,113.79,132.75,,,,,,,,,,,1897,11,Direct,Walnut House,948
OLD CB,traci coleman,,,,,5.36E+12,,,,,,,,,WAL(1),1623,2143.07,1/19/24,1/21/24,2,Walnut House,2143.07,,,,,1/8/24,Website/Booking Engine,,Checked Out,,,,,,,,,,95,178.53,113.79,132.75,,,,,,,,,,,1897,11,Direct,Walnut House,948
OLD CB,Vins Ramirez,,,,,5.68E+12,,,,,,,,,COC(1),439,657.99,1/19/24,1/20/24,1,Cocoon,657.99,,,,,1/15/24,Website/Booking Engine,,Checked Out,,,,,,,,,,95,48.29,34.94,40.76,,,,,,,,,,,582,4,Direct,Cocoon,582
OLD CB,david torres,,,,,5.64E+12,,,,,,,,,N/A,512,0,1/19/24,1/21/24,2,Juniper Haus,749.55,,,,,1/18/24,Website/Booking Engine,,Cancelled,,,1/19/24,,,,,,,95,56.32,39.8,46.43,,,,,,,,,,,663,1,Direct,Juniper Haus,332
OLD CB,Carl Karr,,,,,7.53E+12,,,,,,,,,CED(1),179,331.87,1/19/24,1/20/24,1,Cedar Haus,331.87,,,,,1/19/24,Website/Booking Engine,,Checked Out,,,,,,,,,,95,19.69,17.62,20.56,,,,,,,,,,,294,0,Direct,Cedar Haus,294
OLD CB,Manuel Cortez,,,,,7.10E+12,,,,,,,,,COC(1),801,1112.04,1/20/24,1/22/24,2,Cocoon,1112.04,,,,,12/13/23,Website/Booking Engine,,Checked Out,,,,,,,,,,95,88.11,59.04,68.89,,,,,,,,,,,984,38,Direct,Cocoon,492
OLD CB,Salman Dossani,,,,,2.70E+12,,,,,,,,,CED(1),835,1154.69,1/20/24,1/22/24,2,Cedar Haus,1154.69,,,,,1/7/24,Website/Booking Engine,,Checked Out,,,,,,,,,,95,91.85,61.31,71.53,,,,,,,,,,,1022,13,Direct,Cedar Haus,511
OLD CB,Ashley Park,,,,,6.66E+12,,,,,,,,,JUN(1),167,316.82,1/20/24,1/21/24,1,Juniper Haus,316.82,,,,,1/20/24,Website/Booking Engine,,Checked Out,,,,,,,,,,95,18.37,16.82,19.63,,,,,,,,,,,280,0,Direct,Juniper Haus,280
OLD CB,Ashley Park,,,,,6.82E+12,,,,,,,,,MON(1),652,925.16,1/21/24,1/23/24,2,Monarch,925.16,,,,,12/25/23,Website/Booking Engine,,Checked Out,,,,,,,,,,95,71.72,49.13,57.31,,,,,,,,,,,819,27,Direct,Monarch,409
OLD CB,Jana B. Jones,,,,,1.17E+12,,,,,,,,,N/A,410,0,1/21/24,1/22/24,1,Spyglass,621.62,,,,,1/2/24,Website/Booking Engine,,Cancelled,,,1/2/24,,,,,,,95,45.1,33.01,38.51,,,,,,,,,,,550,19,Direct,Spyglass,550
OLD CB,Ali Zaidi,,,,,7.58E+12,,,,,,,,,OAK(1),272,448.52,1/21/24,1/22/24,1,Live Oak Lodge,448.52,,,,,1/9/24,Website/Booking Engine,,Checked Out,,,,,,,,,,95,29.92,23.82,27.78,,,,,,,,,,,397,12,Direct,Live Oak Lodge,397
OLD CB,Ali Zaidi,,,,,4.55E+12,,,,,,,,,N/A,272,0,1/21/24,1/22/24,1,Live Oak Lodge,448.52,,,,,1/9/24,Website/Booking Engine,,Cancelled,,,1/9/24,,,,,,,95,29.92,23.82,27.78,,,,,,,,,,,397,12,Direct,Live Oak Lodge,397
OLD CB,Ali Zaidi,,,,,7.90E+12,,,,,,,,,N/A,287,0,1/21/24,1/22/24,1,Spyglass,467.33,,,,,1/9/24,Website/Booking Engine,,Cancelled,,,1/9/24,,,,,,,95,31.57,24.81,28.95,,,,,,,,,,,414,12,Direct,Spyglass,414
OLD CB,Brandon Rojo,,,,,6.19E+11,,,,,,,,,SPY(1),426.01,0,1/21/24,1/22/24,1,Spyglass,588.74,,,,,1/10/24,Airbnb (API),,Confirmed,,,,,,,,,,95,,31.26,36.47,,,,,,,,,,,521,11,Airbnb,Spyglass,521
OLD CB,MARIO JUAREZ,,,,,8.44E+12,,,,,,,,,WAL(1),329,520.01,1/21/24,1/22/24,1,Walnut House,520.01,,,,,1/10/24,Website/Booking Engine,,Checked Out,,,,,,,,,,95,36.19,27.61,32.21,,,,,,,,,,,460,11,Direct,Walnut House,460
OLD CB,Michael Dixon,,,,,4.50E+12,,,,,,,,,SPY(1),484,714.43,1/22/24,1/24/24,2,Spyglass,714.43,,,,,11/29/23,Website/Booking Engine,,Checked Out,,,,,,,,,,95,53.24,37.94,44.25,,,,,,,,,,,632,54,Direct,Spyglass,316
OLD CB,Dwayne Calloway,,,,,5.59E+12,,,,,,,,,OAK(1),690,972.82,1/22/24,1/25/24,3,Live Oak Lodge,972.82,,,,,12/20/23,Website/Booking Engine,,Checked Out,,,,,,,,,,95,75.9,51.66,60.26,,,,,,,,,,,861,33,Direct,Live Oak Lodge,287
OLD CB,Mar√≠a Camila Parada Fl√≥rez,,,,,4.90E+12,,,,,,,,,BUC(1),296.06,0,1/22/24,1/23/24,1,Buckeye Bungalow,441.89,,,,,12/27/23,Airbnb (API),,Confirmed,,,,,,,,,,95,,23.46,27.37,,,,,,,,,,,391,26,Airbnb,Buckeye Bungalow,391
OLD CB,Jordan George,,,,,3.65E+12,,,,,,,,,WAL(1),484,357.22,1/22/24,1/24/24,2,Walnut House,714.43,,,,,1/4/24,Website/Booking Engine,,Checked Out,,,,,,,,,,95,53.24,37.94,44.25,,,,,,,,,,,632,18,Direct,Walnut House,316
OLD CB,Kevin Pham,,,,,4.36E+12,,,,,,,,,DOM(1),230,395.84,1/22/24,1/23/24,1,Lantana Dome,395.84,,,,,1/20/24,Website/Booking Engine,,Checked Out,,,,,,,,,,95,25.3,21.02,24.52,,,,,,,,,,,350,2,Direct,Lantana Dome,350
OLD CB,Kevin Pham,,,,,1.29E+12,,,,,,,,,N/A,230,0,1/22/24,1/23/24,1,Lantana Dome,395.84,,,,,1/20/24,Website/Booking Engine,,Cancelled,,,1/20/24,,,,,,,95,25.3,21.02,24.52,,,,,,,,,,,350,2,Direct,Lantana Dome,350
OLD CB,Kevin Pham,,,,,7.50E+12,,,,,,,,,N/A,230,0,1/22/24,1/23/24,1,Lantana Dome,395.84,,,,,1/20/24,Website/Booking Engine,,Cancelled,,,1/20/24,,,,,,,95,25.3,21.02,24.52,,,,,,,,,,,350,2,Direct,Lantana Dome,350
OLD CB,Kevin Pham,,,,,4.39E+12,,,,,,,,,N/A,230,0,1/22/24,1/23/24,1,Lantana Dome,395.84,,,,,1/20/24,Website/Booking Engine,,Cancelled,,,1/20/24,,,,,,,95,25.3,21.02,24.52,,,,,,,,,,,350,2,Direct,Lantana Dome,350
OLD CB,Kevin Pham,,,,,7.93E+12,,,,,,,,,N/A,230,0,1/22/24,1/23/24,1,Lantana Dome,395.84,,,,,1/20/24,Website/Booking Engine,,Cancelled,,,1/20/24,,,,,,,95,25.3,21.02,24.52,,,,,,,,,,,350,2,Direct,Lantana Dome,350
OLD CB,Kevin Pham,,,,,3.82E+12,,,,,,,,,N/A,230,0,1/22/24,1/23/24,1,Lantana Dome,395.84,,,,,1/20/24,Website/Booking Engine,,Cancelled,,,1/20/24,,,,,,,95,25.3,21.02,24.52,,,,,,,,,,,350,2,Direct,Lantana Dome,350
OLD CB,Collin Thornton,,,,,7.82E+12,,,,,,,,,MON(1),654.27,0,1/23/24,1/25/24,2,Monarch,846.68,,,,,12/27/23,Airbnb (API),,Confirmed,,,,,,,,,,95,,44.96,52.45,,,,,,,,,,,749,27,Airbnb,Monarch,375
OLD CB,Sean Guerra,,,,,6.18E+11,,,,,,,,,JUN(1),178,330.61,1/23/24,1/24/24,1,Juniper Haus,330.61,,,,,1/5/24,Website/Booking Engine,,Checked Out,,,,,,,,,,95,19.58,17.55,20.48,,,,,,,,,,,293,18,Direct,Juniper Haus,293
OLD CB,Stephanie Hopkins,,,,,8.98E+12,,,,,,,,,PEC(1),178,330.61,1/23/24,1/24/24,1,Pecan Haus,330.61,,,,,1/9/24,Website/Booking Engine,,Checked Out,,,,,,,,,,95,19.58,17.55,20.48,,,,,,,,,,,293,14,Direct,Pecan Haus,293
OLD CB,Amanda Kilcrease,,,,,1.55E+12,,,,,,,,,COC(1),1300.63,0,1/24/24,1/27/24,3,Cocoon,1577.06,,,,,1/6/24,Airbnb (API),,Confirmed,,,,,,,,,,95,,83.73,97.7,,,,,,,,,,,1396,18,Airbnb,Cocoon,465
OLD CB,James Ewing,,,,,8.62E+12,,,,,,,,,BUC(1),1400,1863.35,1/25/24,1/28/24,3,Buckeye Bungalow,1863.35,,,,,12/28/23,Website/Booking Engine,,Checked Out,,,,,,,,,,95,154,98.93,115.42,,,,,,,,,,,1649,28,Direct,Buckeye Bungalow,550
OLD CB,Nicholas Haas,,,,,8.86E+12,,,,,,,,,MON(1),723.2,0,1/25/24,1/26/24,1,Monarch,924.56,,,,,1/5/24,Airbnb (API),,Confirmed,,,,,,,,,,95,,49.09,57.27,,,,,,,,,,,818,20,Airbnb,Monarch,818
OLD CB,Lucky Obaze,,,,,1.91E+11,,,,,,,,,N/A,1520.98,0,1/25/24,1/27/24,2,Spyglass,1826.05,,,,,1/10/24,Airbnb (API),,Cancelled,,,1/10/24,,,,,,,95,,96.96,113.11,,,,,,,,,,,1616,15,Airbnb,Spyglass,808
OLD CB,hannah jung,,,,,5.92E+12,,,,,,,,,MON(1),1422,1890.95,1/26/24,1/28/24,2,Monarch,1890.95,,,,,11/16/23,Website/Booking Engine,,Checked Out,,,,,,,,,,95,156.42,100.4,117.13,,,,,,,,,,,1673,71,Direct,Monarch,837
OLD CB,Michelle Greenberg,,,,,6.05E+12,,,,,,,,,N/A,1741,0,1/26/24,1/29/24,3,Live Oak Lodge,2291.1,,,,,12/30/23,Website/Booking Engine,,Cancelled,,,12/30/23,,,,,,,95,191.51,121.65,141.94,,,,,,,,,,,2028,27,Direct,Live Oak Lodge,676
OLD CB,Madison Grigsby,,,,,5.60E+12,,,,,,,,,DOM(1),1352,1803.17,1/26/24,1/28/24,2,Lantana Dome,1803.17,,,,,1/2/24,Website/Booking Engine,,Checked Out,,,,,,,,,,95,148.72,95.74,111.71,,,,,,,,,,,1596,24,Direct,Lantana Dome,798
OLD CB,Michael Funes,,,,,8.04E+12,,,,,,,,,OAK(1),1352,1803.17,1/26/24,1/28/24,2,Live Oak Lodge,1803.17,,,,,1/9/24,Website/Booking Engine,,Checked Out,,,,,,,,,,95,148.72,95.74,111.71,,,,,,,,,,,1596,17,Direct,Live Oak Lodge,798
OLD CB,Paige Jurado,,,,,9.53E+12,,,,,,,,,PEC(1),696,980.35,1/26/24,1/28/24,2,Pecan Haus,980.35,,,,,1/10/24,Website/Booking Engine,,Checked Out,,,,,,,,,,95,76.56,52.06,60.73,,,,,,,,,,,868,16,Direct,Pecan Haus,434
OLD CB,Nazanin Ghadially,,,,,3.94E+12,,,,,,,,,N/A,696,0,1/26/24,1/28/24,2,Juniper Haus,980.35,,,,,1/21/24,Website/Booking Engine,,Cancelled,,,1/21/24,,,,,,,95,76.56,52.06,60.73,,,,,,,,,,,868,5,Direct,Juniper Haus,434
OLD CB,Nazanin Ghadially,,,,,9.66E+12,,,,,,,,,JUN(1),696,980.35,1/26/24,1/28/24,2,Juniper Haus,980.35,,,,,1/21/24,Website/Booking Engine,,Checked Out,,,,,,,,,,95,76.56,52.06,60.73,,,,,,,,,,,868,5,Direct,Juniper Haus,434
OLD CB,Lauren Campbell,,,,,6.71E+12,,,,,,,,,SPY(1),703.99,0,1/26/24,1/27/24,1,Spyglass,902.86,,,,,1/24/24,Airbnb (API),,Confirmed,,,,,,,,,,95,,47.94,55.93,,,,,,,,,,,799,2,Airbnb,Spyglass,799
OLD CB,JORGE ALVAREZ,,,,,6.01E+12,,,,,,,,,CED(1),495.9,729.37,1/26/24,1/28/24,2,Cedar Haus (Thank You First Responders!),729.37,,,,,1/25/24,Website/Booking Engine,,Checked Out,,,,,,,,,,95,54.54,38.74,45.19,,,,,,,,,,,645,1,Direct,Cedar Haus,323
OLD CB,John Lack,,,,,2.88E+12,,,,,,,,,SPY(1),1121,1513.42,1/27/24,1/29/24,2,Spyglass,1513.42,,,,,1/3/24,Website/Booking Engine,,Checked Out,,,,,,,,,,95,123.31,80.36,93.75,,,,,,,,,,,1339,24,Direct,Spyglass,670
OLD CB,Christopher Larsen,,,,,9.57E+12,,,,,,,,,N/A,795,0,1/27/24,1/29/24,2,Cocoon,1104.51,,,,,1/16/24,Website/Booking Engine,,Cancelled,,,1/17/24,,,,,,,95,87.45,58.64,68.42,,,,,,,,,,,977,11,Direct,Cocoon,489
OLD CB,Haley Williams,,,,,2.96E+12,,,,,,,,,COC(1),540.14,0,1/27/24,1/28/24,1,Cocoon,717.71,,,,,1/25/24,Airbnb (API),,Confirmed,,,,,,,,,,95,,38.11,44.46,,,,,,,,,,,635,2,Airbnb,Cocoon,635
OLD CB,Taylor Jolly,,,,,2.75E+12,,,,,,,,,BUC(1),428.27,0,1/28/24,1/29/24,1,Buckeye Bungalow,591.3,,,,,12/15/23,Airbnb (API),,Confirmed,,,,,,,,,,95,,31.4,36.63,,,,,,,,,,,523,44,Airbnb,Buckeye Bungalow,523
OLD CB,Tracy Foster,,,,,1.11E+12,,,,,,,,,N/A,259,0,1/28/24,1/29/24,1,Monarch,432.21,,,,,1/17/24,Website/Booking Engine,,Cancelled,,,1/17/24,,,,,,,95,28.49,22.95,26.77,,,,,,,,,,,382,11,Direct,Monarch,382
OLD CB,Devon Foster,,,,,4.59E+11,,,,,,,,,N/A,259,0,1/28/24,1/29/24,1,Monarch,432.21,,,,,1/17/24,Website/Booking Engine,,Cancelled,,,1/17/24,,,,,,,95,28.49,22.95,26.77,,,,,,,,,,,382,11,Direct,Monarch,382
OLD CB,Devon Foster,,,,,6.65E+12,,,,,,,,,MON(1),259,432.21,1/28/24,1/29/24,1,Monarch,432.21,,,,,1/17/24,Website/Booking Engine,,Confirmed,,,,,,,,,,95,28.49,22.95,26.77,,,,,,,,,,,382,11,Direct,Monarch,382
OLD CB,Asia Hall,,,,,9.94E+10,,,,,,,,,COC(1),284,463.57,1/28/24,1/29/24,1,Cocoon,463.57,,,,,1/20/24,Website/Booking Engine,,Checked Out,,,,,,,,,,95,31.24,24.61,28.72,,,,,,,,,,,410,8,Direct,Cocoon,410
OLD CB,Selena Medrano,,,,,4.63E+12,,,,,,,,,SAF(1),1670.14,0,1/28/24,2/2/24,5,Sage Safari,1994.59,,,,,1/22/24,Airbnb (API),,Confirmed,,,,,,,,,,95,,105.9,123.55,,,,,,,,,,,1765,6,Airbnb,Sage Safari,353
OLD CB,Jenny McCullough,,,,,6.92E+12,,,,,,,,,"OAK(1), BUC(1), PEC(1)",1292,1942.61,1/29/24,1/31/24,2,"Live Oak Lodge, Buckeye Bungalow, Pecan Haus",1942.61,,,,,1/2/24,Website/Booking Engine,,Checked Out,,,,,,,,,,285,142.12,103.14,120.35,,,,,,,,,,,1719,27,Direct,"Live Oak Lodge, Buckeye Bungalow, Pecan Haus",860
OLD CB,Leah Rand,,,,,1.48E+12,,,,,,,,,SPY(1),359.34,0,1/29/24,1/30/24,1,Spyglass,513.4,,,,,1/9/24,Airbnb (API),,Confirmed,,,,,,,,,,95,,27.26,31.8,,,,,,,,,,,454,20,Airbnb,Spyglass,454
OLD CB,Eric Rathburn,,,,,6.70E+11,,,,,,,,,DOM(1),434,651.71,1/29/24,1/31/24,2,Lantana Dome,651.71,,,,,1/11/24,Website/Booking Engine,,Checked Out,,,,,,,,,,95,47.74,34.6,40.37,,,,,,,,,,,577,18,Direct,Lantana Dome,288
OLD CB,Jill Currier,,,,,4.58E+12,,,,,,,,,CED(1),356,553.87,1/29/24,1/31/24,2,Cedar Haus,553.87,,,,,1/17/24,Website/Booking Engine,,Checked Out,,,,,,,,,,95,39.16,29.4,34.31,,,,,,,,,,,490,12,Direct,Cedar Haus,245
OLD CB,Chris Scheer,,,,,6.72E+12,,,,,,,,,JUN(1),356,553.87,1/29/24,1/31/24,2,Juniper Haus,553.87,,,,,1/19/24,Website/Booking Engine,,Checked Out,,,,,,,,,,95,39.16,29.4,34.31,,,,,,,,,,,490,10,Direct,Juniper Haus,245
OLD CB,Danny Lee,,,,,4.59E+12,,,,,,,,,COC(1),158,305.53,1/29/24,1/30/24,1,Cocoon,305.53,,,,,1/23/24,Website/Booking Engine,,Checked Out,,,,,,,,,,95,17.38,16.22,18.93,,,,,,,,,,,270,6,Direct,Cocoon,270
OLD CB,Brooke Beeson,,,,,5.19E+12,,,,,,,,,COC(1),394,601.55,1/30/24,2/1/24,2,Cocoon,601.55,,,,,12/6/23,Website/Booking Engine,,Checked Out,,,,,,,,,,95,43.34,31.94,37.27,,,,,,,,,,,532,55,Direct,Cocoon,266
OLD CB,Venkatesh Eppili,,,,,8.76E+12,,,,,,,,,MON(1),364.99,0,1/30/24,1/31/24,1,Monarch,519.79,,,,,1/11/24,Airbnb (API),,Confirmed,,,,,,,,,,95,,27.6,32.2,,,,,,,,,,,460,19,Airbnb,Monarch,460
OLD CB,Valentine Pulido,,,,,4.47E+12,,,,,,,,,N/A,359.34,0,1/30/24,1/31/24,1,Spyglass,513.4,,,,,1/27/24,Airbnb (API),,Cancelled,,,1/31/24,,,,,,,95,,27.26,31.8,,,,,,,,,,,454,3,Airbnb,Spyglass,454
OLD CB,Jason Ford,,,,,1.08E+12,,,,,,,,,SPY(1),889,1222.42,1/31/24,2/2/24,2,Spyglass,1222.42,,,,,12/30/23,Website/Booking Engine,,Checked Out,,,,,,,,,,95,97.79,64.91,75.72,,,,,,,,,,,1082,32,Direct,Spyglass,541
OLD CB,Jay Torrez,,,,,2.30E+12,,,,,,,,,OAK(1),217,379.53,1/31/24,2/1/24,1,Live Oak Lodge,379.53,,,,,1/18/24,Website/Booking Engine,,Checked Out,,,,,,,,,,95,23.87,20.15,23.51,,,,,,,,,,,336,13,Direct,Live Oak Lodge,336
OLD CB,Kevin Throop,,,,,7.79E+12,,,,,,,,,BUC(1),285.89,0,1/31/24,2/1/24,1,Buckeye Bungalow,430.4,,,,,1/31/24,Airbnb (API),,Confirmed,,,,,,,,,,95,,22.85,26.66,,,,,,,,,,,381,0,Airbnb,Buckeye Bungalow,381
OLD CB,Allyson Smith,,,,,2.31E+12,,,,,,,,,N/A,302,0,2/1/24,2/2/24,1,Monarch,486.15,,,,,1/28/24,Website/Booking Engine,,Cancelled,,,2/2/24,,,,,,,95,33.22,25.81,30.12,,,,,,,,,,,430,4,Direct,Monarch,430
OLD CB,Susan Eiteljorge,,,,,3.34E+12,,,,,,,,,JUN(1),649.75,0,2/2/24,2/4/24,2,Juniper Haus,841.56,,,,,2/1/24,Airbnb (API),,Confirmed,,,,,,,,,,95,,44.68,52.13,,,,,,,,,,,745,1,Airbnb,Juniper Haus,372
OLD CB,Chris Jankly,,,,,9.11E+11,,,,,,,,,N/A,368,0,2/27/24,2/29/24,2,Juniper Haus,568.93,,,,,2/1/24,Website/Booking Engine,,Cancelled,,,2/11/24,,,,,,,95,40.48,30.2,35.25,,,,,,,,,,,503,26,Direct,Juniper Haus,252
OLD CB,Sarah Martin,,,,,4.12E+12,,,,,,,,,WAL(1),856,1121.98,3/10/24,3/12/24,2,Walnut House,1181.03,,,,,2/1/24,Website/Booking Engine,,Checked Out,,,,,,,,,,95,94.16,62.71,73.16,,,,,,,,,,,1045,38,Direct,Walnut House,523
OLD CB,Alec Youngblood,,,,,9.34E+12,,,,,,,,,MON(1),444.09,0,2/21/24,2/22/24,1,Monarch,609.18,,,,,1/15/24,Airbnb (API),,Confirmed,,,,,,,,,,95,,32.35,37.74,,,,,,,,,,,539,37,Airbnb,Monarch,539
OLD CB,Virginie Giard,,,,,6.94E+11,,,,,,,,,N/A,2098,0,4/12/24,4/14/24,2,Live Oak Lodge,2738.87,,,,,2/1/24,Website/Booking Engine,,Cancelled,,,2/1/24,,,,,,,95,230.78,145.42,169.67,,,,,,,,,,,2424,71,Direct,Live Oak Lodge,1212
OLD CB,Christopher Horn,,,,,7.08E+12,,,,,,,,,PEC(1),337.87,0,2/2/24,2/3/24,1,Pecan Haus,489.14,,,,,2/2/24,Airbnb (API),,Confirmed,,,,,,,,,,95,,25.97,30.3,,,,,,,,,,,433,0,Airbnb,Pecan Haus,433
OLD CB,Christy Ryan,,,,,3.05E+12,,,,,,,,,N/A,736,0,2/12/24,2/14/24,2,Sage Safari,1030.51,,,,,2/2/24,Website/Booking Engine,,Cancelled,,,2/13/24,,,,,,,95,80.96,54.72,63.83,,,,,,,,,,,912,10,Direct,Sage Safari,456
OLD CB,Amber Chavera,,,,,5.05E+12,,,,,,,,,SPY(1),368,568.93,2/13/24,2/14/24,1,Spyglass,568.93,,,,,1/12/24,Website/Booking Engine,,Checked Out,,,,,,,,,,95,40.48,30.21,35.24,,,,,,,,,,,503,32,Direct,Spyglass,503
OLD CB,Amy Samples,,,,,1.90E+11,,,,,,,,,WAL(1),2845,2573.1,2/15/24,2/19/24,4,Walnut House,3675.86,,,,,11/26/23,Website/Booking Engine,,Confirmed,,,,,,,,,,95,312.95,195.19,227.72,,,,,,,,,,,3253,81,Direct,Walnut House,813
OLD CB,Ashleigh Robertson,,,,,8.18E+12,,,,,,,,,SPY(1),294,272.5,2/7/24,2/8/24,1,Spyglass,476.11,,,,,1/11/24,Website/Booking Engine,,Checked Out,,,,,,,,,,95,32.34,25.28,29.49,,,,,,,,,,,421,27,Direct,Spyglass,421
OLD CB,Ashley Powell,,,,,8.54E+12,,,,,,,,,JUN(1),880.27,0,2/23/24,2/25/24,2,Juniper Haus,1102.06,,,,,1/24/24,Airbnb (API),,Confirmed,,,,,,,,,,95,,58.52,68.27,,,,,,,,,,,975,30,Airbnb,Juniper Haus,488
OLD CB,Itzayana Bacila,,,,,2.57E+12,,,,,,,,,CED(1),568.39,0,2/2/24,2/4/24,2,Cedar Haus,749.62,,,,,2/2/24,Airbnb (API),,Confirmed,,,,,,,,,,95,,39.8,46.43,,,,,,,,,,,663,0,Airbnb,Cedar Haus,332
OLD CB,Ben Brown,,,,,5.38E+12,,,,,,,,,CED(1),230,277.09,2/14/24,2/15/24,1,Cedar Haus,395.84,,,,,1/20/24,Website/Booking Engine,,Confirmed,,,,,,,,,,95,25.3,21.02,24.52,,,,,,,,,,,350,25,Direct,Cedar Haus,350
OLD CB,Benjamin Ownby,,,,,7.88E+12,,,,,,,,,JUN(1),1026,1394.27,2/9/24,2/11/24,2,Juniper Haus,1394.27,,,,,1/22/24,Website/Booking Engine,,Checked Out,,,,,,,,,,95,112.86,74.04,86.37,,,,,,,,,,,1234,18,Direct,Juniper Haus,617
OLD CB,Bethany Hobbs,,,,,9.80E+12,,,,,,,,,MON(1),2724.43,0,2/2/24,2/4/24,2,Monarch,3185.95,,,,,1/19/24,Airbnb (API),,Confirmed,,,,,,,,,,95,,169.16,197.36,,,,,,,,,,,2819,14,Airbnb,Monarch,1410
OLD CB,Brian Davis,,,,,5.89E+12,,,,,,,,,OAK(1),1435,1641.51,2/23/24,2/26/24,3,Live Oak Lodge,1907.27,,,,,12/12/23,Website/Booking Engine,,Confirmed,,,,,,,,,,95,157.85,101.27,118.15,,,,,,,,,,,1688,73,Direct,Live Oak Lodge,563
OLD CB,Caitlin Rinaldi,,,,,6.47E+12,,,,,,,,,SPY(1),1903,1484,2/17/24,2/19/24,2,Spyglass,2494.28,,,,,12/20/23,Website/Booking Engine,,Confirmed,,,,,,,,,,95,209.33,132.44,154.51,,,,,,,,,,,2207,59,Direct,Spyglass,1104
OLD CB,Camille Immanuel,,,,,9.69E+12,,,,,,,,,COC(1),824,1140.89,2/23/24,2/25/24,2,Cocoon,1140.89,,,,,1/21/24,Website/Booking Engine,,Checked Out,,,,,,,,,,95,90.64,60.58,70.67,,,,,,,,,,,1010,33,Direct,Cocoon,505
OLD CB,Mariah Sliwinski,,,,,1.46E+12,,,,,,,,,BUC(1),620,619.51,3/6/24,3/8/24,2,Buckeye Bungalow,885.02,,,,,2/2/24,Website/Booking Engine,,Confirmed,,,,,,,,,,95,68.2,46.99,54.83,,,,,,,,,,,783,33,Direct,Buckeye Bungalow,392
OLD CB,Perla Cantu,,,,,1.16E+12,,,,,,,,,N/A,588,0,2/6/24,2/8/24,2,Sage Safari,844.87,,,,,1/10/24,Website/Booking Engine,,Cancelled,,,1/10/24,,,,,,,95,64.68,44.86,52.33,,,,,,,,,,,748,27,Direct,Sage Safari,374
OLD CB,Gabriel Trevino,,,,,1.58E+12,,,,,,,,,PEC(1),760,742.44,3/28/24,3/30/24,2,Pecan Haus,1060.63,,,,,2/2/24,Website/Booking Engine,,Confirmed,,,,,,,,,,95,83.6,56.32,65.71,,,,,,,,,,,939,55,Direct,Pecan Haus,469
OLD CB,Chase Cusack,,,,,9.53E+12,,,,,,,,,BUC(1),530,540.49,2/21/24,2/23/24,2,Buckeye Bungalow,772.13,,,,,1/26/24,Website/Booking Engine,,Confirmed,,,,,,,,,,95,58.3,41,47.83,,,,,,,,,,,683,26,Direct,Buckeye Bungalow,342
OLD CB,Alex Mccatherine,,,,,4.76E+12,,,,,,,,,WAL(1),485.9,0,2/3/24,2/4/24,1,Walnut House,656.41,,,,,2/3/24,Airbnb (API),,Confirmed,,,,,,,,,,95,,34.85,40.66,,,,,,,,,,,581,0,Airbnb,Walnut House,581
OLD CB,Saskia Krabben,,,,,7.29E+12,,,,,,,,,DOM(1),335,527.54,2/3/24,2/4/24,1,Lantana Dome,527.54,,,,,2/3/24,Website/Booking Engine,,Checked Out,,,,,,,,,,95,36.85,28.01,32.68,,,,,,,,,,,467,0,Direct,Lantana Dome,467
OLD CB,John-Michael Maas,,,,,1.34E+12,,,,,,,,,DOM(1),1055,1359.11,3/27/24,3/29/24,2,Lantana Dome,1430.64,,,,,2/3/24,Website/Booking Engine,,Confirmed,,,,,,,,,,95,116.05,75.96,88.63,,,,,,,,,,,1266,53,Direct,Lantana Dome,633
OLD CB,Court Watson,,,,,5.56E+12,,,,,,,,,WAL(1),1376,1833.27,2/9/24,2/11/24,2,Walnut House,1833.27,,,,,11/30/23,Website/Booking Engine,,Checked Out,,,,,,,,,,95,151.36,97.34,113.57,,,,,,,,,,,1622,71,Direct,Walnut House,811
OLD CB,Craig Neely,,,,,3.32E+12,,,,,,,,,BUC(1),611,830.03,2/13/24,2/15/24,2,Buckeye Bungalow,873.72,,,,,1/16/24,Website/Booking Engine,,Confirmed,,,,,,,,,,95,67.21,46.39,54.12,,,,,,,,,,,773,28,Direct,Buckeye Bungalow,387
OLD CB,Matthew Grimes,,,,,7.34E+11,,,,,,,,,N/A,1439,0,2/8/24,2/10/24,2,Lantana Dome,1912.28,,,,,12/14/23,Website/Booking Engine,,Cancelled,,,12/14/23,,,,,,,95,158.29,101.53,118.46,,,,,,,,,,,1692,56,Direct,Lantana Dome,846
OLD CB,Matthew Romero,,,,,2.05E+12,,,,,,,,,BUC(1),214,375.77,2/4/24,2/5/24,1,Buckeye Bungalow,375.77,,,,,2/4/24,Website/Booking Engine,,Checked Out,,,,,,,,,,95,23.54,19.95,23.28,,,,,,,,,,,333,0,Direct,Buckeye Bungalow,333
OLD CB,Avery Barr,,,,,9.70E+12,,,,,,,,,N/A,548.05,0,2/22/24,2/23/24,1,Monarch,726.64,,,,,2/4/24,Airbnb (API),,Cancelled,,,2/17/24,,,,,,,95,,38.58,45.01,,,,,,,,,,,643,18,Airbnb,Monarch,643
OLD CB,William McDonald,,,,,4.69E+12,,,,,,,,,WAL(1),366.12,0,2/4/24,2/5/24,1,Walnut House,521.07,,,,,2/4/24,Airbnb (API),,Confirmed,,,,,,,,,,95,,27.67,32.28,,,,,,,,,,,461,0,Airbnb,Walnut House,461
OLD CB,Deirdre Hernandez,,,,,3.88E+12,,,,,,,,,SAF(1),1468,1948.65,2/2/24,2/4/24,2,Sage Safari,1948.65,,,,,1/7/24,Website/Booking Engine,,Checked Out,,,,,,,,,,95,161.48,103.46,120.71,,,,,,,,,,,1724,26,Direct,Sage Safari,862
OLD CB,Dominic Coryell,,,,,5.87E+12,,,,,,,,,SAF(1),401.15,0,2/4/24,2/5/24,1,Sage Safari,560.65,,,,,1/31/24,Airbnb (API),,Confirmed,,,,,,,,,,95,,29.77,34.73,,,,,,,,,,,496,4,Airbnb,Sage Safari,496
OLD CB,Eduardo Perez-Estrada,,,,,5.15E+12,,,,,,,,,PEC(1),684,917.03,2/23/24,2/25/24,2,Pecan Haus,965.29,,,,,1/29/24,Website/Booking Engine,,Confirmed,,,,,,,,,,95,75.24,51.26,59.79,,,,,,,,,,,854,25,Direct,Pecan Haus,427
OLD CB,Edwin geovany Funez,,,,,4.13E+12,,,,,,,,,WAL(1),242,410.89,2/22/24,2/23/24,1,Walnut House,410.89,,,,,1/29/24,Website/Booking Engine,,Checked Out,,,,,,,,,,95,26.62,21.82,25.45,,,,,,,,,,,364,24,Direct,Walnut House,364
OLD CB,Aaron Kistler,,,,,4.13E+12,,,,,,,,,WAL(1),2216,2498.77,3/2/24,3/5/24,3,Walnut House,2886.87,,,,,2/4/24,Website/Booking Engine,,Checked Out,,,,,,,,,,95,243.76,153.28,178.83,,,,,,,,,,,2555,27,Direct,Walnut House,852
OLD CB,Aakarsh Sethi,,,,,5.59E+12,,,,,,,,,OAK(1),588,591.42,2/15/24,2/16/24,1,Live Oak Lodge,844.88,,,,,2/5/24,Website/Booking Engine,,Confirmed,,,,,,,,,,95,64.68,44.86,52.34,,,,,,,,,,,748,10,Direct,Live Oak Lodge,748
OLD CB,Eric Zink,,,,,4.64E+12,,,,,,,,,MON(1),619.24,0,2/4/24,2/5/24,1,Monarch,807.09,,,,,1/4/24,Airbnb (API),,Confirmed,,,,,,,,,,95,,42.85,50,,,,,,,,,,,714,31,Airbnb,Monarch,714
OLD CB,Erin Crawley-Trahan,,,,,8.93E+12,,,,,,,,,BUC(1),738,723.11,2/24/24,2/26/24,2,Buckeye Bungalow,1033.02,,,,,1/4/24,Website/Booking Engine,,Checked Out,,,,,,,,,,95,81.18,54.85,63.99,,,,,,,,,,,914,51,Direct,Buckeye Bungalow,457
OLD CB,Fernando Orellana,,,,,5.86E+11,,,,,,,,,BUC(1),408,619.11,2/5/24,2/7/24,2,Buckeye Bungalow,619.11,,,,,1/8/24,Website/Booking Engine,,Checked Out,,,,,,,,,,95,44.88,32.88,38.35,,,,,,,,,,,548,28,Direct,Buckeye Bungalow,274
OLD CB,Alex Spencer,,,,,6.34E+12,,,,,,,,,DOM(1),501.72,0,2/12/24,2/13/24,1,Lantana Dome,674.29,,,,,2/5/24,Airbnb (API),,Confirmed,,,,,,,,,,95,,35.8,41.77,,,,,,,,,,,597,7,Airbnb,Lantana Dome,597
OLD CB,Aakarsh Sethi,,,,,9.43E+12,,,,,,,,,N/A,588,0,2/15/24,2/16/24,1,Sage Safari,844.88,,,,,2/5/24,Website/Booking Engine,,Cancelled,,,2/5/24,,,,,,,95,64.68,44.86,52.34,,,,,,,,,,,748,10,Direct,Sage Safari,748
OLD CB,Shane Cahill,,,,,6.83E+12,,,,,,,,,JUN(1),448,468.49,3/11/24,3/13/24,2,Juniper Haus,669.27,,,,,2/5/24,Website/Booking Engine,,Confirmed,,,,,,,,,,95,49.28,35.54,41.45,,,,,,,,,,,592,35,Direct,Juniper Haus,296
OLD CB,Rachael Schneck,,,,,7.48E+12,,,,,,,,,N/A,1247,52.19,7/3/24,7/6/24,3,"Live Oak Lodge, Cedar Haus",1778.81,,,,,2/5/24,Website/Booking Engine,,Cancelled,,,4/7/24,,,,,,,190,137.17,94.45,110.19,,,,,,,,,,,1574,149,Direct,"Live Oak Lodge, Cedar Haus",525
OLD CB,Jagannath Swaminathan,,,,,8.59E+12,,,,,,,,,BUC(1),1430,1901.01,2/9/24,2/11/24,2,Buckeye Bungalow,1901.01,,,,,2/6/24,Website/Booking Engine,,Checked Out,,,,,,,,,,95,157.3,100.94,117.77,,,,,,,,,,,1682,3,Direct,Buckeye Bungalow,841
OLD CB,Heath Quebedeaux,,,,,6.25E+12,,,,,,,,,BUC(1),1148,1547.29,2/16/24,2/18/24,2,Buckeye Bungalow,1547.29,,,,,1/5/24,Website/Booking Engine,,Checked Out,,,,,,,,,,95,126.28,82.16,95.85,,,,,,,,,,,1369,42,Direct,Buckeye Bungalow,685
OLD CB,Kimberly Powers,,,,,3.94E+12,,,,,,,,,DOM(1),229,394.58,2/6/24,2/7/24,1,Lantana Dome,394.58,,,,,2/6/24,Website/Booking Engine,,Checked Out,,,,,,,,,,95,25.19,20.95,24.44,,,,,,,,,,,349,0,Direct,Lantana Dome,349
OLD CB,Wendy Rivas,,,,,4.12E+12,,,,,,,,,MON(1),450.87,0,2/25/24,2/26/24,1,Monarch,616.83,,,,,2/6/24,Airbnb (API),,Confirmed,,,,,,,,,,95,,32.75,38.21,,,,,,,,,,,546,19,Airbnb,Monarch,546
OLD CB,Roberto Robles,,,,,6.54E+12,,,,,,,,,N/A,838,0,2/13/24,2/15/24,2,Lantana Dome,1158.46,,,,,1/30/24,Website/Booking Engine,,Cancelled,,,2/11/24,,,,,,,95,92.18,61.51,71.77,,,,,,,,,,,1025,14,Direct,Lantana Dome,513
OLD CB,Alison Smith,,,,,7.28E+10,,,,,,,,,COC(1),822,796.86,3/11/24,3/13/24,2,Cocoon,1138.37,,,,,2/6/24,Website/Booking Engine,,Confirmed,,,,,,,,,,95,90.42,60.44,70.51,,,,,,,,,,,1007,34,Direct,Cocoon,504
OLD CB,Irving Salmeron,,,,,5.30E+12,,,,,,,,,WAL(1),405,630.13,2/11/24,2/12/24,1,Walnut House,615.34,,,,,1/19/24,Website/Booking Engine,,Checked Out,,,,,,,,,,95,44.55,32.67,38.12,,,,,,,,,,,545,23,Direct,Walnut House,545
OLD CB,Witness Samuel,,,,,7.29E+12,,,,,,,,,N/A,356,0,2/14/24,2/15/24,1,Cocoon,553.88,,,,,1/26/24,Website/Booking Engine,,Cancelled,,,1/26/24,,,,,,,95,39.16,29.41,34.31,,,,,,,,,,,490,19,Direct,Cocoon,490
OLD CB,Christopher Arcos,,,,,3.73E+12,,,,,,,,,OAK(1),1078,1459.49,2/9/24,2/11/24,2,Live Oak Lodge,1459.49,,,,,2/7/24,Website/Booking Engine,,Checked Out,,,,,,,,,,95,118.58,77.5,90.41,,,,,,,,,,,1292,2,Direct,Live Oak Lodge,646
OLD CB,Hillary Goll,,,,,7.52E+12,,,,,,,,,DOM(1),423,637.92,2/28/24,3/1/24,2,Lantana Dome,637.92,,,,,2/7/24,Website/Booking Engine,,Confirmed,,,,,,,,,,95,46.53,33.87,39.52,,,,,,,,,,,565,21,Direct,Lantana Dome,282
OLD CB,Rachel Guerrero,,,,,9.61E+12,,,,,,,,,CED(1),684,965.29,2/23/24,2/25/24,2,Cedar Haus,965.29,,,,,2/7/24,Website/Booking Engine,,Checked Out,,,,,,,,,,95,75.24,51.26,59.79,,,,,,,,,,,854,16,Direct,Cedar Haus,427
OLD CB,Cynthia Alberto,,,,,7.07E+12,,,,,,,,,OAK(1),440.1,626.4,2/14/24,2/15/24,1,Live Oak Lodge (Thank You First Responders!),659.37,,,,,2/8/24,Website/Booking Engine,,Confirmed,,,,,,,,,,95,48.41,35.01,40.85,,,,,,,,,,,584,6,Direct,Live Oak Lodge,584
OLD CB,Jesus Armenta,,,,,4.06E+12,,,,,,,,,SAF(1),913,1252.53,2/10/24,2/12/24,2,Sage Safari,1252.53,,,,,2/9/24,Website/Booking Engine,,Checked Out,,,,,,,,,,95,100.43,66.51,77.59,,,,,,,,,,,1108,1,Direct,Sage Safari,554
OLD CB,Jeffrey Turner,,,,,8.92E+12,,,,,,,,,COC(1),1038,1409.33,2/2/24,2/4/24,2,Cocoon,1409.33,,,,,12/29/23,Website/Booking Engine,,Checked Out,,,,,,,,,,95,114.18,74.84,87.31,,,,,,,,,,,1247,35,Direct,Cocoon,624
OLD CB,Susan Hoaby,,,,,2.61E+12,,,,,,,,,OAK(1),349,545.1,2/12/24,2/13/24,1,Live Oak Lodge,545.1,,,,,2/9/24,Website/Booking Engine,,Checked Out,,,,,,,,,,95,38.39,28.94,33.77,,,,,,,,,,,482,3,Direct,Live Oak Lodge,482
OLD CB,Wesley Wallace,,,,,9.70E+12,,,,,,,,,N/A,515,0,2/14/24,2/15/24,1,Spyglass,753.32,,,,,2/10/24,Website/Booking Engine,,Cancelled,,,2/12/24,,,,,,,95,56.65,40,46.67,,,,,,,,,,,667,4,Direct,Spyglass,667
OLD CB,Justin Miller,,,,,6.58E+12,,,,,,,,,MON(1),1905,2496.79,2/15/24,2/17/24,2,Monarch,2496.79,,,,,2/10/24,Website/Booking Engine,,Checked Out,,,,,,,,,,95,209.55,132.57,154.67,,,,,,,,,,,2210,5,Direct,Monarch,1105
OLD CB,GEORGE KHAWLY,,,,,4.21E+12,,,,,,,,,SAF(1),303,487.4,3/3/24,3/4/24,1,Sage Safari,487.4,,,,,2/11/24,Website/Booking Engine,,Checked Out,,,,,,,,,,95,33.33,25.88,30.19,,,,,,,,,,,431,21,Direct,Sage Safari,431
OLD CB,Elodie Mgd,,,,,3.83E+12,,,,,,,,,BUC(1),618.11,0,2/28/24,3/1/24,2,Buckeye Bungalow,805.8,,,,,2/12/24,Airbnb (API),,Confirmed,,,,,,,,,,95,,42.78,49.91,,,,,,,,,,,713,16,Airbnb,Buckeye Bungalow,357
OLD CB,Jamie Cendon,,,,,3.73E+12,,,,,,,,,SPY(1),217,379.53,2/19/24,2/20/24,1,Spyglass,379.53,,,,,2/12/24,Website/Booking Engine,,Checked Out,,,,,,,,,,95,23.87,20.15,23.51,,,,,,,,,,,336,7,Direct,Spyglass,336
OLD CB,Jamie Cendon,,,,,4.81E+12,,,,,,,,,N/A,217,0,2/19/24,2/20/24,1,Spyglass,379.53,,,,,2/12/24,Website/Booking Engine,,Cancelled,,,2/12/24,,,,,,,95,23.87,20.15,23.51,,,,,,,,,,,336,7,Direct,Spyglass,336
OLD CB,Joe Murphy,,,,,2.61E+12,,,,,,,,,SPY(1),1376,1833.27,2/9/24,2/11/24,2,Spyglass,1833.27,,,,,12/8/23,Website/Booking Engine,,Checked Out,,,,,,,,,,95,151.36,97.34,113.57,,,,,,,,,,,1622,63,Direct,Spyglass,811
OLD CB,Heather Hawkins,,,,,6.85E+12,,,,,,,,,N/A,2798,0,2/16/24,2/18/24,2,Sage Safari,3616.87,,,,,1/20/24,Website/Booking Engine,,Cancelled,,,1/20/24,,,,,,,95,307.78,192.04,224.05,,,,,,,,,,,3201,27,Direct,Sage Safari,1600
OLD CB,Rick Zuniga,,,,,9.51E+12,,,,,,,,,COC(1),1101.75,0,2/17/24,2/19/24,2,Cocoon,1352.32,,,,,2/12/24,Airbnb (API),,Confirmed,,,,,,,,,,95,,71.8,83.77,,,,,,,,,,,1197,5,Airbnb,Cocoon,598
OLD CB,Jessica Baker,,,,,7.69E+12,,,,,,,,,N/A,1167,0,5/6/24,5/9/24,3,Walnut House,1571.14,,,,,2/12/24,Website/Booking Engine,,Cancelled,,,2/15/24,,,,,,,95,128.37,83.43,97.34,,,,,,,,,,,1390,84,Direct,Walnut House,463
OLD CB,Johanna Armstrong,,,,,5.67E+12,,,,,,,,,SAF(1),537,780.9,2/25/24,2/27/24,2,Sage Safari,780.9,,,,,2/13/24,Website/Booking Engine,,Checked Out,,,,,,,,,,95,59.07,41.46,48.37,,,,,,,,,,,691,12,Direct,Sage Safari,346
OLD CB,Johnathan Earl,,,,,5.82E+12,,,,,,,,,SPY(1),1352,1803.17,2/2/24,2/4/24,2,Spyglass,1803.17,,,,,1/9/24,Website/Booking Engine,,Checked Out,,,,,,,,,,95,148.72,95.74,111.71,,,,,,,,,,,1596,24,Direct,Spyglass,798
OLD CB,Michele Walsh,,,,,2.48E+12,,,,,,,,,DOM(1),1463,1942.4,2/17/24,2/19/24,2,Lantana Dome,1942.4,,,,,2/13/24,Website/Booking Engine,,Checked Out,,,,,,,,,,95,160.93,103.14,120.33,,,,,,,,,,,1719,4,Direct,Lantana Dome,859
OLD CB,Joseph Watson,,,,,2.85E+12,,,,,,,,,PEC(1),1148,1083.1,2/16/24,2/18/24,2,Pecan Haus,1547.29,,,,,1/4/24,Website/Booking Engine,,Confirmed,,,,,,,,,,95,126.28,82.16,95.85,,,,,,,,,,,1369,43,Direct,Pecan Haus,685
OLD CB,Wesley Wallace,,,,,9.50E+12,,,,,,,,,SPY(1),276,453.54,2/14/24,2/15/24,1,Spyglass,453.54,,,,,2/13/24,Website/Booking Engine,,Checked Out,,,,,,,,,,95,30.36,24.08,28.1,,,,,,,,,,,401,1,Direct,Spyglass,401
OLD CB,Brittany Molzon,,,,,9.63E+12,,,,,,,,,OAK(1),848,1171,5/26/24,5/28/24,2,Live Oak Lodge,1171,,,,,2/13/24,Website/Booking Engine,,Confirmed,,,,,,,,,,95,93.28,62.18,72.54,,,,,,,,,,,1036,103,Direct,Live Oak Lodge,518
OLD CB,Amy Miller,,,,,9.73E+12,,,,,,,,,PEC(1),798,1108.27,6/14/24,6/16/24,2,Pecan Haus,1108.27,,,,,2/13/24,Website/Booking Engine,,Confirmed,,,,,,,,,,95,87.78,58.84,68.65,,,,,,,,,,,981,122,Direct,Pecan Haus,490
OLD CB,Joshua Griffin,,,,,1.80E+12,,,,,,,,,N/A,1099,0,2/17/24,2/19/24,2,Cocoon,1485.83,,,,,12/3/23,Website/Booking Engine,,Cancelled,,,2/11/24,,,,,,,95,120.89,78.9,92.04,,,,,,,,,,,1315,76,Direct,Cocoon,657
OLD CB,Caitlin Rinaldi,,,,,7.39E+12,,,,,,,,,N/A,1903,0,2/17/24,2/19/24,2,Spyglass,2494.28,,,,,12/20/23,Website/Booking Engine,,Cancelled,,,12/20/23,,,,,,,95,209.33,132.44,154.51,,,,,,,,,,,2207,59,Direct,Spyglass,1104
OLD CB,Katie Woodward,,,,,5.57E+12,,,,,,,,,SPY(1),1189,1598.71,2/4/24,2/7/24,3,Spyglass,1598.71,,,,,12/29/23,Website/Booking Engine,,Checked Out,,,,,,,,,,95,130.79,84.89,99.03,,,,,,,,,,,1415,37,Direct,Spyglass,472
OLD CB,Alessandra Sanchez,,,,,8.22E+12,,,,,,,,,N/A,2757.2,0,2/17/24,2/19/24,2,Monarch,3222.99,,,,,1/12/24,Airbnb (API),,Cancelled,,,2/14/24,,,,,,,95,,171.14,199.65,,,,,,,,,,,2852,36,Airbnb,Monarch,1426
OLD CB,Kimberly Hadden Figueroa,,,,,9.04E+12,,,,,,,,,BUC(1),1402,1865.89,2/2/24,2/4/24,2,Buckeye Bungalow,1865.89,,,,,1/14/24,Website/Booking Engine,,Checked Out,,,,,,,,,,95,154.22,99.08,115.59,,,,,,,,,,,1651,19,Direct,Buckeye Bungalow,826
OLD CB,Imani Jordan,,,,,5.02E+12,,,,,,,,,SPY(1),484,714.43,2/16/24,2/17/24,1,Spyglass,714.43,,,,,2/14/24,Website/Booking Engine,,Checked Out,,,,,,,,,,95,53.24,37.93,44.26,,,,,,,,,,,632,2,Direct,Spyglass,632
OLD CB,Krystal Smith,,,,,7.12E+11,,,,,,,,,DOM(1),1552,2054.02,2/10/24,2/12/24,2,Lantana Dome,2054.02,,,,,1/8/24,Website/Booking Engine,,Checked Out,,,,,,,,,,95,170.72,109.06,127.24,,,,,,,,,,,1818,33,Direct,Lantana Dome,909
OLD CB,Dennis Klembara,,,,,5.68E+12,,,,,,,,,N/A,301,0,2/15/24,2/16/24,1,Sage Safari,484.9,,,,,2/14/24,Website/Booking Engine,,Cancelled,,,2/15/24,,,,,,,95,33.11,25.75,30.04,,,,,,,,,,,429,1,Direct,Sage Safari,429
OLD CB,Mauricio Lazo,,,,,7.87E+12,,,,,,,,,JUN(1),154,200.52,2/15/24,2/16/24,1,Juniper Haus,300.52,,,,,2/14/24,Website/Booking Engine,,Checked Out,,,,,,,,,,95,16.94,15.96,18.62,,,,,,,,,,,266,1,Direct,Juniper Haus,266
OLD CB,Laura Donaldson,,,,,5.31E+12,,,,,,,,,OAK(1),1485,1871.49,2/17/24,2/19/24,2,Live Oak Lodge,1969.99,,,,,11/5/23,Website/Booking Engine,,Confirmed,,,,,,,,,,95,163.35,104.6,122.04,,,,,,,,,,,1743,104,Direct,Live Oak Lodge,872
OLD CB,Monte Davis,,,,,7.83E+12,,,,,,,,,DOM(1),726,1017.97,2/19/24,2/22/24,3,Lantana Dome,1017.97,,,,,2/14/24,Website/Booking Engine,,Checked Out,,,,,,,,,,95,79.86,54.05,63.06,,,,,,,,,,,901,5,Direct,Lantana Dome,300
OLD CB,Luis E Montemayor,,,,,4.56E+12,,,,,,,,,CED(1),1026,1394.27,2/9/24,2/11/24,2,Cedar Haus,1394.27,,,,,1/25/24,Website/Booking Engine,,Checked Out,,,,,,,,,,95,112.86,74.04,86.37,,,,,,,,,,,1234,15,Direct,Cedar Haus,617
OLD CB,Mack Chapman,,,,,9.27E+12,,,,,,,,,BUC(1),500,734.5,2/7/24,2/9/24,2,Buckeye Bungalow,734.5,,,,,1/28/24,Website/Booking Engine,,Checked Out,,,,,,,,,,95,55,39,45.5,,,,,,,,,,,650,10,Direct,Buckeye Bungalow,325
OLD CB,Maria Neustaeter,,,,,9.80E+12,,,,,,,,,COC(1),560.48,0,2/4/24,2/6/24,2,Cocoon,740.69,,,,,1/23/24,Airbnb (API),,Confirmed,,,,,,,,,,95,,39.32,45.89,,,,,,,,,,,655,12,Airbnb,Cocoon,328
OLD CB,Rebecca Schroeder,,,,,3.24E+12,,,,,,,,,N/A,41,0,2/19/24,2/20/24,1,Walnut House,158.78,,,,,1/16/24,Website/Booking Engine,,Cancelled,,,1/17/24,,,,,,,95,4.51,8.43,9.84,,,,,,,,,,,141,34,Direct,Walnut House,141
OLD CB,Marlena Urby,,,,,7.04E+12,,,,,,,,,SPY(1),438.44,0,2/21/24,2/22/24,1,Spyglass,602.79,,,,,1/22/24,Airbnb (API),,Confirmed,,,,,,,,,,95,,32.01,37.34,,,,,,,,,,,533,30,Airbnb,Spyglass,533
OLD CB,Michael Martinez,,,,,7.23E+12,,,,,,,,,N/A,220,0,2/22/24,2/23/24,1,Live Oak Lodge,383.29,,,,,2/14/24,Website/Booking Engine,,Cancelled,,,2/15/24,,,,,,,95,24.2,20.35,23.74,,,,,,,,,,,339,8,Direct,Live Oak Lodge,339
OLD CB,Martin Ramirez,,,,,4.85E+12,,,,,,,,,MON(1),1234,1572.39,2/23/24,2/25/24,2,Monarch,1655.15,,,,,1/4/24,Website/Booking Engine,,Confirmed,,,,,,,,,,95,135.74,87.88,102.53,,,,,,,,,,,1465,50,Direct,Monarch,732
OLD CB,Wesley Flanigan,,,,,5.11E+12,,,,,,,,,SAF(1),323,512.49,2/18/24,2/19/24,1,Sage Safari,512.49,,,,,2/14/24,Website/Booking Engine,,Checked Out,,,,,,,,,,95,35.53,27.21,31.75,,,,,,,,,,,454,4,Direct,Sage Safari,454
OLD CB,Matthew Grimes,,,,,5.48E+12,,,,,,,,,SAF(1),1439,1912.28,2/8/24,2/10/24,2,Sage Safari,1912.28,,,,,12/14/23,Website/Booking Engine,,Checked Out,,,,,,,,,,95,158.29,101.53,118.46,,,,,,,,,,,1692,56,Direct,Sage Safari,846
OLD CB,Yul Salaburu,,,,,3.71E+12,,,,,,,,,WAL(1),276,453.54,2/14/24,2/15/24,1,Walnut House,453.54,,,,,2/14/24,Website/Booking Engine,,Checked Out,,,,,,,,,,95,30.36,24.08,28.1,,,,,,,,,,,401,0,Direct,Walnut House,401
OLD CB,EMMANUEL GOMEZ,,,,,2.73E+12,,,,,,,,,JUN(1),380,408.8,3/1/24,3/2/24,1,Juniper Haus,583.99,,,,,2/14/24,Website/Booking Engine,,Checked Out,,,,,,,,,,95,41.8,31.01,36.18,,,,,,,,,,,517,16,Direct,Juniper Haus,517
OLD CB,Melissa Novak,,,,,7.85E+12,,,,,,,,,SPY(1),559.35,0,2/11/24,2/12/24,1,Spyglass,739.41,,,,,1/8/24,Airbnb (API),,Confirmed,,,,,,,,,,95,,39.26,45.8,,,,,,,,,,,654,34,Airbnb,Spyglass,654
OLD CB,Michael Myles,,,,,2.52E+12,,,,,,,,,PEC(1),1026,1394.27,2/9/24,2/11/24,2,Pecan Haus,1394.27,,,,,12/11/23,Website/Booking Engine,,Checked Out,,,,,,,,,,95,112.86,74.04,86.37,,,,,,,,,,,1234,60,Direct,Pecan Haus,617
OLD CB,EMMANUEL GOMEZ,,,,,2.12E+12,,,,,,,,,N/A,380,0,3/1/24,3/2/24,1,Juniper Haus,583.99,,,,,2/14/24,Website/Booking Engine,,Cancelled,,,2/15/24,,,,,,,95,41.8,31.01,36.18,,,,,,,,,,,517,16,Direct,Juniper Haus,517
OLD CB,Estefania Ayala,,,,,6.64E+12,,,,,,,,,WAL(1),1780,2340,3/20/24,3/22/24,2,Walnut House,2340,,,,,2/14/24,Website/Booking Engine,,Checked Out,,,,,,,,,,95,195.8,124.25,144.95,,,,,,,,,,,2071,35,Direct,Walnut House,1035
OLD CB,Michelle Eads,,,,,8.48E+12,,,,,,,,,MON(1),736,978.98,2/27/24,2/29/24,2,Monarch,1030.51,,,,,12/28/23,Website/Booking Engine,,Confirmed,,,,,,,,,,95,80.96,54.72,63.83,,,,,,,,,,,912,61,Direct,Monarch,456
OLD CB,Aish Dubey,,,,,6.47E+12,,,,,,,,,SAF(1),907.39,0,2/16/24,2/18/24,2,Sage Safari,1132.7,,,,,2/15/24,Airbnb (API),,Confirmed,,,,,,,,,,95,,60.14,70.17,,,,,,,,,,,1002,1,Airbnb,Sage Safari,501
OLD CB,Carley Pierce,,,,,3.55E+12,,,,,,,,,JUN(1),841.85,0,2/16/24,2/19/24,3,Juniper Haus,1058.64,,,,,2/15/24,Airbnb (API),,Confirmed,,,,,,,,,,95,,56.22,65.57,,,,,,,,,,,937,1,Airbnb,Juniper Haus,312
OLD CB,Francisco Hernandez,,,,,8.89E+12,,,,,,,,,MON(1),323,512.49,2/18/24,2/19/24,1,Monarch,512.49,,,,,2/15/24,Website/Booking Engine,,Checked Out,,,,,,,,,,95,35.53,27.21,31.75,,,,,,,,,,,454,3,Direct,Monarch,454
OLD CB,Heather Beck,,,,,2.88E+12,,,,,,,,,OAK(1),299,482.38,2/16/24,2/17/24,1,Live Oak Lodge,482.38,,,,,2/15/24,Website/Booking Engine,,Checked Out,,,,,,,,,,95,32.89,25.61,29.88,,,,,,,,,,,427,1,Direct,Live Oak Lodge,427
OLD CB,Esmeralda Gaytan,,,,,1.65E+12,,,,,,,,,N/A,590.99,0,2/16/24,2/18/24,2,Cedar Haus,775.17,,,,,2/15/24,Airbnb (API),,Cancelled,,,2/16/24,,,,,,,95,,41.16,48.02,,,,,,,,,,,686,1,Airbnb,Cedar Haus,343
OLD CB,Morgan Hauck,,,,,4.87E+12,,,,,,,,,WAL(1),1234,1158.6,2/23/24,2/25/24,2,Walnut House,1655.15,,,,,1/8/24,Website/Booking Engine,,Confirmed,,,,,,,,,,95,135.74,87.88,102.53,,,,,,,,,,,1465,46,Direct,Walnut House,732
OLD CB,Nicolas Oberdorf,,,,,5.17E+12,,,,,,,,,OAK(1),551,798.47,2/4/24,2/6/24,2,Live Oak Lodge,798.47,,,,,1/28/24,Website/Booking Engine,,Checked Out,,,,,,,,,,95,60.61,42.4,49.46,,,,,,,,,,,707,7,Direct,Live Oak Lodge,353
OLD CB,Oscar Grado,,,,,2.78E+12,,,,,,,,,OAK(1),1129,1066.42,2/29/24,3/2/24,2,Live Oak Lodge,1523.46,,,,,12/16/23,Website/Booking Engine,,Confirmed,,,,,,,,,,95,124.19,80.89,94.38,,,,,,,,,,,1348,75,Direct,Live Oak Lodge,674
OLD CB,Perla Cantu,,,,,3.21E+12,,,,,,,,,SAF(1),588,506.92,2/6/24,2/8/24,2,Sage Safari,844.87,,,,,1/10/24,Website/Booking Engine,,Checked Out,,,,,,,,,,95,64.68,44.86,52.33,,,,,,,,,,,748,27,Direct,Sage Safari,374
OLD CB,tim white,,,,,2.82E+12,,,,,,,,,N/A,617,0,2/23/24,2/24/24,1,Spyglass,881.25,,,,,2/15/24,Website/Booking Engine,,Cancelled,,,2/15/24,,,,,,,95,67.87,46.79,54.59,,,,,,,,,,,780,8,Direct,Spyglass,780
OLD CB,Rachel Pond,,,,,5.06E+12,,,,,,,,,SPY(1),2038,2530.43,2/24/24,2/28/24,4,Spyglass,2663.61,,,,,11/11/23,Website/Booking Engine,,Confirmed,,,,,,,,,,95,224.18,141.43,165,,,,,,,,,,,2357,105,Direct,Spyglass,589
OLD CB,Rachel Richmond,,,,,6.76E+12,,,,,,,,,COC(1),418,631.65,2/7/24,2/9/24,2,Cocoon,631.65,,,,,1/20/24,Website/Booking Engine,,Checked Out,,,,,,,,,,95,45.98,33.54,39.13,,,,,,,,,,,559,18,Direct,Cocoon,279
OLD CB,Rahul Pandey,,,,,2.75E+12,,,,,,,,,OAK(1),1352,1803.17,2/2/24,2/4/24,2,Live Oak Lodge,1803.17,,,,,11/17/23,Website/Booking Engine,,Checked Out,,,,,,,,,,95,148.72,95.74,111.71,,,,,,,,,,,1596,77,Direct,Live Oak Lodge,798
OLD CB,DUSTIN BRAUD,,,,,8.68E+12,,,,,,,,,BUC(1),1124,1517.17,3/1/24,3/4/24,3,Buckeye Bungalow,1517.17,,,,,2/15/24,Website/Booking Engine,,Checked Out,,,,,,,,,,95,123.64,80.55,93.98,,,,,,,,,,,1343,15,Direct,Buckeye Bungalow,448
OLD CB,Emily Mashburn,,,,,6.80E+12,,,,,,,,,N/A,590.99,0,2/16/24,2/18/24,2,Cedar Haus,775.17,,,,,2/16/24,Airbnb (API),,Confirmed,,,,,,,,,,95,,41.16,48.02,,,,,,,,,,,686,0,Airbnb,Cedar Haus,343
OLD CB,Franck Yelles,,,,,1.47E+12,,,,,,,,,N/A,558.22,0,2/17/24,2/18/24,1,Monarch,738.14,,,,,2/16/24,Airbnb (API),,Confirmed,,,,,,,,,,95,,39.19,45.73,,,,,,,,,,,653,1,Airbnb,Monarch,653
OLD CB,Jessica Nyiredi,,,,,6.66E+12,,,,,,,,,WAL(1),251,422.18,2/20/24,2/21/24,1,Walnut House,422.18,,,,,2/16/24,Website/Booking Engine,,Checked Out,,,,,,,,,,95,27.61,22.42,26.15,,,,,,,,,,,374,4,Direct,Walnut House,374
OLD CB,RUBEN MUNOZ,,,,,2.57E+12,,,,,,,,,COC(1),920,1261.31,2/9/24,2/11/24,2,Cocoon,1261.31,,,,,11/26/23,Website/Booking Engine,,Checked Out,,,,,,,,,,95,101.2,66.98,78.13,,,,,,,,,,,1116,75,Direct,Cocoon,558
OLD CB,Rylan Sims,,,,,2.01E+12,,,,,,,,,COC(1),683.65,0,2/12/24,2/14/24,2,Cocoon,879.88,,,,,12/29/23,Airbnb (API),,Confirmed,,,,,,,,,,95,,46.72,54.51,,,,,,,,,,,779,45,Airbnb,Cocoon,389
OLD CB,Jonathan Harness,,,,,7.59E+12,,,,,,,,,DOM(1),445.22,0,2/16/24,2/17/24,1,Lantana Dome,610.45,,,,,2/16/24,Airbnb (API),,Confirmed,,,,,,,,,,95,,32.41,37.82,,,,,,,,,,,540,0,Airbnb,Lantana Dome,540
OLD CB,Scott McIntyre,,,,,3.83E+12,,,,,,,,,MON(1),883,1214.9,2/13/24,2/15/24,2,Monarch,1214.9,,,,,12/23/23,Website/Booking Engine,,Checked Out,,,,,,,,,,95,97.13,64.51,75.26,,,,,,,,,,,1075,52,Direct,Monarch,538
OLD CB,Sofia Molina,,,,,4.58E+12,,,,,,,,,JUN(1),230,277.09,2/14/24,2/15/24,1,Juniper Haus,395.84,,,,,1/21/24,Website/Booking Engine,,Confirmed,,,,,,,,,,95,25.3,21.02,24.52,,,,,,,,,,,350,24,Direct,Juniper Haus,350
OLD CB,robert wright,,,,,2.18E+12,,,,,,,,,N/A,299,0,2/16/24,2/17/24,1,Cocoon,482.38,,,,,2/16/24,Website/Booking Engine,,Cancelled,,,2/17/24,,,,,,,95,32.89,25.61,29.88,,,,,,,,,,,427,0,Direct,Cocoon,427
OLD CB,Juliet Perez-Gonzales,,,,,3.63E+12,,,,,,,,,N/A,765,0,2/26/24,2/29/24,3,Cocoon,1066.87,,,,,12/29/23,Website/Booking Engine,,Cancelled,,,2/8/24,,,,,,,95,84.15,56.64,66.08,,,,,,,,,,,944,59,Direct,Cocoon,315
OLD CB,Juliet Perez-Gonzales,,,,,7.50E+12,,,,,,,,,N/A,765,0,2/26/24,2/29/24,3,Cocoon,1066.87,,,,,12/29/23,Website/Booking Engine,,Cancelled,,,12/29/23,,,,,,,95,84.15,56.64,66.08,,,,,,,,,,,944,59,Direct,Cocoon,315
OLD CB,Brian Pool,,,,,1.99E+12,,,,,,,,,N/A,399,0,2/17/24,2/18/24,1,Monarch,607.81,,,,,2/16/24,Website/Booking Engine,,Cancelled,,,2/16/24,,,,,,,95,43.89,32.27,37.65,,,,,,,,,,,538,1,Direct,Monarch,538
OLD CB,thomas chase,,,,,1.19E+12,,,,,,,,,MON(1),968,925.06,2/19/24,2/21/24,2,Monarch,1321.51,,,,,1/3/24,Website/Booking Engine,,Confirmed,,,,,,,,,,95,106.48,70.17,81.86,,,,,,,,,,,1169,47,Direct,Monarch,585
OLD CB,Brian Pool,,,,,6.84E+12,,,,,,,,,N/A,399,0,2/17/24,2/18/24,1,Monarch,607.81,,,,,2/16/24,Website/Booking Engine,,Cancelled,,,2/16/24,,,,,,,95,43.89,32.27,37.65,,,,,,,,,,,538,1,Direct,Monarch,538
OLD CB,Michele Walsh,,,,,3.37E+12,,,,,,,,,BUC(1),222,385.81,2/18/24,2/19/24,1,Buckeye Bungalow,385.81,,,,,2/16/24,Website/Booking Engine,,Checked Out,,,,,,,,,,95,24.42,20.49,23.9,,,,,,,,,,,341,2,Direct,Buckeye Bungalow,341
OLD CB,tim white,,,,,7.76E+12,,,,,,,,,SPY(1),617,881.25,2/23/24,2/24/24,1,Spyglass,881.25,,,,,2/16/24,Website/Booking Engine,,Checked Out,,,,,,,,,,95,67.87,46.79,54.59,,,,,,,,,,,780,7,Direct,Spyglass,780
OLD CB,Karim Jivani,,,,,5.74E+12,,,,,,,,,COC(1),765,640.12,2/26/24,2/29/24,3,Cocoon,1066.87,,,,,2/17/24,Website/Booking Engine,,Checked Out,,,,,,,,,,95,84.15,56.64,66.08,,,,,,,,,,,944,9,Direct,Cocoon,315
OLD CB,Grant Christy,,,,,9.17E+12,,,,,,,,,N/A,1535.67,0,3/22/24,3/24/24,2,Live Oak Lodge,1842.66,,,,,2/17/24,Airbnb (API),,Cancelled,,,2/18/24,,,,,,,95,,97.84,114.15,,,,,,,,,,,1631,34,Airbnb,Live Oak Lodge,815
OLD CB,David Eichberger,,,,,1.55E+11,,,,,,,,,SPY(1),1167,1571.14,5/27/24,5/30/24,3,Spyglass,1571.14,,,,,2/17/24,Website/Booking Engine,,Confirmed,,,,,,,,,,95,128.37,83.43,97.34,,,,,,,,,,,1390,100,Direct,Spyglass,463
OLD CB,Heather Hawkins,,,,,6.17E+12,,,,,,,,,N/A,588,0,2/27/24,2/29/24,2,Sage Safari,844.87,,,,,1/19/24,Website/Booking Engine,,Cancelled,,,2/9/24,,,,,,,95,64.68,44.86,52.33,,,,,,,,,,,748,39,Direct,Sage Safari,374
OLD CB,Luis Garcia,,,,,8.25E+12,,,,,,,,,N/A,168,0,2/19/24,2/20/24,1,Cedar Haus,318.07,,,,,2/18/24,Website/Booking Engine,,Cancelled,,,2/18/24,,,,,,,95,18.48,16.89,19.7,,,,,,,,,,,281,1,Direct,Cedar Haus,281
OLD CB,Tom Weninger,,,,,2.15E+12,,,,,,,,,SAF(1),1180,1310.19,2/23/24,2/25/24,2,Sage Safari,1587.41,,,,,12/15/23,Website/Booking Engine,,Confirmed,,,,,,,,,,95,129.8,84.28,98.33,,,,,,,,,,,1405,70,Direct,Sage Safari,702
OLD CB,Miles Bivins,,,,,2.17E+12,,,,,,,,,PEC(1),222,385.81,2/18/24,2/19/24,1,Pecan Haus,385.81,,,,,2/18/24,Website/Booking Engine,,Checked Out,,,,,,,,,,95,24.42,20.49,23.9,,,,,,,,,,,341,0,Direct,Pecan Haus,341
OLD CB,Tyler Scarborough,,,,,5.12E+12,,,,,,,,,MON(1),773,1076.92,2/11/24,2/13/24,2,Monarch,1076.92,,,,,1/14/24,Website/Booking Engine,,Checked Out,,,,,,,,,,95,85.03,57.18,66.71,,,,,,,,,,,953,28,Direct,Monarch,477
OLD CB,Christina Nguyen,,,,,5.80E+11,,,,,,,,,SAF(1),1222,1640.1,3/13/24,3/15/24,2,Sage Safari,1640.1,,,,,2/18/24,Website/Booking Engine,,Checked Out,,,,,,,,,,95,134.42,87.08,101.6,,,,,,,,,,,1451,24,Direct,Sage Safari,726
OLD CB,Robert Richter,,,,,2.67E+12,,,,,,,,,MON(1),3097,3991.91,4/26/24,4/29/24,3,Monarch,3991.91,,,,,2/18/24,Website/Booking Engine,,Checked Out,,,,,,,,,,95,340.67,211.95,247.29,,,,,,,,,,,3533,68,Direct,Monarch,1178
OLD CB,Charity Castelo,,,,,6.18E+12,,,,,,,,,OAK(1),229,276.21,2/19/24,2/20/24,1,Live Oak Lodge,394.58,,,,,2/19/24,Website/Booking Engine,,Checked Out,,,,,,,,,,95,25.19,20.95,24.44,,,,,,,,,,,349,0,Direct,Live Oak Lodge,349
OLD CB,William Loven,,,,,3.67E+12,,,,,,,,,PEC(1),230,395.84,2/14/24,2/15/24,1,Pecan Haus,395.84,,,,,1/31/24,Website/Booking Engine,,Checked Out,,,,,,,,,,95,25.3,21.02,24.52,,,,,,,,,,,350,14,Direct,Pecan Haus,350
OLD CB,Jason Wallace,,,,,3.56E+12,,,,,,,,,WAL(1),271,313.09,2/19/24,2/20/24,1,Walnut House,447.27,,,,,2/19/24,Website/Booking Engine,,Checked Out,,,,,,,,,,95,29.81,23.75,27.71,,,,,,,,,,,396,0,Direct,Walnut House,396
OLD CB,Witness Samuel,,,,,3.30E+12,,,,,,,,,COC(1),356,387.72,2/14/24,2/15/24,1,Cocoon,553.88,,,,,1/26/24,Website/Booking Engine,,Confirmed,,,,,,,,,,95,39.16,29.41,34.31,,,,,,,,,,,490,19,Direct,Cocoon,490
OLD CB,yue zhang,,,,,6.26E+12,,,,,,,,,OAK(1),795,773.17,2/20/24,2/22/24,2,Live Oak Lodge,1104.53,,,,,11/24/23,Website/Booking Engine,,Confirmed,,,,,,,,,,95,87.45,58.65,68.43,,,,,,,,,,,977,88,Direct,Live Oak Lodge,489
OLD CB,Joe Lopez,,,,,1.33E+12,,,,,,,,,COC(1),185,237.57,2/19/24,2/20/24,1,Cocoon,339.39,,,,,2/19/24,Website/Booking Engine,,Checked Out,,,,,,,,,,95,20.35,18.02,21.02,,,,,,,,,,,300,0,Direct,Cocoon,300
OLD CB,Philip Fickel,,,,,2.03E+12,,,,,,,,,N/A,1309,0,2/29/24,3/3/24,3,Buckeye Bungalow,1749.21,,,,,1/4/24,Website/Booking Engine,,Cancelled,,,2/11/24,,,,,,,95,143.99,92.87,108.35,,,,,,,,,,,1548,56,Direct,Buckeye Bungalow,516
OLD CB,Zach Hisaw,,,,,1.78E+12,,,,,,,,,MON(1),3730,4785.88,2/8/24,2/11/24,3,Monarch,4785.88,,,,,12/13/23,Website/Booking Engine,,Confirmed,,,,,,,,,,95,410.3,254.11,296.47,,,,,,,,,,,4235,57,Direct,Monarch,1412
OLD CB,Paula Perez Diaz,,,,,5.76E+12,,,,,,,,,N/A,1274,0,3/1/24,3/3/24,2,Monarch,1705.31,,,,,12/28/23,Website/Booking Engine,,Cancelled,,,2/10/24,,,,,,,95,140.14,90.54,105.63,,,,,,,,,,,1509,64,Direct,Monarch,755
OLD CB,Chris Linville,,,,,9.94E+11,,,,,,,,,N/A,1176,0,3/1/24,3/3/24,2,Lantana Dome,1582.41,,,,,1/9/24,Website/Booking Engine,,Cancelled,,,1/9/24,,,,,,,95,129.36,84.02,98.03,,,,,,,,,,,1400,52,Direct,Lantana Dome,700
OLD CB,Elizabeth Serrato,,,,,7.19E+12,,,,,,,,,PEC(1),760,742.44,3/1/24,3/3/24,2,Pecan Haus,1060.63,,,,,1/10/24,Website/Booking Engine,,Confirmed,,,,,,,,,,95,83.6,56.32,65.71,,,,,,,,,,,939,51,Direct,Pecan Haus,469
OLD CB,Jamie Dickey,,,,,6.01E+12,,,,,,,,,N/A,760,0,3/1/24,3/3/24,2,Cedar Haus,1060.63,,,,,1/13/24,Website/Booking Engine,,Cancelled,,,2/10/24,,,,,,,95,83.6,56.32,65.71,,,,,,,,,,,939,48,Direct,Cedar Haus,469
OLD CB,Shawn Shelast,,,,,5.60E+12,,,,,,,,,SAF(1),2182,2702.02,3/1/24,3/3/24,2,Sage Safari,2844.23,,,,,1/21/24,Website/Booking Engine,,Confirmed,,,,,,,,,,95,240.02,151.02,176.19,,,,,,,,,,,2517,40,Direct,Sage Safari,1259
OLD CB,Steven Wuthrich,,,,,9.49E+12,,,,,,,,,WAL(1),2098,2738.87,4/12/24,4/14/24,2,Walnut House,2738.87,,,,,2/19/24,Website/Booking Engine,,Checked Out,,,,,,,,,,95,230.78,145.42,169.67,,,,,,,,,,,2424,53,Direct,Walnut House,1212
OLD CB,Gabriela Sandoval,,,,,6.22E+12,,,,,,,,,N/A,1798,0,7/5/24,7/7/24,2,Live Oak Lodge,2362.57,,,,,2/19/24,Website/Booking Engine,,Cancelled,,,2/19/24,,,,,,,95,197.78,125.44,146.35,,,,,,,,,,,2091,137,Direct,Live Oak Lodge,1045
OLD CB,Filippo Elmi Vergel,,,,,2.32E+12,,,,,,,,,DOM(1),418,442.16,2/26/24,2/28/24,2,Lantana Dome,631.65,,,,,2/20/24,Website/Booking Engine,,Confirmed,,,,,,,,,,95,45.98,33.54,39.13,,,,,,,,,,,559,6,Direct,Lantana Dome,279
OLD CB,Jennifer Findlay,,,,,4.27E+12,,,,,,,,,WAL(1),253,297.28,2/21/24,2/22/24,1,Walnut House,424.69,,,,,2/20/24,Website/Booking Engine,,Confirmed,,,,,,,,,,95,27.83,22.55,26.31,,,,,,,,,,,376,1,Direct,Walnut House,376
OLD CB,Chris Thomas,,,,,9.11E+12,,,,,,,,,MON(1),1546.97,0,3/1/24,3/3/24,2,Monarch,1855.42,,,,,2/20/24,Airbnb (API),,Confirmed,,,,,,,,,,95,,98.52,114.93,,,,,,,,,,,1642,10,Airbnb,Monarch,821
OLD CB,marilyn fore,,,,,5.41E+12,,,,,,,,,SPY(1),2554,2317.57,3/18/24,3/22/24,4,Spyglass,3310.82,,,,,2/20/24,Website/Booking Engine,,Confirmed,,,,,,,,,,95,280.94,175.79,205.09,,,,,,,,,,,2930,27,Direct,Spyglass,732
OLD CB,Joe Black,,,,,5.25E+12,,,,,,,,,N/A,301,0,3/1/24,3/2/24,1,Cocoon,484.9,,,,,3/1/24,Website/Booking Engine,,Cancelled,,,3/1/24,,,,,,,95,33.11,25.75,30.04,,,,,,,,,,,429,0,Direct,Cocoon,429
OLD CB,Trenton Brown,,,,,5.19E+12,,,,,,,,,N/A,1307,0,3/2/24,3/4/24,2,Live Oak Lodge,1746.73,,,,,1/9/24,Website/Booking Engine,,Cancelled,,,2/21/24,,,,,,,95,143.77,92.75,108.21,,,,,,,,,,,1546,53,Direct,Live Oak Lodge,773
OLD CB,Christa Lovelock,,,,,2.09E+12,,,,,,,,,N/A,966.15,0,3/2/24,3/4/24,2,Juniper Haus,1199.09,,,,,1/15/24,Airbnb (API),,Cancelled,,,2/10/24,,,,,,,95,,63.66,74.28,,,,,,,,,,,1061,47,Airbnb,Juniper Haus,531
OLD CB,Robert DUNKELMAN,,,,,7.18E+12,,,,,,,,,JUN(1),1007,959.31,3/29/24,4/1/24,3,Juniper Haus,1370.44,,,,,2/20/24,Website/Booking Engine,,Checked Out,,,,,,,,,,95,110.77,72.77,84.9,,,,,,,,,,,1213,38,Direct,Juniper Haus,404
OLD CB,Amanda Hildebrand,,,,,9.97E+12,,,,,,,,,MON(1),985,939.98,3/30/24,4/1/24,2,Monarch,1342.83,,,,,2/20/24,Website/Booking Engine,,Checked Out,,,,,,,,,,95,108.35,71.3,83.18,,,,,,,,,,,1188,39,Direct,Monarch,594
OLD CB,Katie Williams,,,,,4.91E+11,,,,,,,,,OAK(1),760,1060.62,3/2/24,3/4/24,2,Live Oak Lodge,1060.62,,,,,3/1/24,Website/Booking Engine,,Checked Out,,,,,,,,,,95,83.6,56.32,65.7,,,,,,,,,,,939,1,Direct,Live Oak Lodge,469
OLD CB,Brooke James,,,,,3.42E+12,,,,,,,,,N/A,2945,0,3/3/24,3/8/24,5,Spyglass,3801.28,,,,,12/3/23,Website/Booking Engine,,Cancelled,,,12/3/23,,,,,,,95,323.95,201.84,235.49,,,,,,,,,,,3364,91,Direct,Spyglass,673
OLD CB,Luis Navarrete,,,,,1.32E+12,,,,,,,,,N/A,465.56,0,3/3/24,3/4/24,1,Monarch,633.43,,,,,1/12/24,Airbnb (API),,Cancelled,,,2/13/24,,,,,,,95,,33.63,39.24,,,,,,,,,,,561,51,Airbnb,Monarch,561
OLD CB,Bilal Sheikh,,,,,7.29E+12,,,,,,,,,N/A,534,0,3/3/24,3/5/24,2,Buckeye Bungalow,777.15,,,,,1/22/24,Website/Booking Engine,,Cancelled,,,1/22/24,,,,,,,95,58.74,41.26,48.15,,,,,,,,,,,688,41,Direct,Buckeye Bungalow,344
OLD CB,kiran Ali,,,,,1.01E+12,,,,,,,,,N/A,534,0,3/3/24,3/5/24,2,Buckeye Bungalow,777.15,,,,,1/22/24,Website/Booking Engine,,Cancelled,,,1/22/24,,,,,,,95,58.74,41.26,48.15,,,,,,,,,,,688,41,Direct,Buckeye Bungalow,344
OLD CB,Bilal Sheikh,,,,,9.99E+11,,,,,,,,,SPY(1),534,466.29,3/3/24,3/5/24,2,Spyglass,777.15,,,,,1/22/24,Website/Booking Engine,,Checked Out,,,,,,,,,,95,58.74,41.26,48.15,,,,,,,,,,,688,41,Direct,Spyglass,344
OLD CB,Tu To,,,,,7.23E+12,,,,,,,,,OAK(1),1358,1810.68,5/23/24,5/25/24,2,Live Oak Lodge,1810.68,,,,,2/20/24,Website/Booking Engine,,Confirmed,,,,,,,,,,95,149.38,96.14,112.16,,,,,,,,,,,1602,93,Direct,Live Oak Lodge,801
OLD CB,Khanh Nguyen,,,,,7.84E+12,,,,,,,,,N/A,1358,0,5/23/24,5/25/24,2,Live Oak Lodge,1810.68,,,,,2/20/24,Website/Booking Engine,,Cancelled,,,2/20/24,,,,,,,95,149.38,96.14,112.16,,,,,,,,,,,1602,93,Direct,Live Oak Lodge,801
OLD CB,Briana Harbour,,,,,6.76E+12,,,,,,,,,JUN(1),867,1194.85,3/3/24,3/8/24,5,Juniper Haus,1194.85,,,,,3/1/24,Website/Booking Engine,,Checked Out,,,,,,,,,,95,95.37,63.45,74.03,,,,,,,,,,,1057,2,Direct,Juniper Haus,211
OLD CB,Gabriela Sandoval,,,,,2.53E+12,,,,,,,,,N/A,1798,0,7/5/24,7/7/24,2,Live Oak Lodge,2362.57,,,,,2/20/24,Website/Booking Engine,,Cancelled,,,2/20/24,,,,,,,95,197.78,125.44,146.35,,,,,,,,,,,2091,136,Direct,Live Oak Lodge,1045
OLD CB,Gabriela Sandoval,,,,,5.90E+12,,,,,,,,,OAK(1),1798,2362.57,7/5/24,7/7/24,2,Live Oak Lodge,2362.57,,,,,2/20/24,Website/Booking Engine,,Confirmed,,,,,,,,,,95,197.78,125.44,146.35,,,,,,,,,,,2091,136,Direct,Live Oak Lodge,1045
OLD CB,Adam McIntire,,,,,7.65E+12,,,,,,,,,OAK(1),209,258.65,2/27/24,2/28/24,1,Live Oak Lodge,369.5,,,,,2/21/24,Website/Booking Engine,,Confirmed,,,,,,,,,,95,22.99,19.62,22.89,,,,,,,,,,,327,6,Direct,Live Oak Lodge,327
OLD CB,Elizabeth Caldwell,,,,,2.91E+10,,,,,,,,,SAF(1),424,639.17,3/4/24,3/6/24,2,Sage Safari,639.17,,,,,3/3/24,Website/Booking Engine,,Checked Out,,,,,,,,,,95,46.64,33.94,39.59,,,,,,,,,,,566,1,Direct,Sage Safari,283
OLD CB,Brittany Jeno,,,,,4.44E+12,,,,,,,,,CED(1),308,493.69,3/4/24,3/6/24,2,Cedar Haus,493.69,,,,,3/4/24,Website/Booking Engine,,Checked Out,,,,,,,,,,95,33.88,26.22,30.59,,,,,,,,,,,437,0,Direct,Cedar Haus,218
OLD CB,Erich Hunger,,,,,7.87E+12,,,,,,,,,N/A,154,0,3/4/24,3/5/24,1,Buckeye Bungalow,300.52,,,,,3/4/24,Website/Booking Engine,,Cancelled,,,3/5/24,,,,,,,95,16.94,15.96,18.62,,,,,,,,,,,266,0,Direct,Buckeye Bungalow,266
OLD CB,Chaitanya Bishnoi,,,,,7.34E+12,,,,,,,,,N/A,872,0,3/5/24,3/7/24,2,Monarch,1201.11,,,,,1/27/24,Website/Booking Engine,,Cancelled,,,2/11/24,,,,,,,95,95.92,63.78,74.41,,,,,,,,,,,1063,38,Direct,Monarch,531
OLD CB,Amaranda Garza,,,,,3.04E+12,,,,,,,,,OAK(1),317.53,0,2/22/24,2/23/24,1,Live Oak Lodge,466.16,,,,,2/21/24,Airbnb (API),,Confirmed,,,,,,,,,,95,,24.75,28.88,,,,,,,,,,,413,1,Airbnb,Live Oak Lodge,413
OLD CB,Ben Boehm,,,,,6.23E+12,,,,,,,,,"CED(1), JUN(1)",368,473.4,2/28/24,2/29/24,1,"Cedar Haus, Juniper Haus",676.28,,,,,2/21/24,Website/Booking Engine,,Confirmed,,,,,,,,,,190,40.48,35.9,41.9,,,,,,,,,,,598,7,Direct,"Cedar Haus, Juniper Haus",598
OLD CB,Brenda Baxter,,,,,4.85E+11,,,,,,,,,N/A,184,0,2/21/24,2/22/24,1,Pecan Haus,338.14,,,,,2/21/24,Website/Booking Engine,,Cancelled,,,2/21/24,,,,,,,95,20.24,17.95,20.95,,,,,,,,,,,299,0,Direct,Pecan Haus,299
OLD CB,Blanca Aguilar,,,,,9.69E+11,,,,,,,,,OAK(1),202,360.72,3/5/24,3/6/24,1,Live Oak Lodge,360.72,,,,,3/4/24,Website/Booking Engine,,Checked Out,,,,,,,,,,95,22.22,19.15,22.35,,,,,,,,,,,319,1,Direct,Live Oak Lodge,319
OLD CB,Raylin Wikoff,,,,,3.01E+12,,,,,,,,,PEC(1),308,493.69,3/5/24,3/7/24,2,Pecan Haus,493.69,,,,,3/4/24,Website/Booking Engine,,Checked Out,,,,,,,,,,95,33.88,26.22,30.59,,,,,,,,,,,437,1,Direct,Pecan Haus,218
OLD CB,Adam McIntire,,,,,6.72E+12,,,,,,,,,N/A,221,0,2/27/24,2/28/24,1,Walnut House,384.55,,,,,2/21/24,Website/Booking Engine,,Cancelled,,,2/21/24,,,,,,,95,24.31,20.42,23.82,,,,,,,,,,,340,6,Direct,Walnut House,340
OLD CB,Amy Alonso,,,,,6.42E+12,,,,,,,,,N/A,472.34,0,3/12/24,3/13/24,1,Sage Safari,641.09,,,,,2/21/24,Airbnb (API),,Cancelled,,,2/22/24,,,,,,,95,,34.04,39.71,,,,,,,,,,,567,20,Airbnb,Sage Safari,567
OLD CB,Robin Anderson,,,,,2.00E+12,,,,,,,,,WAL(1),534,719.58,3/12/24,3/14/24,2,Walnut House,777.15,,,,,2/21/24,Website/Booking Engine,,Confirmed,,,,,,,,,,95,58.74,41.26,48.15,,,,,,,,,,,688,20,Direct,Walnut House,344
OLD CB,David Blount,,,,,2.15E+12,,,,,,,,,BUC(1),1014,1379.21,3/8/24,3/10/24,2,Buckeye Bungalow,1379.21,,,,,12/25/23,Website/Booking Engine,,Checked Out,,,,,,,,,,95,111.54,73.24,85.43,,,,,,,,,,,1221,74,Direct,Buckeye Bungalow,610
OLD CB,Nicholas Bagga,,,,,2.61E+11,,,,,,,,,WAL(1),1318,1672.48,3/8/24,3/10/24,2,Walnut House,1760.51,,,,,12/28/23,Website/Booking Engine,,Confirmed,,,,,,,,,,95,144.98,93.48,109.05,,,,,,,,,,,1558,71,Direct,Walnut House,779
OLD CB,Morgan Migues,,,,,3.77E+12,,,,,,,,,MON(1),1596.69,0,3/8/24,3/10/24,2,Monarch,1911.6,,,,,12/30/23,Airbnb (API),,Confirmed,,,,,,,,,,95,,101.5,118.41,,,,,,,,,,,1692,69,Airbnb,Monarch,846
OLD CB,Parker Butterworth,,,,,9.83E+11,,,,,,,,,CED(1),1064,2176.94,3/8/24,3/10/24,2,Cedar Haus,1441.93,,,,,1/13/24,Website/Booking Engine,,Checked Out,,,,,,,,,,95,117.04,76.56,89.33,,,,,,,,,,,1276,55,Direct,Cedar Haus,638
OLD CB,Dale Mohar,,,,,6.68E+12,,,,,,,,,SAF(1),2036,1862.78,3/8/24,3/10/24,2,Sage Safari,2661.11,,,,,1/26/24,Website/Booking Engine,,Confirmed,,,,,,,,,,95,223.96,141.3,164.85,,,,,,,,,,,2355,42,Direct,Sage Safari,1177
OLD CB,Holly Utke,,,,,3.11E+12,,,,,,,,,SPY(1),674,666.91,3/12/24,3/14/24,2,Spyglass,952.73,,,,,2/21/24,Website/Booking Engine,,Confirmed,,,,,,,,,,95,74.14,50.58,59.01,,,,,,,,,,,843,20,Direct,Spyglass,422
OLD CB,Catherine Cartie,,,,,9.38E+12,,,,,,,,,MON(1),868.97,0,3/12/24,3/14/24,2,Monarch,1089.28,,,,,2/21/24,Airbnb (API),,Confirmed,,,,,,,,,,95,,57.84,67.47,,,,,,,,,,,964,20,Airbnb,Monarch,482
OLD CB,Jessica Aranda-Walker,,,,,9.27E+12,,,,,,,,,JUN(1),1064,966.1,3/8/24,3/10/24,2,Juniper Haus,1441.93,,,,,3/6/24,Website/Booking Engine,,Checked Out,,,,,,,,,,95,117.04,76.56,89.33,,,,,,,,,,,1276,2,Direct,Juniper Haus,638
OLD CB,Nidia Bandstra,,,,,7.36E+12,,,,,,,,,COC(1),1279.16,0,3/9/24,3/11/24,2,Cocoon,1552.79,,,,,12/24/23,Airbnb (API),,Confirmed,,,,,,,,,,95,,82.44,96.19,,,,,,,,,,,1374,76,Airbnb,Cocoon,687
OLD CB,Leila Tirado-Smith,,,,,8.59E+12,,,,,,,,,OAK(1),1762,1622.19,3/9/24,3/11/24,2,Live Oak Lodge,2317.42,,,,,1/20/24,Website/Booking Engine,,Checked Out,,,,,,,,,,95,193.82,123.04,143.56,,,,,,,,,,,2051,49,Direct,Live Oak Lodge,1025
OLD CB,Monroe Garrison,,,,,6.03E+12,,,,,,,,,DOM(1),399,607.81,3/9/24,3/10/24,1,Lantana Dome,607.81,,,,,3/9/24,Website/Booking Engine,,Checked Out,,,,,,,,,,95,43.89,32.27,37.65,,,,,,,,,,,538,0,Direct,Lantana Dome,538
OLD CB,Rachel Stevenson,,,,,4.30E+12,,,,,,,,,PEC(1),1503,1793.3,3/10/24,3/14/24,4,Pecan Haus,1992.56,,,,,10/23/23,Website/Booking Engine,,Confirmed,,,,,,,,,,95,165.33,105.8,123.43,,,,,,,,,,,1763,139,Direct,Pecan Haus,441
OLD CB,Jesse Dean Shumway,,,,,5.59E+12,,,,,,,,,SAF(1),1088,1030.42,3/10/24,3/12/24,2,Sage Safari,1472.03,,,,,1/15/24,Website/Booking Engine,,Checked Out,,,,,,,,,,95,119.68,78.16,91.19,,,,,,,,,,,1303,55,Direct,Sage Safari,651
OLD CB,William Storms,,,,,2.38E+11,,,,,,,,,BUC(1),676,668.67,3/10/24,3/12/24,2,Buckeye Bungalow,955.25,,,,,1/25/24,Website/Booking Engine,,Checked Out,,,,,,,,,,95,74.36,50.72,59.17,,,,,,,,,,,845,45,Direct,Buckeye Bungalow,423
OLD CB,Bobby Austin,,,,,4.27E+12,,,,,,,,,SPY(1),3200,2884.78,3/25/24,3/30/24,5,Spyglass,4121.11,,,,,2/21/24,Website/Booking Engine,,Confirmed,,,,,,,,,,95,352,218.82,255.29,,,,,,,,,,,3647,33,Direct,Spyglass,729
OLD CB,Jamie Bettoney,,,,,2.05E+12,,,,,,,,,OAK(1),2098,2738.87,4/12/24,4/14/24,2,Live Oak Lodge,2738.87,,,,,2/21/24,Website/Booking Engine,,Checked Out,,,,,,,,,,95,230.78,145.42,169.67,,,,,,,,,,,2424,51,Direct,Live Oak Lodge,1212
OLD CB,Katherine Murphy,,,,,5.50E+11,,,,,,,,,JUN(1),248,418.42,3/10/24,3/11/24,1,Juniper Haus,418.42,,,,,3/4/24,Website/Booking Engine,,Checked Out,,,,,,,,,,95,27.28,22.22,25.92,,,,,,,,,,,370,6,Direct,Juniper Haus,370
OLD CB,Terris Tiller,,,,,4.65E+12,,,,,,,,,SPY(1),439,657.99,3/10/24,3/11/24,1,Spyglass,657.99,,,,,3/4/24,Website/Booking Engine,,Checked Out,,,,,,,,,,95,48.29,34.94,40.76,,,,,,,,,,,582,6,Direct,Spyglass,582
OLD CB,Florence Lane,,,,,4.22E+12,,,,,,,,,CED(1),248,418.42,3/10/24,3/11/24,1,Cedar Haus,418.42,,,,,3/5/24,Website/Booking Engine,,Checked Out,,,,,,,,,,95,27.28,22.22,25.92,,,,,,,,,,,370,5,Direct,Cedar Haus,370
OLD CB,Rachel Vasquez,,,,,3.37E+12,,,,,,,,,DOM(1),441,660.5,3/10/24,3/11/24,1,Lantana Dome,660.5,,,,,3/7/24,Website/Booking Engine,,Checked Out,,,,,,,,,,95,48.51,35.07,40.92,,,,,,,,,,,585,3,Direct,Lantana Dome,585
OLD CB,Joseph Oliviet,,,,,2.65E+12,,,,,,,,,OAK(1),1060,1365.06,3/11/24,3/13/24,2,Live Oak Lodge,1436.91,,,,,1/17/24,Website/Booking Engine,,Confirmed,,,,,,,,,,95,116.6,76.3,89.01,,,,,,,,,,,1272,54,Direct,Live Oak Lodge,636
OLD CB,Irisa Tsai,,,,,2.41E+12,,,,,,,,,N/A,448,0,3/11/24,3/13/24,2,Cedar Haus,669.27,,,,,1/28/24,Website/Booking Engine,,Cancelled,,,2/12/24,,,,,,,95,49.28,35.54,41.45,,,,,,,,,,,592,43,Direct,Cedar Haus,296
OLD CB,David Maliglowka,,,,,5.76E+12,,,,,,,,,MON(1),368.38,0,2/22/24,2/23/24,1,Monarch,523.62,,,,,2/22/24,Airbnb (API),,Confirmed,,,,,,,,,,95,,27.8,32.44,,,,,,,,,,,463,0,Airbnb,Monarch,463
OLD CB,Forrest Hunt,,,,,3.94E+12,,,,,,,,,PEC(1),184,236.7,2/28/24,2/29/24,1,Pecan Haus,338.14,,,,,2/22/24,Website/Booking Engine,,Confirmed,,,,,,,,,,95,20.24,17.95,20.95,,,,,,,,,,,299,6,Direct,Pecan Haus,299
OLD CB,Victoria Garza,,,,,6.60E+12,,,,,,,,,N/A,221,0,2/26/24,2/27/24,1,Walnut House,384.55,,,,,2/22/24,Website/Booking Engine,,Cancelled,,,2/23/24,,,,,,,95,24.31,20.42,23.82,,,,,,,,,,,340,4,Direct,Walnut House,340
OLD CB,Reginald Peterson,,,,,4.20E+12,,,,,,,,,CED(1),672,950.23,3/11/24,3/14/24,3,Cedar Haus,950.23,,,,,3/1/24,Website/Booking Engine,,Checked Out,,,,,,,,,,95,73.92,50.46,58.85,,,,,,,,,,,841,10,Direct,Cedar Haus,280
OLD CB,Victoria Garza,,,,,4.49E+11,,,,,,,,,N/A,221,0,2/26/24,2/27/24,1,Walnut House,384.55,,,,,2/22/24,Website/Booking Engine,,Cancelled,,,2/23/24,,,,,,,95,24.31,20.42,23.82,,,,,,,,,,,340,4,Direct,Walnut House,340
OLD CB,Victoria Garza,,,,,3.49E+12,,,,,,,,,N/A,221,0,2/26/24,2/27/24,1,Walnut House,384.55,,,,,2/22/24,Website/Booking Engine,,Cancelled,,,2/23/24,,,,,,,95,24.31,20.42,23.82,,,,,,,,,,,340,4,Direct,Walnut House,340
OLD CB,Victoria Garza,,,,,6.22E+12,,,,,,,,,N/A,221,0,2/26/24,2/27/24,1,Walnut House,384.55,,,,,2/22/24,Website/Booking Engine,,Cancelled,,,2/23/24,,,,,,,95,24.31,20.42,23.82,,,,,,,,,,,340,4,Direct,Walnut House,340
OLD CB,Laura Fink,,,,,6.25E+12,,,,,,,,,N/A,421.49,0,3/5/24,3/6/24,1,Spyglass,583.63,,,,,2/22/24,Airbnb (API),,Cancelled,,,2/28/24,,,,,,,95,,30.99,36.15,,,,,,,,,,,516,12,Airbnb,Spyglass,516
OLD CB,Nancy Bryant,,,,,1.00E+12,,,,,,,,,SAF(1),472.34,0,3/12/24,3/13/24,1,Sage Safari,641.09,,,,,2/22/24,Airbnb (API),,Confirmed,,,,,,,,,,95,,34.04,39.71,,,,,,,,,,,567,19,Airbnb,Sage Safari,567
OLD CB,Jae Hun Jung,,,,,9.32E+12,,,,,,,,,COC(1),267,442.25,3/13/24,3/14/24,1,Cocoon,442.25,,,,,2/22/24,Website/Booking Engine,,Checked Out,,,,,,,,,,95,29.37,23.48,27.4,,,,,,,,,,,391,20,Direct,Cocoon,391
OLD CB,Heather Swanberg,,,,,5.54E+12,,,,,,,,,BUC(1),534,777.15,3/12/24,3/14/24,2,Buckeye Bungalow,777.15,,,,,3/1/24,Website/Booking Engine,,Checked Out,,,,,,,,,,95,58.74,41.26,48.15,,,,,,,,,,,688,11,Direct,Buckeye Bungalow,344
OLD CB,James Spiro,,,,,3.60E+12,,,,,,,,,N/A,2693,0,3/13/24,3/17/24,4,Cocoon,3485.15,,,,,1/17/24,Website/Booking Engine,,Cancelled,,,2/10/24,,,,,,,95,296.23,185.04,215.88,,,,,,,,,,,3084,56,Direct,Cocoon,771
OLD CB,James Spiro,,,,,7.84E+12,,,,,,,,,N/A,2693,0,3/13/24,3/17/24,4,Cocoon,3485.15,,,,,1/17/24,Website/Booking Engine,,Cancelled,,,1/17/24,,,,,,,95,296.23,185.04,215.88,,,,,,,,,,,3084,56,Direct,Cocoon,771
OLD CB,Paul San Valentin,,,,,7.34E+11,,,,,,,,,N/A,2025,0,3/13/24,3/16/24,3,Sage Safari,2647.3,,,,,1/30/24,Website/Booking Engine,,Cancelled,,,2/12/24,,,,,,,95,222.75,140.56,163.99,,,,,,,,,,,2343,43,Direct,Sage Safari,781
OLD CB,Laura Guidry,,,,,9.79E+10,,,,,,,,,OAK(1),2400,2805.91,3/13/24,3/16/24,3,Live Oak Lodge,3117.67,,,,,1/30/24,Website/Booking Engine,,Confirmed,,,,,,,,,,95,264,165.54,193.13,,,,,,,,,,,2759,43,Direct,Live Oak Lodge,920
OLD CB,Vanessa Neale,,,,,4.55E+12,,,,,,,,,WAL(1),1858,1706.48,3/15/24,3/17/24,2,Walnut House,2437.83,,,,,2/22/24,Website/Booking Engine,,Confirmed,,,,,,,,,,95,204.38,129.44,151.01,,,,,,,,,,,2157,22,Direct,Walnut House,1079
OLD CB,Tyler Geosano,,,,,2.66E+11,,,,,,,,,DOM(1),1946,1783.75,3/15/24,3/17/24,2,Lantana Dome,2548.21,,,,,2/22/24,Website/Booking Engine,,Confirmed,,,,,,,,,,95,214.06,135.3,157.85,,,,,,,,,,,2255,22,Direct,Lantana Dome,1128
OLD CB,Molly Kemp,,,,,3.00E+12,,,,,,,,,JUN(1),501,735.75,3/13/24,3/15/24,2,Juniper Haus,735.75,,,,,3/5/24,Website/Booking Engine,,Checked Out,,,,,,,,,,95,55.11,39.07,45.57,,,,,,,,,,,651,8,Direct,Juniper Haus,326
OLD CB,Scott Oesterreicher,,,,,8.09E+12,,,,,,,,,BUC(1),666,659.9,3/18/24,3/20/24,2,Buckeye Bungalow,942.71,,,,,2/22/24,Website/Booking Engine,,Confirmed,,,,,,,,,,95,73.26,50.06,58.39,,,,,,,,,,,834,25,Direct,Buckeye Bungalow,417
OLD CB,Michael Collard,,,,,3.25E+12,,,,,,,,,BUC(1),328.83,0,3/27/24,3/28/24,1,Buckeye Bungalow,478.93,,,,,2/22/24,Airbnb (API),,Confirmed,,,,,,,,,,95,,25.43,29.67,,,,,,,,,,,424,34,Airbnb,Buckeye Bungalow,424
OLD CB,Chelsie Gustafson,,,,,3.74E+12,,,,,,,,,DOM(1),998,1359.13,2/24/24,2/26/24,2,Lantana Dome,1359.13,,,,,2/23/24,Website/Booking Engine,,Checked Out,,,,,,,,,,95,109.78,72.16,84.19,,,,,,,,,,,1203,1,Direct,Lantana Dome,601
OLD CB,Hillary Higgins,,,,,2.44E+12,,,,,,,,,CED(1),277,454.79,3/14/24,3/15/24,1,Cedar Haus,454.79,,,,,3/1/24,Website/Booking Engine,,Checked Out,,,,,,,,,,95,30.47,24.15,28.17,,,,,,,,,,,402,13,Direct,Cedar Haus,402
OLD CB,Molly Kemp,,,,,6.93E+12,,,,,,,,,WAL(1),514,752.06,3/14/24,3/15/24,1,Walnut House,752.06,,,,,3/5/24,Website/Booking Engine,,Checked Out,,,,,,,,,,95,56.54,39.93,46.59,,,,,,,,,,,666,9,Direct,Walnut House,666
OLD CB,Mark Schoenbeck,,,,,9.21E+12,,,,,,,,,N/A,538,687.16,3/14/24,3/15/24,1,Lantana Dome,782.16,,,,,3/8/24,Website/Booking Engine,,No Show,,,,,,,,,,95,59.18,41.53,48.45,,,,,,,,,,,692,6,Direct,Lantana Dome,692
OLD CB,Elye Martinez,,,,,5.05E+12,,,,,,,,,COC(1),576.3,0,3/14/24,3/15/24,1,Cocoon,758.57,,,,,3/11/24,Airbnb (API),,Confirmed,,,,,,,,,,95,,40.28,46.99,,,,,,,,,,,671,3,Airbnb,Cocoon,671
OLD CB,Rosi Paterno,,,,,3.38E+12,,,,,,,,,BUC(1),432,649.21,3/14/24,3/15/24,1,Buckeye Bungalow,649.21,,,,,3/12/24,Website/Booking Engine,,Checked Out,,,,,,,,,,95,47.52,34.47,40.22,,,,,,,,,,,575,2,Direct,Buckeye Bungalow,575
OLD CB,Daniel Rigney,,,,,2.84E+12,,,,,,,,,PEC(1),420.36,0,3/14/24,3/15/24,1,Pecan Haus,582.36,,,,,3/14/24,Airbnb (API),,Confirmed,,,,,,,,,,95,,30.92,36.08,,,,,,,,,,,515,0,Airbnb,Pecan Haus,515
OLD CB,Lauren Brown,,,,,5.98E+12,,,,,,,,,N/A,2206.89,0,3/15/24,3/17/24,2,Monarch,2601.14,,,,,1/16/24,Airbnb (API),,Cancelled,,,2/11/24,,,,,,,95,,138.12,161.13,,,,,,,,,,,2302,59,Airbnb,Monarch,1151
OLD CB,Heather Hawkins,,,,,7.56E+12,,,,,,,,,N/A,2798,-25,3/15/24,3/17/24,2,Sage Safari,3616.87,,,,,1/20/24,Website/Booking Engine,,Cancelled,,,3/14/24,,,,,,,95,307.78,192.04,224.05,,,,,,,,,,,3201,55,Direct,Sage Safari,1600
OLD CB,Ross Cooper,,,,,7.88E+12,,,,,,,,,WAL(1),221,384.55,2/27/24,2/28/24,1,Walnut House,384.55,,,,,2/23/24,Website/Booking Engine,,Checked Out,,,,,,,,,,95,24.31,20.42,23.82,,,,,,,,,,,340,4,Direct,Walnut House,340
OLD CB,Isaac Salgado,,,,,1.26E+12,,,,,,,,,CED(1),760,1060.63,3/1/24,3/3/24,2,Cedar Haus,1060.63,,,,,2/24/24,Website/Booking Engine,,Checked Out,,,,,,,,,,95,83.6,56.32,65.71,,,,,,,,,,,939,6,Direct,Cedar Haus,469
OLD CB,Bryan Duarte,,,,,3.63E+12,,,,,,,,,COC(1),392,599.03,3/4/24,3/5/24,1,Cocoon,599.04,,,,,2/24/24,Website/Booking Engine,,Checked Out,,,,,,,,,,95,43.12,31.81,37.11,,,,,,,,,,,530,9,Direct,Cocoon,530
OLD CB,Kasey Johnson,,,,,1.96E+12,,,,,,,,,MON(1),566,408.65,3/5/24,3/7/24,2,Monarch,817.29,,,,,2/24/24,Website/Booking Engine,,Checked Out,,,,,,,,,,95,62.26,43.4,50.63,,,,,,,,,,,723,10,Direct,Monarch,362
OLD CB,Laura Eastep,,,,,3.06E+12,,,,,,,,,COC(1),2344,3047.43,3/15/24,3/17/24,2,Cocoon,3047.43,,,,,3/5/24,Website/Booking Engine,,Checked Out,,,,,,,,,,95,257.84,161.82,188.77,,,,,,,,,,,2697,10,Direct,Cocoon,1348
OLD CB,Mike Loughnan,,,,,7.61E+12,,,,,,,,,CED(1),501,729.17,3/15/24,3/16/24,1,Cedar Haus,735.76,,,,,3/12/24,Website/Booking Engine,,Confirmed,,,,,,,,,,95,55.11,39.07,45.58,,,,,,,,,,,651,3,Direct,Cedar Haus,651
OLD CB,Thomas Williams,,,,,5.08E+12,,,,,,,,,BUC(1),981,1337.82,3/15/24,3/17/24,2,Buckeye Bungalow,1337.82,,,,,3/14/24,Website/Booking Engine,,Checked Out,,,,,,,,,,95,107.91,71.04,82.87,,,,,,,,,,,1184,1,Direct,Buckeye Bungalow,592
OLD CB,Angela Ebrahimi,,,,,5.01E+12,,,,,,,,,SAF(1),266.68,0,3/15/24,3/16/24,1,Sage Safari,408.7,,,,,3/15/24,Airbnb (API),,Confirmed,,,,,,,,,,95,,21.7,25.32,,,,,,,,,,,362,0,Airbnb,Sage Safari,362
OLD CB,Ricardo Montes,,,,,7.06E+11,,,,,,,,,PEC(1),807,1119.58,3/16/24,3/18/24,2,Pecan Haus,1119.58,,,,,3/6/24,Website/Booking Engine,,Checked Out,,,,,,,,,,95,88.77,59.45,69.36,,,,,,,,,,,991,10,Direct,Pecan Haus,495
OLD CB,Ashley Welch,,,,,3.71E+12,,,,,,,,,SPY(1),1874.67,0,3/16/24,3/18/24,2,Spyglass,2225.72,,,,,3/13/24,Airbnb (API),,Confirmed,,,,,,,,,,95,,118.18,137.87,,,,,,,,,,,1970,3,Airbnb,Spyglass,985
OLD CB,Olga Deleon,,,,,1.25E+10,,,,,,,,,CED(1),366.12,0,3/16/24,3/17/24,1,Cedar Haus,521.07,,,,,3/16/24,Airbnb (API),,Confirmed,,,,,,,,,,95,,27.67,32.28,,,,,,,,,,,461,0,Airbnb,Cedar Haus,461
OLD CB,Norgi Reyes,,,,,9.78E+12,,,,,,,,,CED(1),275.4,226.39,3/17/24,3/18/24,1,Cedar Haus (JASMINE PROMO),452.78,,,,,3/3/24,Website/Booking Engine,,Checked Out,,,,,,,,,,95,30.29,24.04,28.05,,,,,,,,,,,401,14,Direct,Cedar Haus,401
OLD CB,Tessa Daughtrey,,,,,7.39E+12,,,,,,,,,MON(1),526.58,0,3/17/24,3/18/24,1,Monarch,702.38,,,,,3/6/24,Airbnb (API),,Confirmed,,,,,,,,,,95,,37.29,43.51,,,,,,,,,,,622,11,Airbnb,Monarch,622
OLD CB,Charles Wiederhold,,,,,2.07E+12,,,,,,,,,DOM(1),377.42,0,3/17/24,3/18/24,1,Lantana Dome,533.84,,,,,3/10/24,Airbnb (API),,Confirmed,,,,,,,,,,95,,28.35,33.07,,,,,,,,,,,472,7,Airbnb,Lantana Dome,472
OLD CB,Julianpaul Contreras,,,,,3.40E+12,,,,,,,,,JUN(1),189,344.42,3/17/24,3/18/24,1,Juniper Haus,344.42,,,,,3/11/24,Website/Booking Engine,,Checked Out,,,,,,,,,,95,20.79,18.29,21.34,,,,,,,,,,,305,6,Direct,Juniper Haus,305
OLD CB,Yolanda Urrabazo,,,,,3.06E+12,,,,,,,,,COC(1),377.42,0,3/17/24,3/18/24,1,Cocoon,533.84,,,,,3/14/24,Airbnb (API),,Confirmed,,,,,,,,,,95,,28.35,33.07,,,,,,,,,,,472,3,Airbnb,Cocoon,472
OLD CB,Antonio Juarez,,,,,3.31E+12,,,,,,,,,SAF(1),388.72,0,3/17/24,3/18/24,1,Sage Safari,546.6,,,,,3/14/24,Airbnb (API),,Confirmed,,,,,,,,,,95,,29.02,33.86,,,,,,,,,,,484,3,Airbnb,Sage Safari,484
OLD CB,Linh Le ( Ashley),,,,,9.15E+11,,,,,,,,,WAL(1),259,556.08,3/17/24,3/18/24,1,Walnut House,432.21,,,,,3/14/24,Website/Booking Engine,,Checked Out,,,,,,,,,,95,28.49,22.95,26.77,,,,,,,,,,,382,3,Direct,Walnut House,382
OLD CB,Saad Sheikh,,,,,5.10E+12,,,,,,,,,BUC(1),382,586.49,3/17/24,3/18/24,1,Buckeye Bungalow,586.49,,,,,3/16/24,Website/Booking Engine,,Checked Out,,,,,,,,,,95,42.02,31.14,36.33,,,,,,,,,,,519,1,Direct,Buckeye Bungalow,519
OLD CB,Sydney Rangel,,,,,4.55E+12,,,,,,,,,COC(1),1631,1507.18,3/18/24,3/22/24,4,Cocoon,2153.11,,,,,11/27/23,Website/Booking Engine,,Confirmed,,,,,,,,,,95,179.41,114.33,133.37,,,,,,,,,,,1905,112,Direct,Cocoon,476
OLD CB,Alexa Archuleta,,,,,6.11E+12,,,,,,,,,PEC(1),1309.67,0,3/8/24,3/10/24,2,Pecan Haus,1587.28,,,,,2/24/24,Airbnb (API),,Confirmed,,,,,,,,,,95,,84.28,98.33,,,,,,,,,,,1405,13,Airbnb,Pecan Haus,702
OLD CB,Vicki Barber,,,,,9.80E+12,,,,,,,,,MON(1),1153.73,0,3/24/24,3/26/24,2,Monarch,1411.06,,,,,2/24/24,Airbnb (API),,Confirmed,,,,,,,,,,95,,74.92,87.41,,,,,,,,,,,1249,29,Airbnb,Monarch,624
OLD CB,Anna Maysonet,,,,,5.05E+12,,,,,,,,,MON(1),964,1316.49,3/18/24,3/20/24,2,Monarch,1316.49,,,,,3/2/24,Website/Booking Engine,,Checked Out,,,,,,,,,,95,106.04,69.9,81.55,,,,,,,,,,,1165,16,Direct,Monarch,583
OLD CB,Kathleen Coming,,,,,3.17E+12,,,,,,,,,PEC(1),378,581.49,3/18/24,3/20/24,2,Pecan Haus,581.49,,,,,3/7/24,Website/Booking Engine,,Checked Out,,,,,,,,,,95,41.58,30.88,36.03,,,,,,,,,,,515,11,Direct,Pecan Haus,257
OLD CB,Erika Pelaez,,,,,5.51E+12,,,,,,,,,OAK(1),613.59,0,3/18/24,3/20/24,2,Live Oak Lodge,800.72,,,,,3/17/24,Airbnb (API),,Confirmed,,,,,,,,,,95,,42.52,49.61,,,,,,,,,,,709,1,Airbnb,Live Oak Lodge,354
OLD CB,Michael Belgard,,,,,7.64E+12,,,,,,,,,DOM(1),1139,1536.01,3/19/24,3/22/24,3,Lantana Dome,1536.01,,,,,3/6/24,Website/Booking Engine,,Checked Out,,,,,,,,,,95,125.29,81.56,95.16,,,,,,,,,,,1359,13,Direct,Lantana Dome,453
OLD CB,Juan Morales,,,,,9.65E+12,,,,,,,,,CED(1),189,344.42,3/19/24,3/20/24,1,Cedar Haus,344.42,,,,,3/9/24,Website/Booking Engine,,Checked Out,,,,,,,,,,95,20.79,18.29,21.34,,,,,,,,,,,305,10,Direct,Cedar Haus,305
OLD CB,Carley Frost,,,,,2.77E+12,,,,,,,,,JUN(1),378,581.49,3/19/24,3/21/24,2,Juniper Haus,581.49,,,,,3/12/24,Website/Booking Engine,,Checked Out,,,,,,,,,,95,41.58,30.88,36.03,,,,,,,,,,,515,7,Direct,Juniper Haus,257
OLD CB,barbara zelaya,,,,,8.02E+12,,,,,,,,,WAL(1),219,382.05,3/19/24,3/20/24,1,Walnut House,382.05,,,,,3/18/24,Website/Booking Engine,,Checked Out,,,,,,,,,,95,24.09,20.29,23.67,,,,,,,,,,,338,1,Direct,Walnut House,338
OLD CB,Lynne Hester,,,,,4.42E+12,,,,,,,,,N/A,994,0,3/20/24,3/22/24,2,Juniper Haus,1354.12,,,,,1/26/24,Website/Booking Engine,,Cancelled,,,2/21/24,,,,,,,95,109.34,71.9,83.88,,,,,,,,,,,1198,54,Direct,Juniper Haus,599
OLD CB,Natalie Pace,,,,,6.42E+12,,,,,,,,,MON(1),1483.69,0,3/26/24,3/29/24,3,Monarch,1783.91,,,,,2/24/24,Airbnb (API),,Confirmed,,,,,,,,,,95,,94.71,110.51,,,,,,,,,,,1579,31,Airbnb,Monarch,526
OLD CB,David Hobbs,,,,,9.52E+11,,,,,,,,,BUC(1),337.87,0,2/27/24,2/28/24,1,Buckeye Bungalow,489.14,,,,,2/25/24,Airbnb (API),,Confirmed,,,,,,,,,,95,,25.97,30.3,,,,,,,,,,,433,2,Airbnb,Buckeye Bungalow,433
OLD CB,Jennifer Harrison,,,,,1.52E+12,,,,,,,,,BUC(1),216,378.28,3/20/24,3/21/24,1,Buckeye Bungalow,378.28,,,,,3/14/24,Website/Booking Engine,,Checked Out,,,,,,,,,,95,23.76,20.09,23.43,,,,,,,,,,,335,6,Direct,Buckeye Bungalow,335
OLD CB,abraham Kahsay,,,,,7.58E+12,,,,,,,,,SAF(1),313,499.95,3/20/24,3/21/24,1,Sage Safari,499.95,,,,,3/16/24,Website/Booking Engine,,Checked Out,,,,,,,,,,95,34.43,26.55,30.97,,,,,,,,,,,442,4,Direct,Sage Safari,442
OLD CB,Briana Herrera,,,,,5.82E+12,,,,,,,,,PEC(1),189,344.42,3/20/24,3/21/24,1,Pecan Haus,344.42,,,,,3/17/24,Website/Booking Engine,,Checked Out,,,,,,,,,,95,20.79,18.29,21.34,,,,,,,,,,,305,3,Direct,Pecan Haus,305
OLD CB,Eliza Duncan,,,,,1.63E+12,,,,,,,,,BUC(1),1498,1390.4,3/21/24,3/24/24,3,Buckeye Bungalow,1986.28,,,,,11/28/23,Website/Booking Engine,,Confirmed,,,,,,,,,,95,164.78,105.46,123.04,,,,,,,,,,,1758,114,Direct,Buckeye Bungalow,586
OLD CB,Krystina Parker,,,,,4.34E+12,,,,,,,,,N/A,1895,0,3/21/24,3/24/24,3,Live Oak Lodge,2484.26,,,,,12/17/23,Website/Booking Engine,,Cancelled,,,2/10/24,,,,,,,95,208.45,131.91,153.9,,,,,,,,,,,2198,95,Direct,Live Oak Lodge,733
OLD CB,Andrew Melrose,,,,,7.60E+12,,,,,,,,,OAK(1),321,509.98,3/21/24,3/22/24,1,Live Oak Lodge,509.98,,,,,3/8/24,Website/Booking Engine,,Checked Out,,,,,,,,,,95,35.31,27.08,31.59,,,,,,,,,,,451,13,Direct,Live Oak Lodge,451
OLD CB,Bryce Simpkins,,,,,5.57E+12,,,,,,,,,PEC(1),711,999.16,3/21/24,3/23/24,2,Pecan Haus,999.16,,,,,3/14/24,Website/Booking Engine,,Checked Out,,,,,,,,,,95,78.21,53.05,61.9,,,,,,,,,,,884,7,Direct,Pecan Haus,442
OLD CB,Emmanuel Obaisi,,,,,7.50E+12,,,,,,,,,MON(1),2357,3063.74,3/21/24,3/24/24,3,Monarch,3063.74,,,,,3/14/24,Website/Booking Engine,,Checked Out,,,,,,,,,,95,259.27,162.68,189.79,,,,,,,,,,,2711,7,Direct,Monarch,904
OLD CB,Michael Hurley,,,,,4.14E+12,,,,,,,,,SAF(1),375,577.72,3/21/24,3/22/24,1,Sage Safari,577.72,,,,,3/18/24,Website/Booking Engine,,Checked Out,,,,,,,,,,95,41.25,30.68,35.79,,,,,,,,,,,511,3,Direct,Sage Safari,511
OLD CB,Briana Godbey,,,,,1.38E+12,,,,,,,,,WAL(1),2228,2031.35,3/22/24,3/24/24,2,Walnut House,2901.93,,,,,1/30/24,Website/Booking Engine,,Confirmed,,,,,,,,,,95,245.08,154.08,179.77,,,,,,,,,,,2568,52,Direct,Walnut House,1284
OLD CB,JK Dawson,,,,,7.90E+12,,,,,,,,,WAL(1),218,380.79,2/25/24,2/26/24,1,Walnut House,380.79,,,,,2/25/24,Website/Booking Engine,,Checked Out,,,,,,,,,,95,23.98,20.22,23.59,,,,,,,,,,,337,0,Direct,Walnut House,337
OLD CB,Nicholas Zissis,,,,,3.86E+12,,,,,,,,,SPY(1),1800,2365.09,3/22/24,3/24/24,2,Spyglass,2365.09,,,,,3/6/24,Website/Booking Engine,,Checked Out,,,,,,,,,,95,198,125.58,146.51,,,,,,,,,,,2093,16,Direct,Spyglass,1047
OLD CB,Stephanie Huntley,,,,,6.33E+12,,,,,,,,,OAK(1),968.41,0,3/22/24,3/24/24,2,Live Oak Lodge,1201.64,,,,,3/7/24,Airbnb (API),,Confirmed,,,,,,,,,,95,,63.8,74.43,,,,,,,,,,,1063,15,Airbnb,Live Oak Lodge,532
OLD CB,Ben Stark,,,,,9.91E+12,,,,,,,,,SAF(1),1236,1657.67,3/22/24,3/24/24,2,Sage Safari,1657.67,,,,,3/7/24,Website/Booking Engine,,Checked Out,,,,,,,,,,95,135.96,88.02,102.69,,,,,,,,,,,1467,15,Direct,Sage Safari,733
OLD CB,Craig Ramsey,,,,,8.96E+12,,,,,,,,,CED(1),776,1080.69,3/22/24,3/24/24,2,Cedar Haus,1080.69,,,,,3/8/24,Website/Booking Engine,,Checked Out,,,,,,,,,,95,85.36,57.38,66.95,,,,,,,,,,,956,14,Direct,Cedar Haus,478
OLD CB,Ana Esquivel,,,,,1.07E+12,,,,,,,,,JUN(1),776,1080.69,3/22/24,3/24/24,2,Juniper Haus,1080.69,,,,,3/14/24,Website/Booking Engine,,Checked Out,,,,,,,,,,95,85.36,57.38,66.95,,,,,,,,,,,956,8,Direct,Juniper Haus,478
OLD CB,Roxanna Delgado,,,,,8.04E+12,,,,,,,,,COC(1),1018,1384.23,3/22/24,3/24/24,2,Cocoon,1384.23,,,,,3/18/24,Website/Booking Engine,,Checked Out,,,,,,,,,,95,111.98,73.5,85.75,,,,,,,,,,,1225,4,Direct,Cocoon,612
OLD CB,Abigail Martinez,,,,,8.97E+12,,,,,,,,,PEC(1),388,297.01,3/23/24,3/24/24,1,Pecan Haus,594.02,,,,,3/17/24,Website/Booking Engine,,Checked Out,,,,,,,,,,95,42.68,31.54,36.8,,,,,,,,,,,526,6,Direct,Pecan Haus,526
OLD CB,Mary Jane Rojas,,,,,5.71E+12,,,,,,,,,DOM(1),1171,1576.13,3/23/24,3/25/24,2,Lantana Dome,1576.13,,,,,3/18/24,Website/Booking Engine,,Checked Out,,,,,,,,,,95,128.81,83.68,97.64,,,,,,,,,,,1395,5,Direct,Lantana Dome,697
OLD CB,Ross Cooper,,,,,2.97E+11,,,,,,,,,WAL(1),221,384.55,2/28/24,2/29/24,1,Walnut House,384.55,,,,,2/25/24,Website/Booking Engine,,Checked Out,,,,,,,,,,95,24.31,20.42,23.82,,,,,,,,,,,340,3,Direct,Walnut House,340
OLD CB,Anthony Ciccarelli,,,,,5.95E+12,,,,,,,,,BUC(1),641.84,0,3/24/24,3/26/24,2,Buckeye Bungalow,832.63,,,,,3/6/24,Airbnb (API),,Confirmed,,,,,,,,,,95,,44.22,51.57,,,,,,,,,,,737,18,Airbnb,Buckeye Bungalow,368
OLD CB,Jack Steele,,,,,5.19E+12,,,,,,,,,SPY(1),416.97,0,3/24/24,3/25/24,1,Spyglass,578.53,,,,,3/8/24,Airbnb (API),,Confirmed,,,,,,,,,,95,,30.72,35.84,,,,,,,,,,,512,16,Airbnb,Spyglass,512
OLD CB,Rutuja Phutane,,,,,5.75E+12,,,,,,,,,OAK(1),433.92,0,3/24/24,3/25/24,1,Live Oak Lodge,597.68,,,,,3/9/24,Airbnb (API),,Confirmed,,,,,,,,,,95,,31.74,37.02,,,,,,,,,,,529,15,Airbnb,Live Oak Lodge,529
OLD CB,Kharlla Arcega,,,,,5.30E+12,,,,,,,,,WAL(1),1231,1236.4,3/24/24,3/28/24,4,Walnut House,1651.4,,,,,3/10/24,Website/Booking Engine,,Checked Out,,,,,,,,,,95,135.41,87.69,102.3,,,,,,,,,,,1461,14,Direct,Walnut House,365
OLD CB,Venetia Coates,,,,,6.71E+12,,,,,,,,,PEC(1),315,502.46,3/24/24,3/25/24,1,Pecan Haus,502.46,,,,,3/14/24,Website/Booking Engine,,Checked Out,,,,,,,,,,95,34.65,26.68,31.13,,,,,,,,,,,445,10,Direct,Pecan Haus,445
OLD CB,Nicholas Corea,,,,,7.83E+11,,,,,,,,,JUN(1),199,356.95,3/24/24,3/25/24,1,Juniper Haus,356.95,,,,,3/19/24,Website/Booking Engine,,Checked Out,,,,,,,,,,95,21.89,18.95,22.11,,,,,,,,,,,316,5,Direct,Juniper Haus,316
OLD CB,Broderic Bean,,,,,4.34E+12,,,,,,,,,SAF(1),889,611.21,3/24/24,3/26/24,2,Sage Safari,1222.42,,,,,3/19/24,Website/Booking Engine,,Checked Out,,,,,,,,,,95,97.79,64.91,75.72,,,,,,,,,,,1082,5,Direct,Sage Safari,541
OLD CB,Mario Flores,,,,,9.76E+12,,,,,,,,,CED(1),199,361.45,3/24/24,3/25/24,1,Cedar Haus,361.45,,,,,3/20/24,Website/Booking Engine,,Checked Out,,,,,,,,,,95,25.87,19.19,22.39,,,,,,,,,,,320,4,Direct,Cedar Haus,320
OLD CB,Casey Shilling,,,,,1.58E+12,,,,,,,,,OAK(1),457,680.57,3/20/24,3/21/24,1,Live Oak Lodge,680.57,,,,,2/25/24,Website/Booking Engine,,Checked Out,,,,,,,,,,95,50.27,36.14,42.16,,,,,,,,,,,602,24,Direct,Live Oak Lodge,602
OLD CB,Colleen Divora,,,,,8.66E+12,,,,,,,,,OAK(1),366,566.43,3/25/24,3/26/24,1,Live Oak Lodge,566.43,,,,,3/2/24,Website/Booking Engine,,Checked Out,,,,,,,,,,95,40.26,30.08,35.09,,,,,,,,,,,501,23,Direct,Live Oak Lodge,501
OLD CB,Laura Aguilar,,,,,8.69E+12,,,,,,,,,JUN(1),811.34,0,3/25/24,3/28/24,3,Juniper Haus,1024.17,,,,,3/4/24,Airbnb (API),,Confirmed,,,,,,,,,,95,,54.39,63.44,,,,,,,,,,,906,21,Airbnb,Juniper Haus,302
OLD CB,Maria Torres,,,,,4.95E+12,,,,,,,,,DOM(1),635,268.84,3/25/24,3/27/24,2,Lantana Dome,903.84,,,,,3/7/24,Website/Booking Engine,,Checked Out,,,,,,,,,,95,69.85,48,55.99,,,,,,,,,,,800,18,Direct,Lantana Dome,400
OLD CB,Juan Saucedo,,,,,3.01E+12,,,,,,,,,COC(1),850.89,0,3/25/24,3/28/24,3,Cocoon,1068.85,,,,,3/11/24,Airbnb (API),,Confirmed,,,,,,,,,,95,,56.76,66.2,,,,,,,,,,,946,14,Airbnb,Cocoon,315
OLD CB,Lorvena Dorvilus,,,,,3.24E+12,,,,,,,,,PEC(1),623,888.78,3/25/24,3/28/24,3,Pecan Haus,888.78,,,,,3/12/24,Website/Booking Engine,,Checked Out,,,,,,,,,,95,68.53,47.19,55.06,,,,,,,,,,,787,13,Direct,Pecan Haus,262
OLD CB,Heather Frinks,,,,,1.26E+12,,,,,,,,,CED(1),213,187.26,3/25/24,3/26/24,1,Cedar Haus,374.52,,,,,3/15/24,Website/Booking Engine,,Checked Out,,,,,,,,,,95,23.43,19.89,23.2,,,,,,,,,,,331,10,Direct,Cedar Haus,331
OLD CB,Will Sherman,,,,,7.80E+12,,,,,,,,,MON(1),1237.35,0,4/23/24,4/25/24,2,Monarch,1505.56,,,,,2/25/24,Airbnb (API),,Confirmed,,,,,,,,,,95,,79.94,93.27,,,,,,,,,,,1332,58,Airbnb,Monarch,666
OLD CB,Andrew Sisneros,,,,,4.84E+11,,,,,,,,,BUC(1),328.83,0,3/26/24,3/27/24,1,Buckeye Bungalow,478.93,,,,,3/6/24,Airbnb (API),,Confirmed,,,,,,,,,,95,,25.43,29.67,,,,,,,,,,,424,20,Airbnb,Buckeye Bungalow,424
OLD CB,Anastasia Martin,,,,,4.34E+12,,,,,,,,,OAK(1),269,222.38,3/26/24,3/27/24,1,Live Oak Lodge,444.76,,,,,3/8/24,Website/Booking Engine,,Checked Out,,,,,,,,,,95,29.59,23.62,27.55,,,,,,,,,,,394,18,Direct,Live Oak Lodge,394
OLD CB,Timothy Doyle,,,,,9.60E+12,,,,,,,,,SAF(1),566,817.29,3/26/24,3/28/24,2,Sage Safari,817.29,,,,,3/12/24,Website/Booking Engine,,Checked Out,,,,,,,,,,95,62.26,43.4,50.63,,,,,,,,,,,723,14,Direct,Sage Safari,362
OLD CB,Lauren Sawyer,,,,,2.45E+12,,,,,,,,,SPY(1),1334.53,0,2/29/24,3/3/24,3,Spyglass,1615.37,,,,,2/26/24,Airbnb (API),,Confirmed,,,,,,,,,,95,,85.77,100.07,,,,,,,,,,,1430,3,Airbnb,Spyglass,477
OLD CB,Tim Seifert,,,,,5.98E+12,,,,,,,,,"SAF(1), BUC(1)",425,747.78,2/26/24,2/28/24,2,"Sage Safari, Buckeye Bungalow",747.78,,,,,2/26/24,Website/Booking Engine,,Checked Out,,,,,,,,,,190,46.75,39.71,46.32,,,,,,,,,,,662,0,Direct,"Sage Safari, Buckeye Bungalow",331
OLD CB,Eva Rogers,,,,,7.48E+12,,,,,,,,,OAK(1),269,444.76,3/27/24,3/28/24,1,Live Oak Lodge,444.76,,,,,3/6/24,Website/Booking Engine,,Checked Out,,,,,,,,,,95,29.59,23.62,27.55,,,,,,,,,,,394,21,Direct,Live Oak Lodge,394
OLD CB,Lauren Collier,,,,,1.86E+12,,,,,,,,,CED(1),205,369.12,3/27/24,3/28/24,1,Cedar Haus,369.12,,,,,3/27/24,Website/Booking Engine,,Checked Out,,,,,,,,,,95,26.65,19.6,22.87,,,,,,,,,,,327,0,Direct,Cedar Haus,327
OLD CB,Sofia Paniagua,,,,,7.15E+12,,,,,,,,,COC(1),703,494.57,3/2/24,3/4/24,2,Cocoon,989.13,,,,,2/26/24,Website/Booking Engine,,Checked Out,,,,,,,,,,95,77.33,52.52,61.28,,,,,,,,,,,875,5,Direct,Cocoon,438
OLD CB,Damaris Correa,,,,,9.65E+12,,,,,,,,,COC(1),500,745.8,3/28/24,3/29/24,1,Cocoon,745.8,,,,,3/21/24,Website/Booking Engine,,Checked Out,,,,,,,,,,95,65,39.6,46.2,,,,,,,,,,,660,7,Direct,Cocoon,660
OLD CB,Bryce Gill,,,,,8.94E+12,,,,,,,,,BUC(1),500,745.8,3/28/24,3/29/24,1,Buckeye Bungalow,745.8,,,,,3/21/24,Website/Booking Engine,,Checked Out,,,,,,,,,,95,65,39.6,46.2,,,,,,,,,,,660,7,Direct,Buckeye Bungalow,660
OLD CB,Jared Dodson,,,,,3.09E+12,,,,,,,,,SAF(1),1308,1777.53,3/28/24,3/30/24,2,Sage Safari,1777.53,,,,,3/27/24,Website/Booking Engine,,Checked Out,,,,,,,,,,95,170.04,94.38,110.11,,,,,,,,,,,1573,1,Direct,Sage Safari,787
OLD CB,Lezlie Michael,,,,,6.50E+12,,,,,,,,,WAL(1),438.44,0,3/28/24,3/29/24,1,Walnut House,602.79,,,,,3/28/24,Airbnb (API),,Confirmed,,,,,,,,,,95,,32.01,37.34,,,,,,,,,,,533,0,Airbnb,Walnut House,533
OLD CB,Brynne Kessler,,,,,7.93E+12,,,,,,,,,JUN(1),179,335.92,3/28/24,3/29/24,1,Juniper Haus,335.92,,,,,3/28/24,Website/Booking Engine,,Checked Out,,,,,,,,,,95,23.27,17.84,20.81,,,,,,,,,,,297,0,Direct,Juniper Haus,297
OLD CB,Casey Green,,,,,5.23E+12,,,,,,,,,OAK(1),1290,1207.79,3/29/24,3/31/24,2,Live Oak Lodge,1725.41,,,,,1/10/24,Website/Booking Engine,,Checked Out,,,,,,,,,,95,141.9,91.62,106.89,,,,,,,,,,,1527,79,Direct,Live Oak Lodge,763
OLD CB,Tara eales,,,,,2.66E+12,,,,,,,,,CED(1),760,742.44,3/29/24,3/31/24,2,Cedar Haus,1060.63,,,,,1/28/24,Website/Booking Engine,,Confirmed,,,,,,,,,,95,83.6,56.32,65.71,,,,,,,,,,,939,61,Direct,Cedar Haus,469
OLD CB,Monica Salas,,,,,2.41E+12,,,,,,,,,MON(1),340.13,0,3/3/24,3/4/24,1,Monarch,491.7,,,,,2/26/24,Airbnb (API),,Confirmed,,,,,,,,,,95,,26.11,30.46,,,,,,,,,,,435,6,Airbnb,Monarch,435
OLD CB,Kazuhiro Kibuishi,,,,,9.34E+12,,,,,,,,,WAL(1),1846,2464.51,3/29/24,3/31/24,2,Walnut House,2464.51,,,,,3/23/24,Website/Booking Engine,,Checked Out,,,,,,,,,,95,239.98,130.86,152.67,,,,,,,,,,,2181,6,Direct,Walnut House,1090
OLD CB,Edgar Castorena,,,,,3.50E+12,,,,,,,,,N/A,1276,0,3/29/24,3/31/24,2,Buckeye Bungalow,1736.69,,,,,3/26/24,Website/Booking Engine,,Cancelled,,,3/27/24,,,,,,,95,165.88,92.22,107.59,,,,,,,,,,,1537,3,Direct,Buckeye Bungalow,768
OLD CB,Edgar Castorena,,,,,6.69E+12,,,,,,,,,BUC(1),1276,1736.69,3/29/24,3/31/24,2,Buckeye Bungalow,1736.69,,,,,3/26/24,Website/Booking Engine,,Checked Out,,,,,,,,,,95,165.88,92.22,107.59,,,,,,,,,,,1537,3,Direct,Buckeye Bungalow,768
OLD CB,Kelcie Van Ert,,,,,2.26E+12,,,,,,,,,DOM(1),1626,2183.59,3/29/24,3/31/24,2,Lantana Dome,2183.59,,,,,3/26/24,Website/Booking Engine,,Checked Out,,,,,,,,,,95,211.38,115.94,135.27,,,,,,,,,,,1932,3,Direct,Lantana Dome,966
OLD CB,Elizabeth Davis,,,,,3.13E+12,,,,,,,,,COC(1),467.82,0,3/29/24,3/30/24,1,Cocoon,635.99,,,,,3/27/24,Airbnb (API),,Confirmed,,,,,,,,,,95,,33.77,39.4,,,,,,,,,,,563,2,Airbnb,Cocoon,563
OLD CB,Delia Alanis,,,,,9.12E+12,,,,,,,,,MON(1),716.42,0,3/29/24,3/30/24,1,Monarch,916.91,,,,,3/28/24,Airbnb (API),,Confirmed,,,,,,,,,,95,,48.69,56.8,,,,,,,,,,,811,1,Airbnb,Monarch,811
OLD CB,Roberto Gonzalez,,,,,3.94E+12,,,,,,,,,OAK(1),1084,1467.01,3/8/24,3/9/24,1,Live Oak Lodge,1467.01,,,,,2/26/24,Website/Booking Engine,,Checked Out,,,,,,,,,,95,119.24,77.89,90.88,,,,,,,,,,,1298,11,Direct,Live Oak Lodge,1298
OLD CB,Donald Underwood,,,,,8.39E+12,,,,,,,,,SAF(1),1242,1665.19,3/30/24,4/1/24,2,Sage Safari,1665.19,,,,,3/7/24,Website/Booking Engine,,Checked Out,,,,,,,,,,95,136.62,88.42,103.15,,,,,,,,,,,1474,23,Direct,Sage Safari,737
OLD CB,Chloe Vaughn-Shihadeh,,,,,3.59E+12,,,,,,,,,COC(1),1273,852.04,3/30/24,4/2/24,3,Cocoon,1704.08,,,,,3/13/24,Website/Booking Engine,,Checked Out,,,,,,,,,,95,140.03,90.49,105.56,,,,,,,,,,,1508,17,Direct,Cocoon,503
OLD CB,Jamila Karakhi,,,,,9.70E+12,,,,,,,,,PEC(1),627,446.9,3/30/24,4/1/24,2,Pecan Haus,893.8,,,,,3/15/24,Website/Booking Engine,,Checked Out,,,,,,,,,,95,68.97,47.46,55.37,,,,,,,,,,,791,15,Direct,Pecan Haus,395
OLD CB,Brittany Payne,,,,,6.83E+12,,,,,,,,,OAK(1),709,996.65,3/31/24,4/2/24,2,Live Oak Lodge,996.65,,,,,3/6/24,Website/Booking Engine,,Checked Out,,,,,,,,,,95,77.99,52.92,61.74,,,,,,,,,,,882,25,Direct,Live Oak Lodge,441
OLD CB,Justin Byers,,,,,1.68E+10,,,,,,,,,BUC(1),325,522.35,3/31/24,4/1/24,1,Buckeye Bungalow,522.35,,,,,3/23/24,Website/Booking Engine,,Checked Out,,,,,,,,,,95,42.25,27.74,32.36,,,,,,,,,,,462,8,Direct,Buckeye Bungalow,462
OLD CB,Antonio Vazquez,,,,,8.68E+12,,,,,,,,,DOM(1),359.34,0,3/31/24,4/1/24,1,Lantana Dome,513.4,,,,,3/31/24,Airbnb (API),,Confirmed,,,,,,,,,,95,,27.26,31.8,,,,,,,,,,,454,0,Airbnb,Lantana Dome,454
OLD CB,Lance Williams,,,,,3.44E+12,,,,,,,,,SAF(1),478,471.27,4/1/24,4/3/24,2,Sage Safari,706.91,,,,,3/8/24,Website/Booking Engine,,Checked Out,,,,,,,,,,95,52.58,37.54,43.79,,,,,,,,,,,626,24,Direct,Sage Safari,313
OLD CB,Rudolph Ritter,,,,,1.16E+12,,,,,,,,,MON(1),279,457.3,4/1/24,4/2/24,1,Monarch,457.3,,,,,3/9/24,Website/Booking Engine,,Checked Out,,,,,,,,,,95,30.69,24.28,28.33,,,,,,,,,,,405,23,Direct,Monarch,405
OLD CB,Austin Seyfert,,,,,5.94E+12,,,,,,,,,WAL(1),558,807.25,4/1/24,4/3/24,2,Walnut House,807.25,,,,,3/12/24,Website/Booking Engine,,Checked Out,,,,,,,,,,95,61.38,42.86,50.01,,,,,,,,,,,714,20,Direct,Walnut House,357
OLD CB,Daniel Campos,,,,,3.40E+12,,,,,,,,,SPY(1),558,807.25,4/1/24,4/3/24,2,Spyglass,807.25,,,,,3/16/24,Website/Booking Engine,,Checked Out,,,,,,,,,,95,61.38,42.86,50.01,,,,,,,,,,,714,16,Direct,Spyglass,357
OLD CB,Nicole Arteaga,,,,,5.51E+12,,,,,,,,,PEC(1),378,590.01,4/1/24,4/3/24,2,Pecan Haus,590.01,,,,,3/20/24,Website/Booking Engine,,Checked Out,,,,,,,,,,95,49.14,31.32,36.55,,,,,,,,,,,522,12,Direct,Pecan Haus,261
OLD CB,Robin Georgens,,,,,2.29E+12,,,,,,,,,OAK(1),1500,1889.36,4/2/24,4/5/24,3,Live Oak Lodge,1988.8,,,,,1/21/24,Website/Booking Engine,,Confirmed,,,,,,,,,,95,165,105.6,123.2,,,,,,,,,,,1760,72,Direct,Live Oak Lodge,587
OLD CB,Cassandra Gartner,,,,,5.89E+12,,,,,,,,,N/A,1000,0,4/2/24,4/4/24,2,Sage Safari,1361.65,,,,,1/25/24,Website/Booking Engine,,Cancelled,,,2/12/24,,,,,,,95,110,72.3,84.35,,,,,,,,,,,1205,68,Direct,Sage Safari,603
OLD CB,ulysses cisneros,,,,,1.23E+12,,,,,,,,,MON(1),279,457.3,4/2/24,4/3/24,1,Monarch,457.3,,,,,3/19/24,Website/Booking Engine,,Checked Out,,,,,,,,,,95,30.69,24.28,28.33,,,,,,,,,,,405,14,Direct,Monarch,405
OLD CB,Lindsey Stone,,,,,4.96E+12,,,,,,,,,COC(1),647.49,0,4/2/24,4/4/24,2,Cocoon,839.01,,,,,3/23/24,Airbnb (API),,Confirmed,,,,,,,,,,95,,44.55,51.97,,,,,,,,,,,742,10,Airbnb,Cocoon,371
OLD CB,Alexander Beys,,,,,2.13E+12,,,,,,,,,DOM(1),878,1228.45,4/2/24,4/5/24,3,Lantana Dome,1228.45,,,,,3/24/24,Website/Booking Engine,,Checked Out,,,,,,,,,,95,114.14,65.22,76.09,,,,,,,,,,,1087,9,Direct,Lantana Dome,362
OLD CB,Nicole Chavez,,,,,2.32E+12,,,,,,,,,CED(1),378,590.01,4/2/24,4/4/24,2,Cedar Haus,590.01,,,,,3/25/24,Website/Booking Engine,,Checked Out,,,,,,,,,,95,49.14,31.32,36.55,,,,,,,,,,,522,8,Direct,Cedar Haus,261
OLD CB,Aaliyah Dobbins,,,,,8.94E+12,,,,,,,,,BUC(1),478,1022.86,4/2/24,4/4/24,2,Buckeye Bungalow,717.69,,,,,3/25/24,Website/Booking Engine,,Checked Out,,,,,,,,,,95,62.14,38.1,44.45,,,,,,,,,,,635,8,Direct,Buckeye Bungalow,318
OLD CB,April Ruiz,,,,,8.03E+12,,,,,,,,,JUN(1),189,348.68,4/2/24,4/3/24,1,Juniper Haus,348.68,,,,,3/26/24,Website/Booking Engine,,Checked Out,,,,,,,,,,95,24.57,18.51,21.6,,,,,,,,,,,309,7,Direct,Juniper Haus,309
OLD CB,Mehgan Oberlies,,,,,1.26E+12,,,,,,,,,SPY(1),279,342.98,4/3/24,4/4/24,1,Spyglass,457.3,,,,,3/11/24,Website/Booking Engine,,Checked Out,,,,,,,,,,95,30.69,24.28,28.33,,,,,,,,,,,405,23,Direct,Spyglass,405
OLD CB,Yahlin Chang,,,,,9.50E+12,,,,,,,,,WAL(1),279,457.3,4/3/24,4/4/24,1,Walnut House,457.3,,,,,3/14/24,Website/Booking Engine,,Checked Out,,,,,,,,,,95,30.69,24.28,28.33,,,,,,,,,,,405,20,Direct,Walnut House,405
OLD CB,Yahlin Chang,,,,,7.59E+12,,,,,,,,,MON(1),279,457.3,4/3/24,4/4/24,1,Monarch,457.3,,,,,3/14/24,Website/Booking Engine,,Checked Out,,,,,,,,,,95,30.69,24.28,28.33,,,,,,,,,,,405,20,Direct,Monarch,405
OLD CB,Nick Paine,,,,,1.68E+12,,,,,,,,,SAF(1),239,407.13,4/3/24,4/4/24,1,Sage Safari,407.13,,,,,3/18/24,Website/Booking Engine,,Checked Out,,,,,,,,,,95,26.29,21.62,25.22,,,,,,,,,,,360,16,Direct,Sage Safari,360
OLD CB,Jesus Aguirre,,,,,7.24E+12,,,,,,,,,JUN(1),589,859.44,4/3/24,4/5/24,2,Juniper Haus,859.44,,,,,3/22/24,Website/Booking Engine,,Checked Out,,,,,,,,,,95,76.57,45.63,53.24,,,,,,,,,,,761,12,Direct,Juniper Haus,380
OLD CB,Mitch Hargis,,,,,4.54E+12,,,,,,,,,PEC(1),589,859.44,4/3/24,4/5/24,2,Pecan Haus,859.44,,,,,3/26/24,Website/Booking Engine,,Checked Out,,,,,,,,,,95,76.57,45.63,53.24,,,,,,,,,,,761,8,Direct,Pecan Haus,380
OLD CB,Cristiana Fischer,,,,,6.44E+12,,,,,,,,,MON(1),1349.22,0,4/4/24,4/6/24,2,Monarch,1631.97,,,,,3/9/24,Airbnb (API),,Confirmed,,,,,,,,,,95,,86.66,101.09,,,,,,,,,,,1444,26,Airbnb,Monarch,722
OLD CB,Ryan Allen,,,,,6.87E+12,,,,,,,,,SPY(1),400,618.11,4/4/24,4/5/24,1,Spyglass,618.11,,,,,3/26/24,Website/Booking Engine,,Checked Out,,,,,,,,,,95,52,32.82,38.29,,,,,,,,,,,547,9,Direct,Spyglass,547
OLD CB,Eric Devlin,,,,,1.48E+12,,,,,,,,,COC(1),400,618.11,4/4/24,4/5/24,1,Cocoon,618.11,,,,,3/30/24,Website/Booking Engine,,Checked Out,,,,,,,,,,95,52,32.82,38.29,,,,,,,,,,,547,5,Direct,Cocoon,547
OLD CB,Becky Geiger,,,,,4.82E+12,,,,,,,,,SAF(1),332.22,0,4/4/24,4/5/24,1,Sage Safari,482.76,,,,,4/4/24,Airbnb (API),,Confirmed,,,,,,,,,,95,,25.63,29.91,,,,,,,,,,,427,0,Airbnb,Sage Safari,427
OLD CB,Cynthia Maxwell,,,,,2.58E+12,,,,,,,,,WAL(1),240,413.8,4/4/24,4/5/24,1,Walnut House,413.8,,,,,4/4/24,Website/Booking Engine,,Checked Out,,,,,,,,,,95,31.2,21.97,25.63,,,,,,,,,,,366,0,Direct,Walnut House,366
OLD CB,Oded Lieberman,,,,,2.80E+12,,,,,,,,,WAL(1),12398,15658.15,4/5/24,4/9/24,4,Walnut House,15658.15,,,,,1/12/24,Website/Booking Engine,,Checked Out,,,,,,,,,,95,1363.78,831.4,969.97,,,,,,,,,,,13857,84,Direct,Walnut House,3464
OLD CB,Bobby Holder,,,,,4.12E+12,,,,,,,,,SPY(1),1658.84,0,4/5/24,4/7/24,2,Spyglass,1981.85,,,,,3/29/24,Airbnb (API),,Confirmed,,,,,,,,,,95,,105.24,122.77,,,,,,,,,,,1754,7,Airbnb,Spyglass,877
OLD CB,Ryan Redgrave,,,,,3.08E+12,,,,,,,,,JUN(1),731.11,0,4/5/24,4/7/24,2,Juniper Haus,933.5,,,,,3/30/24,Airbnb (API),,Confirmed,,,,,,,,,,95,,49.56,57.83,,,,,,,,,,,826,6,Airbnb,Juniper Haus,413
OLD CB,Rodrigo Sanchez,,,,,7.60E+12,,,,,,,,,OAK(1),305,496.81,4/5/24,4/6/24,1,Live Oak Lodge,496.81,,,,,3/31/24,Website/Booking Engine,,Checked Out,,,,,,,,,,95,39.65,26.38,30.78,,,,,,,,,,,440,5,Direct,Live Oak Lodge,440
OLD CB,Joseph Marshburn,,,,,7.79E+12,,,,,,,,,CED(1),731.11,0,4/5/24,4/7/24,2,Cedar Haus,933.5,,,,,4/1/24,Airbnb (API),,Confirmed,,,,,,,,,,95,,49.56,57.83,,,,,,,,,,,826,4,Airbnb,Cedar Haus,413
OLD CB,RORY GOPAUL,,,,,6.81E+12,,,,,,,,,SAF(1),1378,1866.92,4/5/24,4/7/24,2,Sage Safari,1866.92,,,,,4/2/24,Website/Booking Engine,,Checked Out,,,,,,,,,,95,179.14,99.13,115.65,,,,,,,,,,,1652,3,Direct,Sage Safari,826
OLD CB,Audrey Covington,,,,,4.31E+12,,,,,,,,,DOM(1),1119.83,0,4/5/24,4/7/24,2,Lantana Dome,1372.75,,,,,4/3/24,Airbnb (API),,Confirmed,,,,,,,,,,95,,72.89,85.03,,,,,,,,,,,1215,2,Airbnb,Lantana Dome,607
OLD CB,Ricardo Perez,,,,,8.73E+12,,,,,,,,,PEC(1),552,812.19,4/5/24,4/7/24,2,Pecan Haus,812.19,,,,,4/3/24,Website/Booking Engine,,Checked Out,,,,,,,,,,95,71.76,43.12,50.31,,,,,,,,,,,719,2,Direct,Pecan Haus,359
OLD CB,Justin Mueller,,,,,3.78E+12,,,,,,,,,BUC(1),1119.83,0,4/5/24,4/7/24,2,Buckeye Bungalow,1372.75,,,,,4/4/24,Airbnb (API),,Confirmed,,,,,,,,,,95,,72.89,85.03,,,,,,,,,,,1215,1,Airbnb,Buckeye Bungalow,607
OLD CB,Samantha Perez,,,,,1.77E+12,,,,,,,,,COC(1),896,1251.45,4/5/24,4/7/24,2,Cocoon,1251.45,,,,,4/4/24,Website/Booking Engine,,Checked Out,,,,,,,,,,95,116.48,66.45,77.52,,,,,,,,,,,1107,1,Direct,Cocoon,554
OLD CB,Patrick Cooke,,,,,1.97E+12,,,,,,,,,N/A,597.77,0,3/10/24,3/11/24,1,Spyglass,782.83,,,,,2/26/24,Airbnb (API),,Cancelled,,,2/27/24,,,,,,,95,,41.57,48.49,,,,,,,,,,,693,13,Airbnb,Spyglass,693
OLD CB,Richard Schram,,,,,7962274860,,,,,,,,,MON(1),1249,1661.25,4/6/24,4/7/24,1,Monarch,1688.35,,,,,3/10/24,Website/Booking Engine,,Confirmed,,,,,,,,,,95,155.87,86.99,101.49,,,,,,,,,,,1500,27,Direct,Monarch,1500
OLD CB,Wayne & Nancy Stuenkel,,,,,5.91E+12,,,,,,,,,MON(1),5755.09,0,4/7/24,4/9/24,2,Monarch,6610.6,,,,,8/23/23,Airbnb (API),,Confirmed,,,,,,,,,,95,,351,409.51,,,,,,,,,,,5850,228,Airbnb,Monarch,2925
OLD CB,Carol Connolly,,,,,5.36E+12,,,,,,,,,SAF(1),2500,3243.1,4/7/24,4/8/24,1,Sage Safari,3243.1,,,,,3/17/24,Website/Booking Engine,,Checked Out,,,,,,,,,,95,275,172.2,200.9,,,,,,,,,,,2870,21,Direct,Sage Safari,2870
OLD CB,Alex Blavatnik,,,,,5.00E+12,,,,,,,,,"COC(1), SPY(1), DOM(1)",8124,10695.59,4/7/24,4/9/24,2,"Cocoon, Spyglass, Lantana Dome",10695.59,,,,,3/19/24,Website/Booking Engine,,Checked Out,,,,,,,,,,285,1056.12,567.91,662.56,,,,,,,,,,,9465,19,Direct,"Cocoon, Spyglass, Lantana Dome",4733
OLD CB,Stanley Perelman,,,,,8.44E+11,,,,,,,,,JUN(1),1799,2404.49,4/7/24,4/8/24,1,Juniper Haus,2404.49,,,,,3/22/24,Website/Booking Engine,,Checked Out,,,,,,,,,,95,233.87,127.67,148.95,,,,,,,,,,,2128,16,Direct,Juniper Haus,2128
OLD CB,Nicholas Creten,,,,,6.51E+12,,,,,,,,,PEC(1),2900,3810.36,4/7/24,4/9/24,2,Pecan Haus,3810.36,,,,,3/24/24,Website/Booking Engine,,Checked Out,,,,,,,,,,95,377,202.32,236.04,,,,,,,,,,,3372,14,Direct,Pecan Haus,1686
OLD CB,William Ross,,,,,5.19E+12,,,,,,,,,CED(1),2675,3523.06,4/7/24,4/9/24,2,Cedar Haus,3523.06,,,,,3/28/24,Website/Booking Engine,,Checked Out,,,,,,,,,,95,347.75,187.07,218.24,,,,,,,,,,,3118,10,Direct,Cedar Haus,1559
OLD CB,Karin Elisabeth Vanberg,,,,,9.89E+12,,,,,,,,,OAK(1),2500,2743.1,4/8/24,4/9/24,1,Live Oak Lodge,3243.1,,,,,3/3/24,Website/Booking Engine,,Checked Out,,,,,,,,,,95,275,172.2,200.9,,,,,,,,,,,2870,36,Direct,Live Oak Lodge,2870
OLD CB,Micheal Provost,,,,,9.06E+12,,,,,,,,,SAF(1),1806,2413.42,4/8/24,4/12/24,4,Sage Safari,2413.42,,,,,3/29/24,Website/Booking Engine,,Checked Out,,,,,,,,,,95,234.78,128.14,149.5,,,,,,,,,,,2136,10,Direct,Sage Safari,534
OLD CB,Christopher Martin,,,,,7.21E+12,,,,,,,,,JUN(1),399,616.83,4/8/24,4/9/24,1,Juniper Haus,616.83,,,,,4/1/24,Website/Booking Engine,,Checked Out,,,,,,,,,,95,51.87,32.75,38.21,,,,,,,,,,,546,7,Direct,Juniper Haus,546
OLD CB,Diana Barragan,,,,,1.62E+12,,,,,,,,,SPY(1),630,911.79,4/8/24,4/10/24,2,Spyglass,911.79,,,,,4/7/24,Website/Booking Engine,,Checked Out,,,,,,,,,,95,81.9,48.41,56.48,,,,,,,,,,,807,1,Direct,Spyglass,403
OLD CB,Suzan Colglazier,,,,,8.50E+10,,,,,,,,,MON(1),263,443.17,4/9/24,4/10/24,1,Monarch,443.17,,,,,3/31/24,Website/Booking Engine,,Checked Out,,,,,,,,,,95,34.19,23.53,27.45,,,,,,,,,,,392,9,Direct,Monarch,392
OLD CB,Stephanie Navarrete,,,,,8.36E+12,,,,,,,,,DOM(1),368.38,0,4/9/24,4/10/24,1,Lantana Dome,523.62,,,,,4/8/24,Airbnb (API),,Checked Out,,,,,,,,,,95,,27.8,32.44,,,,,,,,,,,463,1,Airbnb,Lantana Dome,463
OLD CB,Vincent Sorrento,,,,,9.63E+12,,,,,,,,,PEC(1),168,321.87,4/9/24,4/10/24,1,Pecan Haus,321.87,,,,,4/8/24,Website/Booking Engine,,Checked Out,,,,,,,,,,95,21.84,17.09,19.94,,,,,,,,,,,285,1,Direct,Pecan Haus,285
OLD CB,Ronald J Osborn,,,,,3.85E+12,,,,,,,,,BUC(1),1000,1361.65,4/10/24,4/12/24,2,Buckeye Bungalow,1361.65,,,,,3/19/24,Website/Booking Engine,,Checked Out,,,,,,,,,,95,110,72.3,84.35,,,,,,,,,,,1205,22,Direct,Buckeye Bungalow,603
OLD CB,Jenna Nowlin,,,,,4.70E+12,,,,,,,,,MON(1),879,1229.75,4/10/24,4/12/24,2,Monarch,1229.75,,,,,3/25/24,Website/Booking Engine,,Checked Out,,,,,,,,,,95,114.27,65.3,76.18,,,,,,,,,,,1088,16,Direct,Monarch,544
OLD CB,Joey Wels,,,,,8.35E+12,,,,,,,,,SPY(1),398.89,0,4/10/24,4/11/24,1,Spyglass,558.09,,,,,4/3/24,Airbnb (API),,Checked Out,,,,,,,,,,95,,29.63,34.57,,,,,,,,,,,494,7,Airbnb,Spyglass,494
OLD CB,Tonya Shaw,,,,,8.57E+12,,,,,,,,,COC(1),554,814.75,4/10/24,4/12/24,2,Cocoon,814.75,,,,,4/7/24,Website/Booking Engine,,Checked Out,,,,,,,,,,95,72.02,43.26,50.47,,,,,,,,,,,721,3,Direct,Cocoon,361
OLD CB,Bethany Cole rymes,,,,,5.26E+12,,,,,,,,,N/A,231,15.99,4/10/24,4/11/24,1,Live Oak Lodge,402.31,,,,,4/10/24,Website/Booking Engine,,Cancelled,,,4/11/24,,,,,,,95,30.03,21.36,24.92,,,,,,,,,,,356,0,Direct,Live Oak Lodge,356
OLD CB,Brittany Bolcik,,,,,5.19E+11,,,,,,,,,DOM(1),2598,3424.74,4/11/24,4/14/24,3,Lantana Dome,3424.74,,,,,3/21/24,Website/Booking Engine,,Checked Out,,,,,,,,,,95,337.74,181.84,212.16,,,,,,,,,,,3031,21,Direct,Lantana Dome,1010
OLD CB,Riley Glenn,,,,,4.59E+12,,,,,,,,,PEC(1),1025,707.18,4/11/24,4/13/24,2,Pecan Haus,1416.18,,,,,3/31/24,Website/Booking Engine,,Checked Out,,,,,,,,,,95,133.25,75.2,87.73,,,,,,,,,,,1253,11,Direct,Pecan Haus,627
OLD CB,Kevin Coleman,,,,,9.64E+12,,,,,,,,,SPY(1),279,463.61,4/11/24,4/12/24,1,Spyglass,463.61,,,,,4/7/24,Website/Booking Engine,,Checked Out,,,,,,,,,,95,36.27,24.62,28.72,,,,,,,,,,,410,4,Direct,Spyglass,410
OLD CB,Mercedes Wright,,,,,3.28E+12,,,,,,,,,JUN(1),332.22,0,4/11/24,4/12/24,1,Juniper Haus,482.76,,,,,4/9/24,Airbnb (API),,Checked Out,,,,,,,,,,95,,25.63,29.91,,,,,,,,,,,427,2,Airbnb,Juniper Haus,427
OLD CB,Scarlett Brignac,,,,,8.69E+12,,,,,,,,,WAL(1),279,463.61,4/11/24,4/12/24,1,Walnut House,463.61,,,,,4/11/24,Website/Booking Engine,,Checked Out,,,,,,,,,,95,36.27,24.62,28.72,,,,,,,,,,,410,0,Direct,Walnut House,410
OLD CB,Marc Balocco,,,,,9.81E+11,,,,,,,,,CED(1),824,579.76,4/11/24,4/13/24,2,Cedar Haus,1159.52,,,,,4/11/24,Website/Booking Engine,,Checked Out,,,,,,,,,,95,107.12,61.57,71.83,,,,,,,,,,,1026,0,Direct,Cedar Haus,513
OLD CB,june Yao,,,,,1.46E+12,,,,,,,,,MON(1),514,752.06,3/14/24,3/15/24,1,Monarch,752.06,,,,,2/26/24,Website/Booking Engine,,Checked Out,,,,,,,,,,95,56.54,39.93,46.59,,,,,,,,,,,666,17,Direct,Monarch,666
OLD CB,Christopher Martinez,,,,,3.60E+12,,,,,,,,,SPY(1),1443,1629.7,3/14/24,3/16/24,2,Spyglass,1917.3,,,,,2/26/24,Website/Booking Engine,,Checked Out,,,,,,,,,,95,158.73,101.8,118.77,,,,,,,,,,,1697,17,Direct,Spyglass,848
OLD CB,Cristina Lancelot,,,,,6.94E+12,,,,,,,,,SPY(1),1167,1571.14,5/13/24,5/16/24,3,Spyglass,1571.14,,,,,2/26/24,Website/Booking Engine,,Confirmed,,,,,,,,,,95,128.37,83.43,97.34,,,,,,,,,,,1390,77,Direct,Spyglass,463
OLD CB,Michael Totman,,,,,5.44E+12,,,,,,,,,JUN(1),1293.85,0,4/12/24,4/14/24,2,Juniper Haus,1569.41,,,,,3/11/24,Airbnb (API),,Confirmed,,,,,,,,,,95,,83.34,97.22,,,,,,,,,,,1389,32,Airbnb,Juniper Haus,694
OLD CB,Abraham Assi,,,,,8.24E+12,,,,,,,,,SAF(1),2428.2,2102.04,4/12/24,4/15/24,3,Sage Safari (Thank You First Responders!),3153.05,,,,,3/11/24,Website/Booking Engine,,Checked Out,,,,,,,,,,95,267.1,167.42,195.33,,,,,,,,,,,2790,32,Direct,Sage Safari,930
OLD CB,Rachel Pape,,,,,9.22E+12,,,,,,,,,SPY(1),2622,3455.39,4/12/24,4/14/24,2,Spyglass,3455.39,,,,,3/23/24,Website/Booking Engine,,Checked Out,,,,,,,,,,95,340.86,183.48,214.05,,,,,,,,,,,3058,20,Direct,Spyglass,1529
OLD CB,Cody Hagle,,,,,8.12E+12,,,,,,,,,MON(1),3070.21,0,4/12/24,4/14/24,2,Monarch,3576.7,,,,,4/3/24,Airbnb (API),,Confirmed,,,,,,,,,,95,,189.92,221.57,,,,,,,,,,,3165,9,Airbnb,Monarch,1583
OLD CB,Tadzia Grandpre,,,,,7.83E+12,,,,,,,,,COC(1),2098,2089.72,4/12/24,4/14/24,2,Cocoon,2786.29,,,,,4/6/24,Website/Booking Engine,,Checked Out,,,,,,,,,,95,272.74,147.94,172.61,,,,,,,,,,,2466,6,Direct,Cocoon,1233
OLD CB,Colin Shipp,,,,,8.85E+12,,,,,,,,,BUC(1),2098,2786.29,4/12/24,4/14/24,2,Buckeye Bungalow,2786.29,,,,,4/8/24,Website/Booking Engine,,Checked Out,,,,,,,,,,95,272.74,147.94,172.61,,,,,,,,,,,2466,4,Direct,Buckeye Bungalow,1233
OLD CB,Allison Shepard,,,,,4.33E+12,,,,,,,,,PEC(1),377.42,0,4/13/24,4/14/24,1,Pecan Haus,533.84,,,,,4/13/24,Airbnb (API),,Confirmed,,,,,,,,,,95,,28.35,33.07,,,,,,,,,,,472,0,Airbnb,Pecan Haus,472
OLD CB,Kristen McGinn,,,,,3.15E+12,,,,,,,,,CED(1),377.42,0,4/13/24,4/14/24,1,Cedar Haus,533.84,,,,,4/13/24,Airbnb (API),,Confirmed,,,,,,,,,,95,,28.35,33.07,,,,,,,,,,,472,0,Airbnb,Cedar Haus,472
OLD CB,Betty Ganey,,,,,2.97E+12,,,,,,,,,OAK(1),259,438.07,4/14/24,4/15/24,1,Live Oak Lodge,438.07,,,,,4/8/24,Website/Booking Engine,,Checked Out,,,,,,,,,,95,33.67,23.26,27.14,,,,,,,,,,,388,6,Direct,Live Oak Lodge,388
OLD CB,Andrew Murphy,,,,,3.53E+12,,,,,,,,,MON(1),228,398.48,4/14/24,4/15/24,1,Monarch,398.48,,,,,4/10/24,Website/Booking Engine,,Checked Out,,,,,,,,,,95,29.64,21.16,24.68,,,,,,,,,,,353,4,Direct,Monarch,353
OLD CB,Omer Shahaf,,,,,9.28E+12,,,,,,,,,BUC(1),553.7,0,4/14/24,4/16/24,2,Buckeye Bungalow,733.03,,,,,4/11/24,Airbnb (API),,Confirmed,,,,,,,,,,95,,38.92,45.41,,,,,,,,,,,649,3,Airbnb,Buckeye Bungalow,324
OLD CB,Vicki Faust,,,,,4.55E+11,,,,,,,,,SPY(1),403,621.94,4/14/24,4/16/24,2,Spyglass,621.94,,,,,4/11/24,Website/Booking Engine,,Checked Out,,,,,,,,,,95,52.39,33.02,38.53,,,,,,,,,,,550,3,Direct,Spyglass,275
OLD CB,Andre Wetta,,,,,4.63E+12,,,,,,,,,WAL(1),596,868.39,4/14/24,4/18/24,4,Walnut House,868.39,,,,,4/11/24,Website/Booking Engine,,Checked Out,,,,,,,,,,95,77.48,46.1,53.81,,,,,,,,,,,768,3,Direct,Walnut House,192
OLD CB,Shelby Guerra,,,,,1.26E+12,,,,,,,,,DOM(1),194,355.07,4/14/24,4/15/24,1,Lantana Dome,355.07,,,,,4/12/24,Website/Booking Engine,,Checked Out,,,,,,,,,,95,25.22,18.85,22,,,,,,,,,,,314,2,Direct,Lantana Dome,314
OLD CB,David Street,,,,,3.18E+12,,,,,,,,,COC(1),380,592.57,4/14/24,4/16/24,2,Cocoon,592.57,,,,,4/14/24,Website/Booking Engine,,Checked Out,,,,,,,,,,95,49.4,31.46,36.71,,,,,,,,,,,524,0,Direct,Cocoon,262
OLD CB,Nicole Fultz,,,,,8.78E+12,,,,,,,,,N/A,1500,0,4/15/24,4/18/24,3,Sage Safari,1988.8,,,,,3/3/24,Website/Booking Engine,,Cancelled,,,4/15/24,,,,,,,95,165,105.6,123.2,,,,,,,,,,,1760,43,Direct,Sage Safari,587
OLD CB,Robert Miller,,,,,2.01E+12,,,,,,,,,DOM(1),1500,1988.8,4/15/24,4/18/24,3,Lantana Dome,1988.8,,,,,3/3/24,Website/Booking Engine,,Checked Out,,,,,,,,,,95,165,105.6,123.2,,,,,,,,,,,1760,43,Direct,Lantana Dome,587
OLD CB,John Fleet,,,,,3.60E+12,,,,,,,,,MON(1),1500,1988.8,4/15/24,4/18/24,3,Monarch,1988.8,,,,,3/6/24,Website/Booking Engine,,Checked Out,,,,,,,,,,95,165,105.6,123.2,,,,,,,,,,,1760,40,Direct,Monarch,587
OLD CB,Lina Khalaf,,,,,2.94E+12,,,,,,,,,OAK(1),1200,1612.51,4/15/24,4/17/24,2,Live Oak Lodge,1612.51,,,,,3/19/24,Website/Booking Engine,,Checked Out,,,,,,,,,,95,132,85.62,99.89,,,,,,,,,,,1427,27,Direct,Live Oak Lodge,714
OLD CB,Whitney Icenhauer,,,,,8.15E+12,,,,,,,,,SPY(1),574.04,0,4/16/24,4/18/24,2,Spyglass,756.01,,,,,4/11/24,Airbnb (API),,Confirmed,,,,,,,,,,95,,40.14,46.83,,,,,,,,,,,669,5,Airbnb,Spyglass,335
OLD CB,Nicole Fultz,,,,,6.71E+12,,,,,,,,,BUC(1),186,344.85,4/16/24,4/17/24,1,Buckeye Bungalow,344.85,,,,,4/15/24,Website/Booking Engine,,Confirmed,,,,,,,,,,95,24.18,18.31,21.36,,,,,,,,,,,305,1,Direct,Buckeye Bungalow,305
OLD CB,Nicole Fultz,,,,,4.82E+12,,,,,,,,,OAK(1),474,501.12,4/17/24,4/19/24,2,Live Oak Lodge,712.61,,,,,4/15/24,Website/Booking Engine,,Confirmed,,,,,,,,,,95,61.62,37.84,44.15,,,,,,,,,,,631,2,Direct,Live Oak Lodge,315
OLD CB,Leslie Thomas,,,,,8.48E+12,,,,,,,,,MON(1),237,409.98,4/18/24,4/19/24,1,Monarch,409.98,,,,,4/12/24,Website/Booking Engine,,Checked Out,,,,,,,,,,95,30.81,21.77,25.4,,,,,,,,,,,363,6,Direct,Monarch,363
OLD CB,Jackson Bean,,,,,1.04E+12,,,,,,,,,SPY(1),422.62,0,4/18/24,4/19/24,1,Spyglass,584.91,,,,,4/14/24,Airbnb (API),,Confirmed,,,,,,,,,,95,,31.06,36.23,,,,,,,,,,,518,4,Airbnb,Spyglass,518
OLD CB,Brianna Loomis,,,,,2.59E+12,,,,,,,,,MON(1),1596.69,0,4/19/24,4/21/24,2,Monarch,1911.6,,,,,12/11/23,Airbnb (API),,Confirmed,,,,,,,,,,95,,101.5,118.41,,,,,,,,,,,1692,130,Airbnb,Monarch,846
OLD CB,laura saucedo,,,,,7.63E+12,,,,,,,,,SPY(1),2098,2786.29,4/19/24,4/21/24,2,Spyglass,2786.29,,,,,3/24/24,Website/Booking Engine,,Checked Out,,,,,,,,,,95,272.74,147.94,172.61,,,,,,,,,,,2466,26,Direct,Spyglass,1233
OLD CB,Victoria Barron,,,,,9.31E+12,,,,,,,,,N/A,2098,2786.29,4/19/24,4/21/24,2,Live Oak Lodge,2786.29,,,,,3/27/24,Website/Booking Engine,,Cancelled,,,4/19/24,,,,,,,95,272.74,147.94,172.61,,,,,,,,,,,2466,23,Direct,Live Oak Lodge,1233
OLD CB,Deja Fox,,,,,2.00E+12,,,,,,,,,SAF(1),2098,2786.29,4/19/24,4/21/24,2,Sage Safari,2786.29,,,,,3/27/24,Website/Booking Engine,,Checked Out,,,,,,,,,,95,272.74,147.94,172.61,,,,,,,,,,,2466,23,Direct,Sage Safari,1233
OLD CB,Madison Witman,,,,,5.41E+12,,,,,,,,,JUN(1),1437.36,0,4/19/24,4/22/24,3,Juniper Haus,1731.58,,,,,4/1/24,Airbnb (API),,Confirmed,,,,,,,,,,95,,91.95,107.27,,,,,,,,,,,1532,18,Airbnb,Juniper Haus,511
OLD CB,Colton Chamberlain,,,,,9.12E+12,,,,,,,,,N/A,439,19.67,4/19/24,4/20/24,1,Cedar Haus,667.9,,,,,4/15/24,Website/Booking Engine,,Cancelled,,,4/15/24,,,,,,,95,57.07,35.46,41.37,,,,,,,,,,,591,4,Direct,Cedar Haus,591
OLD CB,Kristin Flowers,,,,,6.23E+12,,,,,,,,,DOM(1),2098,2786.29,4/19/24,4/21/24,2,Lantana Dome,2786.29,,,,,4/15/24,Website/Booking Engine,,Checked Out,,,,,,,,,,95,272.74,147.94,172.61,,,,,,,,,,,2466,4,Direct,Lantana Dome,1233
OLD CB,Joshua Calva,,,,,1.96E+12,,,,,,,,,PEC(1),751.45,0,4/19/24,4/21/24,2,Pecan Haus,956.48,,,,,4/17/24,Airbnb (API),,Confirmed,,,,,,,,,,95,,50.78,59.25,,,,,,,,,,,846,2,Airbnb,Pecan Haus,423
OLD CB,Thomas Hanley,,,,,9.42E+12,,,,,,,,,CED(1),185,343.57,4/19/24,4/20/24,1,Cedar Haus,343.57,,,,,4/18/24,Website/Booking Engine,,Checked Out,,,,,,,,,,95,24.05,18.24,21.28,,,,,,,,,,,304,1,Direct,Cedar Haus,304
OLD CB,Jessica Cornish,,,,,3.58E+12,,,,,,,,,COC(1),1108.53,0,4/19/24,4/21/24,2,Cocoon,1360,,,,,4/18/24,Airbnb (API),,Confirmed,,,,,,,,,,95,,72.22,84.25,,,,,,,,,,,1204,1,Airbnb,Cocoon,602
OLD CB,Isabella Makelaar,,,,,6.12E+12,,,,,,,,,CED(1),664.2,955.48,4/20/24,4/22/24,2,Cedar Haus (Thank You First Responders!),955.48,,,,,4/2/24,Website/Booking Engine,,Checked Out,,,,,,,,,,95,86.34,50.74,59.2,,,,,,,,,,,846,18,Direct,Cedar Haus,423
OLD CB,Mikail Muhammad,,,,,7.76E+11,,,,,,,,,BUC(1),937.9,0,4/20/24,4/22/24,2,Buckeye Bungalow,1167.19,,,,,4/19/24,Airbnb (API),,Confirmed,,,,,,,,,,95,,61.98,72.31,,,,,,,,,,,1033,1,Airbnb,Buckeye Bungalow,516
OLD CB,Bibek Karki,,,,,1.37E+10,,,,,,,,,WAL(1),607.94,0,4/20/24,4/21/24,1,Walnut House,794.33,,,,,4/20/24,Airbnb (API),,Confirmed,,,,,,,,,,95,,42.18,49.21,,,,,,,,,,,703,0,Airbnb,Walnut House,703
OLD CB,Brezzie Gittens,,,,,7.50E+11,,,,,,,,,N/A,279,0,4/21/24,4/22/24,1,Spyglass,463.61,,,,,4/10/24,Website/Booking Engine,,Cancelled,,,4/19/24,,,,,,,95,36.27,24.62,28.72,,,,,,,,,,,410,11,Direct,Spyglass,410
OLD CB,Benjamin Cleere,,,,,1.72E+12,,,,,,,,,DOM(1),661,951.38,4/21/24,4/23/24,2,Lantana Dome,951.38,,,,,4/15/24,Website/Booking Engine,,Checked Out,,,,,,,,,,95,85.93,50.51,58.94,,,,,,,,,,,842,6,Direct,Lantana Dome,421
OLD CB,Andrea Girolin,,,,,3.22E+12,,,,,,,,,OAK(1),516,766.24,4/21/24,4/23/24,2,Live Oak Lodge,766.24,,,,,4/16/24,Website/Booking Engine,,Checked Out,,,,,,,,,,95,67.08,40.69,47.47,,,,,,,,,,,678,5,Direct,Live Oak Lodge,339
OLD CB,Tatyana Taylor,,,,,4.84E+12,,,,,,,,,SAF(1),301.71,0,4/21/24,4/22/24,1,Sage Safari,448.28,,,,,4/18/24,Airbnb (API),,Confirmed,,,,,,,,,,95,,23.8,27.77,,,,,,,,,,,397,3,Airbnb,Sage Safari,397
OLD CB,Hilario Rodriguez,,,,,2.17E+12,,,,,,,,,SPY(1),337.87,0,4/21/24,4/22/24,1,Spyglass,489.14,,,,,4/20/24,Airbnb (API),,Confirmed,,,,,,,,,,95,,25.97,30.3,,,,,,,,,,,433,1,Airbnb,Spyglass,433
OLD CB,Rose Tran,,,,,4.96E+12,,,,,,,,,WAL(1),446,676.85,4/21/24,4/23/24,2,Walnut House,676.85,,,,,4/21/24,Website/Booking Engine,,Checked Out,,,,,,,,,,95,57.98,35.94,41.93,,,,,,,,,,,599,0,Direct,Walnut House,299
OLD CB,Kevin Nguyen,,,,,2.23E+12,,,,,,,,,MON(1),375.16,0,4/22/24,4/23/24,1,Monarch,531.28,,,,,4/10/24,Airbnb (API),,Confirmed,,,,,,,,,,95,,28.21,32.91,,,,,,,,,,,470,12,Airbnb,Monarch,470
OLD CB,Jered Miller,,,,,5.59E+12,,,,,,,,,SAF(1),636,919.45,4/22/24,4/25/24,3,Sage Safari,919.45,,,,,4/13/24,Website/Booking Engine,,Checked Out,,,,,,,,,,95,82.68,48.81,56.96,,,,,,,,,,,814,9,Direct,Sage Safari,271
OLD CB,Marcel Agosti,,,,,1.85E+12,,,,,,,,,CED(1),338,538.95,4/22/24,4/24/24,2,Cedar Haus,538.95,,,,,4/21/24,Website/Booking Engine,,Checked Out,,,,,,,,,,95,43.94,28.62,33.39,,,,,,,,,,,477,1,Direct,Cedar Haus,238
OLD CB,John Flood,,,,,7.95E+12,,,,,,,,,OAK(1),209,369.5,2/28/24,2/29/24,1,Live Oak Lodge,369.5,,,,,2/27/24,Website/Booking Engine,,Confirmed,,,,,,,,,,95,22.99,19.62,22.89,,,,,,,,,,,327,1,Direct,Live Oak Lodge,327
OLD CB,Israel Tellez,,,,,7.23E+12,,,,,,,,,SPY(1),558,819.87,4/23/24,4/25/24,2,Spyglass,819.87,,,,,4/8/24,Website/Booking Engine,,Checked Out,,,,,,,,,,95,72.54,43.54,50.79,,,,,,,,,,,726,15,Direct,Spyglass,363
OLD CB,Troy Hellmann,,,,,1.33E+12,,,,,,,,,DOM(1),424,648.75,4/23/24,4/25/24,2,Lantana Dome,648.75,,,,,4/12/24,Website/Booking Engine,,Checked Out,,,,,,,,,,95,55.12,34.44,40.19,,,,,,,,,,,574,11,Direct,Lantana Dome,287
OLD CB,Mark Liong,,,,,1.30E+12,,,,,,,,,COC(1),424,648.75,4/23/24,4/25/24,2,Cocoon,648.75,,,,,4/18/24,Website/Booking Engine,,Checked Out,,,,,,,,,,95,55.12,34.44,40.19,,,,,,,,,,,574,5,Direct,Cocoon,287
OLD CB,Jaydon Robinson,,,,,6.70E+12,,,,,,,,,OAK(1),1741.65,2291.91,4/24/24,4/27/24,3,Live Oak Lodge (Friends & Family Rate),2291.91,,,,,3/1/24,Website/Booking Engine,,Checked Out,,,,,,,,,,95,191.58,121.7,141.98,,,,,,,,,,,2028,54,Direct,Live Oak Lodge,676
OLD CB,Ashley Mendiola,,,,,7.84E+12,,,,,,,,,BUC(1),346.91,0,4/24/24,4/25/24,1,Buckeye Bungalow,499.35,,,,,4/23/24,Airbnb (API),,Confirmed,,,,,,,,,,95,,26.51,30.93,,,,,,,,,,,442,1,Airbnb,Buckeye Bungalow,442
OLD CB,Jonathan Suarez,,,,,9.85E+11,,,,,,,,,JUN(1),363,570.87,4/24/24,4/26/24,2,Juniper Haus,570.87,,,,,4/24/24,Website/Booking Engine,,Checked Out,,,,,,,,,,95,47.19,30.31,35.37,,,,,,,,,,,505,0,Direct,Juniper Haus,253
OLD CB,James Carter,,,,,6.13E+12,,,,,,,,,PEC(1),363,570.87,4/24/24,4/26/24,2,Pecan Haus,570.87,,,,,4/24/24,Website/Booking Engine,,Checked Out,,,,,,,,,,95,47.19,30.31,35.37,,,,,,,,,,,505,0,Direct,Pecan Haus,253
OLD CB,Kevin Toledo,,,,,6.40E+12,,,,,,,,,MON(1),201,364.01,4/25/24,4/26/24,1,Monarch,364.01,,,,,4/19/24,Website/Booking Engine,,Checked Out,,,,,,,,,,95,26.13,19.33,22.55,,,,,,,,,,,322,6,Direct,Monarch,322
OLD CB,Jeremy McConnico,,,,,3.51E+12,,,,,,,,,WAL(1),1428,1930.75,4/25/24,4/27/24,2,Walnut House,1930.75,,,,,4/24/24,Website/Booking Engine,,Checked Out,,,,,,,,,,95,185.64,102.51,119.6,,,,,,,,,,,1709,1,Direct,Walnut House,854
OLD CB,Joshua Averitt,,,,,3.61E+12,,,,,,,,,SAF(1),2098,2738.87,4/26/24,4/28/24,2,Sage Safari,2738.87,,,,,1/27/24,Website/Booking Engine,,Checked Out,,,,,,,,,,95,230.78,145.42,169.67,,,,,,,,,,,2424,90,Direct,Sage Safari,1212
OLD CB,Sarah Buckner,,,,,7.91E+12,,,,,,,,,SPY(1),482.51,0,3/11/24,3/12/24,1,Spyglass,652.59,,,,,2/27/24,Airbnb (API),,Confirmed,,,,,,,,,,95,,34.65,40.43,,,,,,,,,,,578,13,Airbnb,Spyglass,578
OLD CB,Emelia Contreras,,,,,9.96E+12,,,,,,,,,PEC(1),878,1228.45,4/26/24,4/28/24,2,Pecan Haus,1228.45,,,,,3/27/24,Website/Booking Engine,,Checked Out,,,,,,,,,,95,114.14,65.22,76.09,,,,,,,,,,,1087,30,Direct,Pecan Haus,544
OLD CB,Joel Horning,,,,,9.82E+12,,,,,,,,,JUN(1),878,1228.45,4/26/24,4/28/24,2,Juniper Haus,1228.45,,,,,4/7/24,Website/Booking Engine,,Checked Out,,,,,,,,,,95,114.14,65.22,76.09,,,,,,,,,,,1087,19,Direct,Juniper Haus,544
OLD CB,Jason Matthews,,,,,8.42E+12,,,,,,,,,SPY(1),3401.7,0,4/26/24,4/28/24,2,Spyglass,3951.27,,,,,4/15/24,Airbnb (API),,Confirmed,,,,,,,,,,95,,209.8,244.77,,,,,,,,,,,3497,11,Airbnb,Spyglass,1748
OLD CB,Giovanna Frazza-Stowers,,,,,6.46E+11,,,,,,,,,DOM(1),2183,2894.83,4/26/24,4/29/24,3,Lantana Dome,2894.83,,,,,4/17/24,Website/Booking Engine,,Checked Out,,,,,,,,,,95,283.79,153.71,179.33,,,,,,,,,,,2562,9,Direct,Lantana Dome,854
OLD CB,Nicole Coulter,,,,,4.11E+12,,,,,,,,,COC(1),1784,2385.35,4/26/24,4/28/24,2,Cocoon,2385.35,,,,,4/20/24,Website/Booking Engine,,Checked Out,,,,,,,,,,95,231.92,126.66,147.77,,,,,,,,,,,2111,6,Direct,Cocoon,1055
OLD CB,Chance Wheeler,,,,,6.59E+12,,,,,,,,,CED(1),746,1059.91,4/26/24,4/28/24,2,Cedar Haus,1059.91,,,,,4/22/24,Website/Booking Engine,,Checked Out,,,,,,,,,,95,96.98,56.28,65.65,,,,,,,,,,,938,4,Direct,Cedar Haus,469
OLD CB,Chris Cone,,,,,9.28E+12,,,,,,,,,BUC(1),1784,2385.35,4/26/24,4/28/24,2,Buckeye Bungalow,2385.35,,,,,4/22/24,Website/Booking Engine,,Checked Out,,,,,,,,,,95,231.92,126.66,147.77,,,,,,,,,,,2111,4,Direct,Buckeye Bungalow,1055
OLD CB,Gustavo Diaz Cruz,,,,,1.40E+12,,,,,,,,,WAL(1),779.7,0,4/27/24,4/28/24,1,Walnut House,988.41,,,,,4/27/24,Airbnb (API),,Confirmed,,,,,,,,,,95,,52.48,61.23,,,,,,,,,,,875,0,Airbnb,Walnut House,875
OLD CB,Gerardo Rodelo,,,,,4.39E+12,,,,,,,,,N/A,622.63,0,4/27/24,4/28/24,1,Live Oak Lodge,810.92,,,,,4/27/24,Airbnb (API),,Cancelled,,,4/27/24,,,,,,,95,,43.06,50.23,,,,,,,,,,,718,0,Airbnb,Live Oak Lodge,718
OLD CB,Hannah Brockert,,,,,6.53E+12,,,,,,,,,PEC(1),228,148.48,4/28/24,4/29/24,1,Pecan Haus,398.48,,,,,4/26/24,Website/Booking Engine,,Checked Out,,,,,,,,,,95,29.64,21.16,24.68,,,,,,,,,,,353,2,Direct,Pecan Haus,353
OLD CB,Shravanth Venishetty,,,,,3.99E+12,,,,,,,,,SAF(1),343.52,0,4/28/24,4/29/24,1,Sage Safari,495.53,,,,,4/27/24,Airbnb (API),,Confirmed,,,,,,,,,,95,,26.31,30.7,,,,,,,,,,,439,1,Airbnb,Sage Safari,439
OLD CB,Chazz Rudolph,,,,,7.98E+12,,,,,,,,,SPY(1),354.82,0,4/28/24,4/29/24,1,Spyglass,508.3,,,,,4/28/24,Airbnb (API),,Confirmed,,,,,,,,,,95,,26.99,31.49,,,,,,,,,,,450,0,Airbnb,Spyglass,450
OLD CB,Lila Bishop,,,,,9.75E+12,,,,,,,,,BUC(1),186,344.85,4/28/24,4/29/24,1,Buckeye Bungalow,344.85,,,,,4/28/24,Website/Booking Engine,,Checked Out,,,,,,,,,,95,24.18,18.31,21.36,,,,,,,,,,,305,0,Direct,Buckeye Bungalow,305
OLD CB,Samantha Sigun,,,,,3.74E+12,,,,,,,,,OAK(1),442.8,672.77,4/28/24,4/30/24,2,Live Oak Lodge (Thank You First Responders!),672.77,,,,,4/28/24,Website/Booking Engine,,Checked Out,,,,,,,,,,95,57.56,35.73,41.68,,,,,,,,,,,595,0,Direct,Live Oak Lodge,298
OLD CB,Kelly Topfer,,,,,8.58E+12,,,,,,,,,DOM(1),1000,1361.65,4/29/24,5/1/24,2,Lantana Dome,1361.65,,,,,3/14/24,Website/Booking Engine,,Checked Out,,,,,,,,,,95,110,72.3,84.35,,,,,,,,,,,1205,46,Direct,Lantana Dome,603
OLD CB,Betty Squyres,,,,,2.33E+12,,,,,,,,,JUN(1),518,768.79,4/29/24,5/1/24,2,Juniper Haus,768.79,,,,,3/29/24,Website/Booking Engine,,Checked Out,,,,,,,,,,95,67.34,40.82,47.63,,,,,,,,,,,680,31,Direct,Juniper Haus,340
OLD CB,Linda Goodman,,,,,1.72E+12,,,,,,,,,PEC(1),518,768.79,4/29/24,5/1/24,2,Pecan Haus,768.79,,,,,3/29/24,Website/Booking Engine,,In-House,,,,,,,,,,95,67.34,40.82,47.63,,,,,,,,,,,680,31,Direct,Pecan Haus,340
OLD CB,Lazaro Maldonado III,,,,,4.98E+12,,,,,,,,,WAL(1),947,1316.58,4/29/24,5/2/24,3,Walnut House,1316.58,,,,,4/13/24,Website/Booking Engine,,In-House,,,,,,,,,,95,123.11,69.91,81.56,,,,,,,,,,,1165,16,Direct,Walnut House,388
OLD CB,Jared Ratjen,,,,,2.52E+12,,,,,,,,,SPY(1),369.51,0,4/29/24,4/30/24,1,Spyglass,524.9,,,,,4/29/24,Airbnb (API),,Confirmed,,,,,,,,,,95,,27.87,32.52,,,,,,,,,,,465,0,Airbnb,Spyglass,465
OLD Track,Jared Ratjen,,,,,9071,HMRE4BQ9Y9,,,,,,,,Spyglass,237,0,4/29/24,4/30/24,1,,,,,0,,4/29/24,AIRBNB,,Checked Out,,,,,Airbnb,,,,,,,,,Rack Rate,,0,0,90,42.51,0,Gen Dogelio,,,327,0,Airbnb,Spyglass,327
OLD CB,Vicki Robinson,,,,,8.25E+12,,,,,,,,,SAF(1),576,842.84,4/30/24,5/2/24,2,Sage Safari,842.84,,,,,4/22/24,Website/Booking Engine,,Confirmed,,,,,,,,,,95,74.88,44.75,52.21,,,,,,,,,,,746,8,Direct,Sage Safari,373
OLD CB,Jared Ratjen,,,,,8.43E+12,,,,,,,,,MON(1),375.16,0,4/30/24,5/1/24,1,Monarch,531.28,,,,,4/30/24,Airbnb (API),,Confirmed,,,,,,,,,,95,,28.21,32.91,,,,,,,,,,,470,0,Airbnb,Monarch,470
OLD Track,Jared Ratjen,,,,,9100,HMS3ZAXD4E,,,,,,,,Monarch,237,0,4/30/24,5/1/24,1,,,,,0,,4/30/24,AIRBNB,,Checked Out,,,,,Airbnb,,,,,,,,,Rack Rate,,0,0,95,43.16,0,Gen Dogelio,,,332,0,Airbnb,Monarch,332
OLD CB,YESSEL HINOJOSA,,,,,3.40E+12,,,,,,,,,OAK(1),848,1190.16,5/1/24,5/3/24,2,Live Oak Lodge,1190.16,,,,,3/23/24,Website/Booking Engine,,Confirmed,,,,,,,,,,95,110.24,63.19,73.73,,,,,,,,,,,1053,39,Direct,Live Oak Lodge,527
OLD CB,Dezmon Metze,,,,,5.51E+12,,,,,,,,,DOM(1),848,1190.16,5/1/24,5/3/24,2,Lantana Dome,1190.16,,,,,4/15/24,Website/Booking Engine,,Confirmed,,,,,,,,,,95,110.24,63.19,73.73,,,,,,,,,,,1053,16,Direct,Lantana Dome,527
OLD CB,King Stays Llc,,,,,2.90E+12,,,,,,,,,SPY(1),1059.94,0,5/1/24,5/3/24,2,Spyglass,1305.09,,,,,4/16/24,Airbnb (API),,Confirmed,,,,,,,,,,95,,69.3,80.85,,,,,,,,,,,1155,15,Airbnb,Spyglass,577
OLD CB,Amy Walker,,,,,7.57E+12,,,,,,,,,N/A,1456,969.81,5/2/24,5/6/24,4,Pecan Haus,1933.59,,,,,3/9/24,Website/Booking Engine,,Cancelled,,,4/20/24,,,,,,,95,160.16,102.66,119.77,,,,,,,,,,,1711,54,Direct,Pecan Haus,428
OLD CB,Sandra Villalba,,,,,8.44E+12,,,,,,,,,SAF(1),1358,1841.38,5/2/24,5/4/24,2,Sage Safari,1841.38,,,,,4/26/24,Website/Booking Engine,,Confirmed,,,,,,,,,,95,176.54,97.77,114.07,,,,,,,,,,,1630,6,Direct,Sage Safari,815
OLD CB,Chad De Stigter,,,,,9.19E+11,,,,,,,,,COC(1),1805,2412.15,5/2/24,5/5/24,3,Cocoon,2412.15,,,,,4/28/24,Website/Booking Engine,,Confirmed,,,,,,,,,,95,234.65,128.08,149.42,,,,,,,,,,,2135,4,Direct,Cocoon,712
OLD CB,Niki Acosta,,,,,7.99E+12,,,,,,,,,MON(1),1858,2437.83,3/15/24,3/17/24,2,Monarch,2437.83,,,,,2/27/24,Website/Booking Engine,,Checked Out,,,,,,,,,,95,204.38,129.44,151.01,,,,,,,,,,,2157,17,Direct,Monarch,1079
OLD CB,Kaylee Price,,,,,8.71E+12,,,,,,,,,JUN(1),798,1126.31,5/3/24,5/5/24,2,Juniper Haus,1126.31,,,,,3/29/24,Website/Booking Engine,,Confirmed,,,,,,,,,,95,103.74,59.8,69.77,,,,,,,,,,,997,35,Direct,Juniper Haus,498
OLD CB,david dennis,,,,,9.02E+12,,,,,,,,,OAK(1),1798,2403.21,5/3/24,5/5/24,2,Live Oak Lodge,2403.21,,,,,4/8/24,Website/Booking Engine,,Confirmed,,,,,,,,,,95,233.74,127.6,148.87,,,,,,,,,,,2127,25,Direct,Live Oak Lodge,1063
OLD CB,Aron Lanclos,,,,,7.14E+12,,,,,,,,,PEC(1),798,1126.31,5/3/24,5/5/24,2,Pecan Haus,1126.31,,,,,4/21/24,Website/Booking Engine,,Confirmed,,,,,,,,,,95,103.74,59.8,69.77,,,,,,,,,,,997,12,Direct,Pecan Haus,498
OLD CB,Pip Dicker,,,,,8.08E+12,,,,,,,,,WAL(1),1438,1943.53,5/3/24,5/5/24,2,Walnut House,1943.53,,,,,4/27/24,Website/Booking Engine,,Confirmed,,,,,,,,,,95,186.94,103.2,120.39,,,,,,,,,,,1720,6,Direct,Walnut House,860
OLD Track,Drew Bridges,dbridges@jmirealty.com,,,,9125,,,,,,,,,Monarch,767,912.34,5/3/24,5/4/24,1,,,,,0,,5/2/24,Guest,,Checked Out,,,,,,,,,,,,,,Rack Rate,Friends & Family,153.4,0,196.25,102.49,0,online,,,963,1,Direct,Monarch,963
OLD CB,Kyrstin McBride,,,,,1.98E+12,,,,,,,,,DOM(1),1438,1943.53,5/3/24,5/5/24,2,Lantana Dome,1943.53,,,,,5/2/24,Website/Booking Engine,,Confirmed,,,,,,,,,,95,186.94,103.2,120.39,,,,,,,,,,,1720,1,Direct,Lantana Dome,860
OLD CB,Zachary Roward,,,,,2.32E+12,,,,,,,,,MON(1),2606,3434.94,5/4/24,5/8/24,4,Monarch,3434.94,,,,,4/24/24,Website/Booking Engine,,Confirmed,,,,,,,,,,95,338.78,182.39,212.77,,,,,,,,,,,3040,10,Direct,Monarch,760
OLD CB,Robert Cline,,,,,8.45E+12,,,,,,,,,SAF(1),719,1025.44,5/4/24,5/5/24,1,Sage Safari,1025.44,,,,,5/1/24,Website/Booking Engine,,Confirmed,,,,,,,,,,95,93.47,54.45,63.52,,,,,,,,,,,907,3,Direct,Sage Safari,907
OLD Track,Conner Polk,,,,,9139,HMJT4DMTND,,,,,,,,Buckeye Bungalow,687,883.66,5/4/24,5/6/24,2,,,,,0,,5/3/24,AIRBNB,,Checked Out,,,,,Airbnb,,,,,,,,,Rack Rate,,,0,95,101.67,0,channel,Lock To Channel,,782,1,Airbnb,Buckeye Bungalow,391
OLD CB,Melanie Ribbeck,,,,,8.58E+12,,,,,,,,,SAF(1),1998,2613.43,5/5/24,5/7/24,2,Sage Safari,2613.43,,,,,1/2/24,Website/Booking Engine,,Confirmed,,,,,,,,,,95,219.78,138.76,161.89,,,,,,,,,,,2313,124,Direct,Sage Safari,1156
OLD CB,Carla Garza,,,,,5.89E+12,,,,,,,,,SPY(1),1237,1658.93,5/5/24,5/8/24,3,Spyglass,1658.93,,,,,1/30/24,Website/Booking Engine,,Confirmed,,,,,,,,,,95,136.07,88.09,102.77,,,,,,,,,,,1468,96,Direct,Spyglass,489
OLD CB,Mckenzie Ward,,,,,2.51E+12,,,,,,,,,COC(1),848,1190.16,5/5/24,5/7/24,2,Cocoon,1190.16,,,,,4/1/24,Website/Booking Engine,,Confirmed,,,,,,,,,,95,110.24,63.19,73.73,,,,,,,,,,,1053,34,Direct,Cocoon,527
OLD Track,Olivia Ponton,thepontons@gmail.com,,,,9124,,,,,,,,,Walnut House (Pet Friendly),239,420.89,5/5/24,5/6/24,1,,,,,0,,5/2/24,Website,,Checked Out,,,,,,,,,,,,,,Rack Rate,,0,0,134.44,47.45,0,channel,,,373,3,Direct,Walnut House,373
OLD Track,Cody Cox,,,,,9152,HMMCKNQKF3,,,,,,,,Live Oak Lodge (Pet Friendly),239,388.72,5/5/24,5/6/24,1,,,,,0,,5/5/24,AIRBNB,,Checked Out,,,,,Airbnb,,,,,,,,,Rack Rate,,,0,105,44.72,0,channel,Lock To Channel,,344,0,Airbnb,Live Oak Lodge,344
OLD CB,Veronica Meza,,,,,6.96E+12,,,,,,,,,N/A,1798,68.81,5/3/24,5/5/24,2,Live Oak Lodge,2362.57,,,,,2/27/24,Website/Booking Engine,,Cancelled,,,2/28/24,,,,,,,95,197.78,125.44,146.35,,,,,,,,,,,2091,66,Direct,Live Oak Lodge,1045
OLD CB,Joshua Eubanks,,,,,1.30E+12,,,,,,,,,OAK(1),778,1100.77,5/6/24,5/8/24,2,Live Oak Lodge,1100.77,,,,,4/1/24,Website/Booking Engine,,Confirmed,,,,,,,,,,95,101.14,58.44,68.19,,,,,,,,,,,974,35,Direct,Live Oak Lodge,487
OLD Track,Stefan Fourie,,,,,9166,HMK8ZEJKKX,,,,,,,,Walnut House (Pet Friendly),202,335.61,5/6/24,5/7/24,1,,,,,0,,5/6/24,AIRBNB,,Checked Out,,,,,Airbnb,,,,,,,,,Rack Rate,,,0,95,38.61,0,channel,Lock To Channel,,297,0,Airbnb,Walnut House,297
OLD CB,Joseph Cardello,,,,,4.54E+12,,,,,,,,,"WAL(1), SAF(1)",2350.3,3215.76,5/7/24,5/10/24,3,"Walnut House (5% OFF TREEHOUSE), Sage Safari (5% OFF TREEHOUSE)",3215.76,,,,,4/2/24,Website/Booking Engine,,Confirmed,,,,,,,,,,190,305.54,170.72,199.2,,,,,,,,,,,2846,35,Direct,Walnut House,949
OLD CB,David Long,,,,,1.84E+12,,,,,,,,,OAK(1),848,1171,5/8/24,5/10/24,2,Live Oak Lodge,1171,,,,,3/13/24,Website/Booking Engine,,Confirmed,,,,,,,,,,95,93.28,62.18,72.54,,,,,,,,,,,1036,56,Direct,Live Oak Lodge,518
OLD CB,Rick Zerby,,,,,9.18E+12,,,,,,,,,N/A,1065.59,0,5/8/24,5/10/24,2,Monarch,1311.48,,,,,3/16/24,Airbnb (API),,Cancelled,,,4/29/24,,,,,,,95,,69.64,81.25,,,,,,,,,,,1161,53,Airbnb,Monarch,580
OLD CB,Iv√°n S√°nchez Angulo,,,,,6.44E+12,,,,,,,,,N/A,2707.88,0,5/8/24,5/11/24,3,Spyglass,3167.25,,,,,4/21/24,Airbnb (API),,Cancelled,,,4/21/24,,,,,,,95,,168.18,196.19,,,,,,,,,,,2803,17,Airbnb,Spyglass,934
OLD Track,Kent Turner,,,,,9151,HMDJJAFZX2,,,,,,,,Lantana Dome,222,358.21,5/8/24,5/9/24,1,,,,,0,,5/5/24,AIRBNB,,Checked Out,,,,,Airbnb,,,,,,,,,Rack Rate,,,0,95,41.21,0,channel,Lock To Channel,,317,3,Airbnb,Lantana Dome,317
OLD CB,Andrea Medina,,,,,1.49E+12,,,,,,,,,COC(1),1558,2096.76,5/9/24,5/11/24,2,Cocoon,2096.76,,,,,4/23/24,Website/Booking Engine,,Confirmed,,,,,,,,,,95,202.54,111.33,129.89,,,,,,,,,,,1856,16,Direct,Cocoon,928
OLD CB,Silvio Rafael Nava Rivero,,,,,7.91E+12,,,,,,,,,N/A,798,891.96,5/10/24,5/12/24,2,Pecan Haus,1108.27,,,,,3/11/24,Website/Booking Engine,,Cancelled,,,5/8/24,,,,,,,95,87.78,58.84,68.65,,,,,,,,,,,981,60,Direct,Pecan Haus,490
OLD CB,Jacqui Bueche,,,,,8.47E+12,,,,,,,,,OAK(1),1798,2403.21,5/10/24,5/12/24,2,Live Oak Lodge,2403.21,,,,,3/17/24,Website/Booking Engine,,Confirmed,,,,,,,,,,95,233.74,127.6,148.87,,,,,,,,,,,2127,54,Direct,Live Oak Lodge,1063
OLD CB,David Mayer,,,,,4.96E+11,,,,,,,,,DOM(1),1798,2362.57,5/10/24,5/12/24,2,Lantana Dome,2362.57,,,,,3/17/24,Website/Booking Engine,,Confirmed,,,,,,,,,,95,197.78,125.44,146.35,,,,,,,,,,,2091,54,Direct,Lantana Dome,1045
OLD CB,Panos Karpidas,,,,,5.54E+12,,,,,,,,,SAF(1),1798,2403.21,5/10/24,5/12/24,2,Sage Safari,2403.21,,,,,3/25/24,Website/Booking Engine,,Confirmed,,,,,,,,,,95,233.74,127.6,148.87,,,,,,,,,,,2127,46,Direct,Sage Safari,1063
OLD CB,Hector Amezquita,,,,,8.09E+12,,,,,,,,,JUN(1),798,1126.31,5/10/24,5/12/24,2,Juniper Haus,1126.31,,,,,4/14/24,Website/Booking Engine,,Confirmed,,,,,,,,,,95,103.74,59.8,69.77,,,,,,,,,,,997,26,Direct,Juniper Haus,498
OLD CB,Bryan Stotler,,,,,6.15E+12,,,,,,,,,CED(1),798,1126.31,5/10/24,5/12/24,2,Cedar Haus,1126.31,,,,,4/14/24,Website/Booking Engine,,Confirmed,,,,,,,,,,95,103.74,59.8,69.77,,,,,,,,,,,997,26,Direct,Cedar Haus,498
OLD CB,Joey Montez,,,,,9.23E+12,,,,,,,,,MON(1),3495.09,0,5/10/24,5/12/24,2,Monarch,4056.8,,,,,4/29/24,Airbnb (API),,Confirmed,,,,,,,,,,95,,215.4,251.31,,,,,,,,,,,3590,11,Airbnb,Monarch,1795
OLD Track,Adam Willms,,,,,9190,HMHXW5EA2T,,,,,,,,Spyglass,467,635.06,5/10/24,5/11/24,1,,,,,0,,5/10/24,AIRBNB,,Checked Out,,,,,Airbnb,,,,,,,,,Rack Rate,,,0,95,73.06,0,channel,,,562,0,Airbnb,Spyglass,562
OLD CB,Emma Potter,,,,,5.59E+12,,,,,,,,,WAL(1),1358,1841.38,5/11/24,5/13/24,2,Walnut House,1841.38,,,,,4/3/24,Website/Booking Engine,,Confirmed,,,,,,,,,,95,176.54,97.77,114.07,,,,,,,,,,,1630,38,Direct,Walnut House,815
OLD Track,Mike Reyes,,,,,9201,HM4C9Y4BDF,,,,,,,,Cocoon,352,505.11,5/11/24,5/12/24,1,,,,,0,,5/11/24,AIRBNB,,Checked Out,,,,,Airbnb,,,,,,,,,Rack Rate,,,0,95,58.11,0,channel,,,447,0,Airbnb,Cocoon,447
OLD Track,Logan Hillman,,,,,9203,HMYTKBATCZ,,,,,,,,Pecan Haus,128,251.99,5/11/24,5/12/24,1,,,,,0,,5/11/24,AIRBNB,,Checked Out,,,,,Airbnb,,,,,,,,,Rack Rate,,,0,95,28.99,0,channel,,,223,0,Airbnb,Pecan Haus,223
OLD CB,Erin Peterson,,,,,,,,,,,,,,SPY(1),459,,5/12/24,5/13/24,1,,,,,,,4/30/24,Website/Booking Engine,,,,,,,,,,,,,,,,,,,,,,,,,,459,12,Direct,Spyglass,459
OLD Track,Aifaz Gowani,aifazg92@utexas.edu,,,,9191,,,,,,,,,Cocoon,229,407.78,5/12/24,5/13/24,1,,,,,0,,5/10/24,Website,,Checked Out,,,,,,,,,,,,,,Rack Rate,,0,0,132.79,45.99,0,channel,,,362,2,Direct,Cocoon,362
OLD CB,Ronald Lewis II,,,,,3.78E+12,,,,,,,,,DOM(1),1060,1186.91,3/1/24,3/3/24,2,Lantana Dome,1436.91,,,,,2/28/24,Website/Booking Engine,,Confirmed,,,,,,,,,,95,116.6,76.3,89.01,,,,,,,,,,,1272,2,Direct,Lantana Dome,636
OLD CB,Leslie Kiernan,,,,,2.73E+12,,,,,,,,,OAK(1),1167,1597.48,5/13/24,5/16/24,3,Live Oak Lodge,1597.48,,,,,3/31/24,Website/Booking Engine,,Confirmed,,,,,,,,,,95,151.71,84.81,98.96,,,,,,,,,,,1414,43,Direct,Live Oak Lodge,471
OLD CB,Danielle Devine,,,,,3.48E+12,,,,,,,,,SAF(1),1167,1597.48,5/13/24,5/16/24,3,Sage Safari,1597.48,,,,,4/15/24,Website/Booking Engine,,Confirmed,,,,,,,,,,95,151.71,84.81,98.96,,,,,,,,,,,1414,28,Direct,Sage Safari,471
OLD Track,Derek Gagne,chevywithahemi88@gmail.com,,,,9150,,,,,,,,,Walnut House (Pet Friendly),778,1128.02,5/13/24,5/15/24,2,,,,,0,,5/5/24,Website,,Checked Out,,,,,,,,,,,,,,Rack Rate,,0,0,223.37,126.65,0,channel,,,1001,8,Direct,Walnut House,501
OLD Track,Michael Evans,michaelevans@hot.rr.com,,,,9211,,,,,,,,,Cocoon,423,662.3,5/13/24,5/15/24,2,,,,,0,,5/11/24,Website,,Checked Out,,,,,,,,,,,,,,Rack Rate,,0,0,164.8,74.5,0,channel,,,588,2,Direct,Cocoon,294
OLD Track,Pypper Namikas,,,,,9232,HM3FDR5RCP,,,,,,,,Monarch,214,349.17,5/13/24,5/14/24,1,,,,,0,,5/13/24,AIRBNB,,Checked Out,,,,,Airbnb,,,,,,,,,Rack Rate,,,0,95,40.17,0,channel,,,309,0,Airbnb,Monarch,309
OLD Track,Ethan Serbantes,,,,,9227,HMJRXMCBJ9,,,,,,,,Buckeye Bungalow,214,349.17,5/14/24,5/15/24,1,,,,,0,,5/12/24,AIRBNB,,Checked Out,,,,,Airbnb,,,,,,,,,Rack Rate,,,0,95,40.17,0,channel,,,309,2,Airbnb,Buckeye Bungalow,309
OLD Track,Yarisa Rangel,yarisarlopez02@gmail.com,,,,9231,,,,,,,,,Lantana Dome,428,668.85,5/14/24,5/16/24,2,,,,,0,,5/13/24,Website,,Checked Out,,,,,,,,,,,,,,Rack Rate,,0,0,165.62,75.23,0,channel,,,594,1,Direct,Lantana Dome,297
OLD Track,Andre Guillory,andreguy03@gmail.com,,,,9242,,,,,,,,,Pecan Haus,747,1087.36,5/14/24,5/17/24,3,,,,,0,,5/13/24,Website,,Checked Out,,,,,,,,,,,,,,Rack Rate,,0,0,218.26,122.1,0,channel,,,965,1,Direct,Pecan Haus,322
OLD Track,Daniel Rigney,dannr09@gmail.com,,,,9257,HMKRA3B3X9,,,,,,,,Cedar Haus (Pet Friendly),418,579.69,5/14/24,5/16/24,2,,,,,0,,5/14/24,AIRBNB,,Checked Out,,,,,Airbnb,,,,,,,,,Rack Rate,,,0,95,66.7,0,channel,,,513,0,Airbnb,Cedar Haus,257
OLD CB,Joshua Raimer,,,,,9.85E+12,,,,,,,,,WAL(1),848,1190.16,5/15/24,5/17/24,2,Walnut House,1190.16,,,,,4/9/24,Website/Booking Engine,,Confirmed,,,,,,,,,,95,110.24,63.19,73.73,,,,,,,,,,,1053,36,Direct,Walnut House,527
OLD CB,Drake Burnette,,,,,7.22E+12,,,,,,,,,SPY(1),1838,2454.3,5/16/24,5/18/24,2,Spyglass,2454.3,,,,,4/27/24,Website/Booking Engine,,Confirmed,,,,,,,,,,95,238.94,130.32,152.04,,,,,,,,,,,2172,19,Direct,Spyglass,1086
OLD CB,Michael Furnas,,,,,6.32E+12,,,,,,,,,OAK(1),1798,2403.21,5/17/24,5/19/24,2,Live Oak Lodge,2403.21,,,,,4/6/24,Website/Booking Engine,,Confirmed,,,,,,,,,,95,233.74,127.6,148.87,,,,,,,,,,,2127,41,Direct,Live Oak Lodge,1063
OLD CB,Helen Chen,,,,,8.62E+12,,,,,,,,,SAF(1),2098,2786.28,5/17/24,5/19/24,2,Sage Safari,2786.28,,,,,4/12/24,Website/Booking Engine,,Confirmed,,,,,,,,,,95,272.74,147.94,172.6,,,,,,,,,,,2466,35,Direct,Sage Safari,1233
OLD CB,Joseph Civello,,,,,1.51E+12,,,,,,,,,COC(1),1798,2403.21,5/17/24,5/19/24,2,Cocoon,2403.21,,,,,4/15/24,Website/Booking Engine,,Confirmed,,,,,,,,,,95,233.74,127.6,148.87,,,,,,,,,,,2127,32,Direct,Cocoon,1063
OLD CB,Anthony Papa,,,,,1.33E+11,,,,,,,,,JUN(1),878,1228.45,5/17/24,5/19/24,2,Juniper Haus,1228.45,,,,,4/28/24,Website/Booking Engine,,Confirmed,,,,,,,,,,95,114.14,65.22,76.09,,,,,,,,,,,1087,19,Direct,Juniper Haus,544
OLD Track,Paige Kinkade,,,,,9174,HMSPDJSH3E,,,,,,,,Monarch,2758,3223.89,5/17/24,5/19/24,2,,,,,0,,5/7/24,AIRBNB,,Checked Out,,,,,Airbnb,,,,,,,,,Rack Rate,,,0,95,370.9,0,channel,Lock To Channel,,2853,10,Airbnb,Monarch,1427
OLD Track,Robert Bass,,,,,9265,HMBHQXW5MK,,,,,,,,Pecan Haus,229,366.12,5/17/24,5/18/24,1,,,,,0,,5/14/24,AIRBNB,,Checked Out,,,,,Airbnb,,,,,,,,,Rack Rate,,,0,95,42.12,0,channel,,,324,3,Airbnb,Pecan Haus,324
OLD CB,Charles Hill,,,,,2.58E+12,,,,,,,,,PEC(1),728,847.29,5/18/24,5/20/24,2,Pecan Haus,1036.93,,,,,4/14/24,Website/Booking Engine,,Confirmed,,,,,,,,,,95,94.64,55.06,64.23,,,,,,,,,,,918,34,Direct,Pecan Haus,459
OLD Track,Draionna James,,,,,9163,HMJRTB524C,,,,,,,,Spyglass,1838,2184.29,5/18/24,5/20/24,2,,,,,0,,5/6/24,AIRBNB,,Checked Out,,,,,Airbnb,,,,,,,,,Rack Rate,,,0,95,251.3,0,channel,Lock To Channel,,1933,12,Airbnb,Spyglass,967
OLD Track,Chad Davis,,,,,9308,HMRXF8DCQH,,,,,,,,Lantana Dome,339,490.42,5/18/24,5/19/24,1,,,,,0,,5/18/24,AIRBNB,,Checked Out,,,,,Airbnb,,,,,,,,,Rack Rate,,,0,95,56.42,0,channel,,,434,0,Airbnb,Lantana Dome,434
OLD Track,Chris Coffee,,,,,9302,HMEFDPHJJ9,,,,,,,,Walnut House (Pet Friendly),339,490.42,5/18/24,5/19/24,1,,,,,0,,5/18/24,AIRBNB,,Checked Out,,,,,Airbnb,,,,,,,,,Rack Rate,,,0,95,56.42,0,channel,,,434,0,Airbnb,Walnut House,434
OLD Track,Tanner Scott,,,,,9303,HM2TTQRAFM,,,,,,,,Cedar Haus (Pet Friendly),321,470.08,5/18/24,5/20/24,2,,,,,0,,5/18/24,AIRBNB,,Checked Out,,,,,Airbnb,,,,,,,,,Rack Rate,,,0,95,54.09,0,channel,,,416,0,Airbnb,Cedar Haus,208
OLD Track,Zachary Swain,czswain23@gmail.com,,,,9266,,,,,,,,,Lantana Dome,568,852.52,5/19/24,5/21/24,2,,,,,0,,5/14/24,Website,,Checked Out,,,,,,,,,,,,,,Rack Rate,,0,0,188.72,95.8,0,channel,,,757,5,Direct,Lantana Dome,378
OLD Track,Justin Ybarra,,,,,9300,HM35YYQX5Z,,,,,,,,Walnut House (Pet Friendly),214,349.17,5/19/24,5/20/24,1,,,,,0,,5/17/24,AIRBNB,,Checked Out,,,,,Airbnb,,,,,,,,,Rack Rate,,,0,95,40.17,0,channel,,,309,2,Airbnb,Walnut House,309
OLD Track,Kayleen Cleary,,,,,9312,HM8RKPSS22,,,,,,,,Monarch,181,311.88,5/19/24,5/20/24,1,,,,,0,,5/18/24,AIRBNB,,Checked Out,,,,,Airbnb,,,,,,,,,Rack Rate,,,0,95,35.88,0,channel,,,276,1,Airbnb,Monarch,276
OLD Track,Andrea Castillo,andre_1102cm@hotmail.com,,,,9304,,,,,,,,,Live Oak Lodge (Pet Friendly),188,365.29,5/19/24,5/20/24,1,,,,,0,,5/18/24,Website,,Checked Out,,,,,,,,,,,,,,Rack Rate,,0,0,136.02,41.27,0,channel,,,324,1,Direct,Live Oak Lodge,324
OLD CB,Matt Elrod,,,,,9.48E+12,,,,,,,,,MON(1),778,1100.77,5/20/24,5/22/24,2,Monarch,1100.77,,,,,4/4/24,Website/Booking Engine,,Confirmed,,,,,,,,,,95,101.14,58.44,68.19,,,,,,,,,,,974,46,Direct,Monarch,487
OLD CB,Tim Thornhill,,,,,1.91E+12,,,,,,,,,COC(1),1167,1597.48,5/20/24,5/23/24,3,Cocoon,1597.48,,,,,4/13/24,Website/Booking Engine,,Confirmed,,,,,,,,,,95,151.71,84.81,98.96,,,,,,,,,,,1414,37,Direct,Cocoon,471
OLD CB,Maria Wilcock,,,,,8.01E+12,,,,,,,,,SAF(1),856,1200.37,5/20/24,5/22/24,2,Sage Safari,1200.37,,,,,4/19/24,Website/Booking Engine,,Confirmed,,,,,,,,,,95,111.28,63.74,74.35,,,,,,,,,,,1062,31,Direct,Sage Safari,531
OLD CB,Brian Spear,,,,,9.65E+12,,,,,,,,,PEC(1),837,1176.13,5/20/24,5/23/24,3,Pecan Haus,1176.13,,,,,4/19/24,Website/Booking Engine,,Confirmed,,,,,,,,,,95,108.81,62.46,72.86,,,,,,,,,,,1041,31,Direct,Pecan Haus,347
OLD Track,FLor Ruiz,,,,,9321,HM2A3SYMDX,,,,,,,,Live Oak Lodge (Pet Friendly),249,400.02,5/20/24,5/21/24,1,,,,,0,,5/20/24,AIRBNB,,Checked Out,,,,,Airbnb,,,,,,,,,Rack Rate,,,0,105,46.02,0,channel,,,354,0,Airbnb,Live Oak Lodge,354
OLD CB,Joelle Tong,,,,,3.09E+12,,,,,,,,,OAK(1),778,1100.77,5/21/24,5/23/24,2,Live Oak Lodge,1100.77,,,,,4/6/24,Website/Booking Engine,,Confirmed,,,,,,,,,,95,101.14,58.44,68.19,,,,,,,,,,,974,45,Direct,Live Oak Lodge,487
OLD Track,Joshua Shaw,josh.shaw3354@gmail.com,,,,9294,,,,,,,,,Lantana Dome,458,708.21,5/21/24,5/23/24,2,,,,,0,,5/17/24,Website,,Checked Out,,,,,,,,,,,,,,Rack Rate,,0,0,170.57,79.64,0,channel,,,629,4,Direct,Lantana Dome,314
OLD CB,Jason Stephens,,,,,6.90E+12,,,,,,,,,WAL(1),848,1171,5/22/24,5/24/24,2,Walnut House,1171,,,,,3/15/24,Website/Booking Engine,,Confirmed,,,,,,,,,,95,93.28,62.18,72.54,,,,,,,,,,,1036,68,Direct,Walnut House,518
OLD CB,Debbie Bizaillion,,,,,4.51E+12,,,,,,,,,SAF(1),848,1190.16,5/22/24,5/24/24,2,Sage Safari,1190.16,,,,,4/1/24,Website/Booking Engine,,Confirmed,,,,,,,,,,95,110.24,63.19,73.73,,,,,,,,,,,1053,51,Direct,Sage Safari,527
OLD CB,Madison Bayless,,,,,3.50E+12,,,,,,,,,SPY(1),2324.81,0,5/22/24,5/25/24,3,Spyglass,2734.41,,,,,4/6/24,Airbnb (API),,Confirmed,,,,,,,,,,95,,145.2,169.4,,,,,,,,,,,2420,46,Airbnb,Spyglass,807
OLD CB,Christina Buitron,,,,,7.36E+12,,,,,,,,,OAK(1),269,444.76,3/4/24,3/5/24,1,Live Oak Lodge,444.76,,,,,2/28/24,Website/Booking Engine,,Checked Out,,,,,,,,,,95,29.59,23.62,27.55,,,,,,,,,,,394,5,Direct,Live Oak Lodge,394
OLD CB,Rozernea Carter,,,,,6.66E+12,,,,,,,,,DOM(1),404,614.09,3/4/24,3/6/24,2,Lantana Dome,614.09,,,,,2/28/24,Website/Booking Engine,,Checked Out,,,,,,,,,,95,44.44,32.6,38.05,,,,,,,,,,,543,5,Direct,Lantana Dome,272
OLD CB,Khanh Nguyen,,,,,1.23E+12,,,,,,,,,PEC(1),728,1036.93,5/23/24,5/25/24,2,Pecan Haus,1036.93,,,,,4/5/24,Website/Booking Engine,,Confirmed,,,,,,,,,,95,94.64,55.06,64.23,,,,,,,,,,,918,48,Direct,Pecan Haus,459
OLD CB,Diahann Armstrong,,,,,5.58E+12,,,,,,,,,DOM(1),1358,1841.38,5/23/24,5/25/24,2,Lantana Dome,1841.38,,,,,4/9/24,Website/Booking Engine,,Confirmed,,,,,,,,,,95,176.54,97.77,114.07,,,,,,,,,,,1630,44,Direct,Lantana Dome,815
OLD CB,Monica Martinez,,,,,7.56E+12,,,,,,,,,BUC(1),1798,2362.57,5/24/24,5/26/24,2,Buckeye Bungalow,2362.57,,,,,3/13/24,Website/Booking Engine,,Confirmed,,,,,,,,,,95,197.78,125.44,146.35,,,,,,,,,,,2091,72,Direct,Buckeye Bungalow,1045
OLD CB,Jake Polendo,,,,,9.22E+12,,,,,,,,,CED(1),798,1126.31,5/24/24,5/26/24,2,Cedar Haus,1126.31,,,,,4/1/24,Website/Booking Engine,,Confirmed,,,,,,,,,,95,103.74,59.8,69.77,,,,,,,,,,,997,53,Direct,Cedar Haus,498
OLD CB,Minerva Carrasco,,,,,9.38E+12,,,,,,,,,JUN(1),958,1330.62,5/24/24,5/26/24,2,Juniper Haus,1330.62,,,,,4/11/24,Website/Booking Engine,,Confirmed,,,,,,,,,,95,124.54,70.65,82.43,,,,,,,,,,,1178,43,Direct,Juniper Haus,589
OLD Track,Kevin Vilkin,kvilkin@gmail.com,,,,9167,,,,,,,,,Monarch,1319,1837.75,5/24/24,5/25/24,1,,,,,0,,5/6/24,Website,,Checked Out,,,,,,,,,,,,,,Rack Rate,,0,0,312.64,206.11,0,channel,,,1632,18,Direct,Monarch,1632
OLD Track,Gratiela Miu,gratziela.miu@gmail.com,,,,9313,,,,,,,,,Sage Safari,599,904.48,5/24/24,5/25/24,1,,,,,0,,5/19/24,Website,,Checked Out,,,,,,,,,,,,,,Rack Rate,,0,0,203.84,101.64,0,channel,,,803,5,Direct,Sage Safari,803
OLD Track,Vanessa Ollervides,,,,,9354,HMJQXWXC83,,,,,,,,Walnut House (Pet Friendly),419,580.82,5/24/24,5/25/24,1,,,,,0,,5/24/24,AIRBNB,,Checked Out,,,,,Airbnb,,,,,,,,,Rack Rate,,,0,95,66.82,0,channel,,,514,0,Airbnb,Walnut House,514
OLD Track,Felix Jaimes,,,,,9356,HM4QPQ5KXF,,,,,,,,Cocoon,889,1111.92,5/24/24,5/26/24,2,,,,,0,,5/24/24,AIRBNB,,Checked Out,,,,,Airbnb,,,,,,,,,Rack Rate,,,0,95,127.93,0,channel,,,984,0,Airbnb,Cocoon,492
OLD CB,Lauren Smith,,,,,7.22E+12,,,,,,,,,SPY(1),1658,2186.97,5/25/24,5/27/24,2,Spyglass,2186.97,,,,,3/2/24,Website/Booking Engine,,Confirmed,,,,,,,,,,95,182.38,116.12,135.47,,,,,,,,,,,1935,84,Direct,Spyglass,968
OLD CB,Andrew O'Hara,,,,,9.66E+12,,,,,,,,,SAF(1),1358,1841.38,5/25/24,5/27/24,2,Sage Safari,1841.38,,,,,3/22/24,Website/Booking Engine,,Confirmed,,,,,,,,,,95,176.54,97.77,114.07,,,,,,,,,,,1630,64,Direct,Sage Safari,815
OLD CB,Chris Barrientes,,,,,8.45E+11,,,,,,,,,WAL(1),2136,2834.8,5/25/24,5/29/24,4,Walnut House,2834.8,,,,,3/28/24,Website/Booking Engine,,Confirmed,,,,,,,,,,95,277.68,150.51,175.61,,,,,,,,,,,2509,58,Direct,Walnut House,627
OLD CB,Dara Havemann,,,,,7.77E+12,,,,,,,,,MON(1),3359.49,0,5/25/24,5/27/24,2,Monarch,3903.57,,,,,4/27/24,Airbnb (API),,Confirmed,,,,,,,,,,95,,207.27,241.81,,,,,,,,,,,3454,28,Airbnb,Monarch,1727
OLD CB,alan gomez,,,,,5.66E+12,,,,,,,,,PEC(1),1058,1458.31,5/25/24,5/27/24,2,Pecan Haus,1458.31,,,,,4/29/24,Website/Booking Engine,,Confirmed,,,,,,,,,,95,137.54,77.43,90.34,,,,,,,,,,,1291,26,Direct,Pecan Haus,645
OLD Track,Manuel Hoyer,,,,,9353,HMB8JSFSBR,,,,,,,,Lantana Dome,529,705.12,5/25/24,5/26/24,1,,,,,0,,5/24/24,AIRBNB,,Checked Out,,,,,Airbnb,,,,,,,,,Rack Rate,,,0,95,81.12,0,channel,,,624,1,Airbnb,Lantana Dome,624
OLD Track,Penny Inge,,,,,9352,HMFNPX2WTA,,,,,,,,Live Oak Lodge (Pet Friendly),529,716.42,5/25/24,5/26/24,1,,,,,0,,5/24/24,AIRBNB,,Checked Out,,,,,Airbnb,,,,,,,,,Rack Rate,,,0,105,82.42,0,channel,,,634,1,Airbnb,Live Oak Lodge,634
OLD CB,jep thornton,,,,,5.99E+12,,,,,,,,,SPY(1),3772,4838.58,3/7/24,3/10/24,3,Spyglass,4838.58,,,,,2/28/24,Website/Booking Engine,,Checked Out,,,,,,,,,,95,414.92,256.92,299.74,,,,,,,,,,,4282,8,Direct,Spyglass,1427
OLD CB,Kimberly Baca,,,,,7.98E+12,,,,,,,,,DOM(1),1745,2335.54,5/26/24,5/29/24,3,Lantana Dome,2335.54,,,,,4/8/24,Website/Booking Engine,,Confirmed,,,,,,,,,,95,226.85,124.01,144.68,,,,,,,,,,,2067,48,Direct,Lantana Dome,689
OLD Track,FEDERICO RANGEL,FEDERICORANGEL6@GMAIL.COM,,,,9260,,,,,,,,,Cocoon,1056,1492.72,5/26/24,5/27/24,1,,,,,0,,5/14/24,Website,,Checked Out,,,,,,,,,,,,,,Rack Rate,,0,0,269.24,167.48,0,channel,,,1325,12,Direct,Cocoon,1325
OLD Track,Bailey Edwards,bookings.faithirving@gmail.com,,,,9366,HMZ5CCM5T3,,,,,,,,Cedar Haus (Pet Friendly),262,403.41,5/26/24,5/27/24,1,,,,,0,,5/25/24,AIRBNB,,Checked Out,,,,,Airbnb,,,,,,,,,Rack Rate,,,0,95,46.41,0,channel,,,357,1,Airbnb,Cedar Haus,357
OLD Track,Neda Norouzi,,,,,9362,HM2FRQZYK3,,,,,,,,Juniper Haus,262,403.41,5/26/24,5/27/24,1,,,,,0,,5/25/24,AIRBNB,,Checked Out,,,,,Airbnb,,,,,,,,,Rack Rate,,,0,95,46.41,0,channel,,,357,1,Airbnb,Juniper Haus,357
OLD CB,Belen Chabera,,,,,1.11E+12,,,,,,,,,DOM(1),690,972.83,3/12/24,3/14/24,2,Lantana Dome,972.83,,,,,2/28/24,Website/Booking Engine,,Checked Out,,,,,,,,,,95,75.9,51.66,60.27,,,,,,,,,,,861,13,Direct,Lantana Dome,430
OLD Track,Jeanne Hicks,hicks.jeanne@gmail.com,,,,9123,,,,,,,,,Cocoon,710,1038.81,5/27/24,5/29/24,2,,,,,0,,5/2/24,Website,,Checked Out,,,,,,,,,,,,,,Rack Rate,,0,0,212.15,116.66,0,channel,,,922,25,Direct,Cocoon,461
OLD Track,Sarah Wood,trevinofam2024@gmail.com,,,,9213,,,,,,,,,Pecan Haus,463,654.02,5/27/24,5/29/24,2,,,,,0,,5/11/24,Website,,Checked Out,,,,,,,,,,,,,,Rack Rate,Emergency Response / MIlitary Discount,46.3,0,163.75,73.57,327.01,online,,,627,16,Direct,Pecan Haus,313
OLD CB,Domenic D'Ettore,,,,,7.06E+12,,,,,,,,,JUN(1),390,605.33,5/28/24,5/30/24,2,Juniper Haus,605.33,,,,,4/29/24,Website/Booking Engine,,Confirmed,,,,,,,,,,95,50.7,32.14,37.49,,,,,,,,,,,536,29,Direct,Juniper Haus,268
OLD Track,Audra Shultz,,,,,9131,HMT9HKSJBJ,,,,,,,,Sage Safari,921,1159.38,5/28/24,5/31/24,3,,,,,0,,5/3/24,AIRBNB,,Checked Out,,,,,Airbnb,,,,,,,,,Rack Rate,,,0,105,133.38,0,channel,Lock To Channel,,1026,25,Airbnb,Sage Safari,342
OLD CB,Brittany Chisley,,,,,7.81E+12,,,,,,,,,PEC(1),608,883.71,5/29/24,5/31/24,2,Pecan Haus,883.71,,,,,3/29/24,Website/Booking Engine,,Confirmed,,,,,,,,,,95,79.04,46.93,54.74,,,,,,,,,,,782,61,Direct,Pecan Haus,391
OLD CB,Michelle Peugh,,,,,9.19E+12,,,,,,,,,OAK(1),887,1239.96,5/29/24,5/31/24,2,Live Oak Lodge,1239.96,,,,,4/16/24,Website/Booking Engine,,Confirmed,,,,,,,,,,95,115.31,65.84,76.81,,,,,,,,,,,1097,43,Direct,Live Oak Lodge,549
OLD Track,Steve Bellante,,,,,9162,HMRQKKKTYM,,,,,,,,Monarch,621,809.08,5/29/24,5/31/24,2,,,,,0,,5/6/24,AIRBNB,,Checked Out,,,,,Airbnb,,,,,,,,,Rack Rate,,,0,95,93.09,0,channel,Lock To Channel,,716,23,Airbnb,Monarch,358
OLD Track,Jaime LaRue,,,,,9320,HMSJT2BYTZ,,,,,,,,Walnut House (Pet Friendly),272,414.71,5/29/24,5/30/24,1,,,,,0,,5/20/24,AIRBNB,,Checked Out,,,,,Airbnb,,,,,,,,,Rack Rate,,,0,95,47.71,0,channel,,,367,9,Airbnb,Walnut House,367
OLD Track,Joao Victor,martins.joao26@yahoo.com,,,,9360,,,,,,,,,Buckeye Bungalow,300,500.92,5/29/24,5/30/24,1,,,,,0,,5/24/24,Website,,Checked Out,,,,,,,,,,,,,,Rack Rate,,0,0,144.5,56.42,0,channel,,,445,5,Direct,Buckeye Bungalow,445
OLD Track,Heather Caraway,heatherlcaraway@gmail.com,,,,9134,,,,,,,,,Cocoon,848,1219.85,5/30/24,6/2/24,3,,,,,0,,5/3/24,Website,,Checked Out,,,,,,,,,,,,,,Rack Rate,,0,0,234.92,136.93,0,channel,,,1083,27,Direct,Cocoon,361
OLD Track,Joseph Kennedy,kennedyjosephf@gmail.com,,,,9333,,,,,,,,,Lantana Dome,950,1353.67,5/30/24,6/1/24,2,,,,,0,,5/22/24,Website,,Checked Out,,,,,,,,,,,,,,Rack Rate,,0,0,251.75,151.92,0,channel,,,1202,8,Direct,Lantana Dome,601
OLD Track,Ryan LaTorre,ryanlatorre26@gmail.com,,,,9406,,,,,,,,,Walnut House (Pet Friendly),321,0,5/30/24,5/31/24,1,,,,,0,,5/30/24,Website,,Checked Out,,,,,,,,,,,,,,Rack Rate,,0,0,147.97,59.5,0,Gen Dogelio,,,469,0,Direct,Walnut House,469
OLD CB,Holly Wilkes,,,,,9.29E+12,,,,,,,,,OAK(1),1798,2403.21,5/31/24,6/2/24,2,Live Oak Lodge,2403.21,,,,,4/1/24,Website/Booking Engine,,Confirmed,,,,,,,,,,95,233.74,127.6,148.87,,,,,,,,,,,2127,60,Direct,Live Oak Lodge,1063
OLD CB,Josey Agner,,,,,5.15E+12,,,,,,,,,JUN(1),798,1126.31,5/31/24,6/2/24,2,Juniper Haus,1126.31,,,,,4/13/24,Website/Booking Engine,,Confirmed,,,,,,,,,,95,103.74,59.8,69.77,,,,,,,,,,,997,48,Direct,Juniper Haus,498
OLD Track,Rachael Bentley,,,,,9127,HM9P9ETXAQ,,,,,,,,Walnut House (Pet Friendly),1258,1528.89,5/31/24,6/2/24,2,,,,,0,,5/2/24,AIRBNB,,Checked Out,,,,,Airbnb,,,,,,,,,Rack Rate,,,0,95,175.9,0,channel,Lock To Channel,,1353,29,Airbnb,Walnut House,677
OLD Track,Travis Siebeneicher,tsiebene@hotmail.com,,,,9148,,,,,,,,,Monarch,2517,3409.41,5/31/24,6/3/24,3,,,,,0,,5/4/24,Website,,Checked Out,,,,,,,,,,,,,,Rack Rate,,0,0,510.31,382.1,0,channel,,,3027,27,Direct,Monarch,1009
OLD Track,taylor alejandro,taylor-holmes@hotmail.com,,,,9330,,,,,,,,,Pecan Haus,618,918.11,5/31/24,6/2/24,2,,,,,0,,5/22/24,Website,,Checked Out,,,,,,,,,,,,,,Rack Rate,,0,0,196.97,103.14,0,channel,,,815,9,Direct,Pecan Haus,407
OLD Track,Keenan Roberts,,,,,9421,HM4YMMCN44,,,,,,,,Buckeye Bungalow,264,405.67,5/31/24,6/1/24,1,,,,,0,,5/31/24,AIRBNB,,Checked Out,,,,,Airbnb,,,,,,,,,Rack Rate,,,0,95,46.67,0,channel,,,359,0,Airbnb,Buckeye Bungalow,359
OLD Track,Angelli Castillo,angelli.castillo@icloud.com,,,,9429,,,,,,,,,Spyglass,587,877.44,6/1/24,6/2/24,1,,,,,0,,6/1/24,Guest,,Checked Out,,,,,,,,,,,,,,Rack Rate,,0,0,191.86,98.58,0,online,,,779,0,Direct,Spyglass,779
OLD Track,Dave Moss,mossda@gmail.com,,,,9436,,,,,,,,,Sage Safari,676,951.12,6/1/24,6/3/24,2,,,,,400,,6/1/24,Guest,,Checked Out,,,,,,,,,,,,,,Rack Rate,,0,0,167.21,107.91,400,online,,,843,0,Direct,Sage Safari,422
OLD Track,Jonathan Gill,jonathan.gill@gmail.com,,,,9409,,,,,,,,,Live Oak Lodge (Pet Friendly),299,510.91,6/2/24,6/3/24,1,,,,,0,,5/30/24,Website,,Checked Out,,,,,,,,,,,,,,Rack Rate,,0,0,154.34,57.57,0,channel,,,453,3,Direct,Live Oak Lodge,453
OLD Track,Humza Baig,Humza.baig2009@gmail.com,,,,9417,,,,,,,,,Walnut House (Pet Friendly),279,473.38,6/2/24,6/3/24,1,,,,,0,,5/31/24,Website,,Checked Out,,,,,,,,,,,,,,Rack Rate,,0,0,141.04,53.34,0,channel,,,420,2,Direct,Walnut House,420
OLD Track,David Aleman,davidyoli000@gnail.com,,,,9414,,,,,,,,,Lantana Dome,565,848.59,6/2/24,6/4/24,2,,,,,0,,5/31/24,Website,,Checked Out,,,,,,,,,,,,,,Rack Rate,,0,0,188.23,95.36,0,channel,,,753,2,Direct,Lantana Dome,377
OLD CB,Isabel Aybar,,,,,4.20E+12,,,,,,,,,OAK(1),778,1083.21,6/3/24,6/5/24,2,Live Oak Lodge,1083.21,,,,,3/18/24,Website/Booking Engine,,Confirmed,,,,,,,,,,95,85.58,57.52,67.11,,,,,,,,,,,959,77,Direct,Live Oak Lodge,479
OLD CB,John Orr,,,,,7.26E+12,,,,,,,,,WAL(1),837,1176.13,6/3/24,6/6/24,3,Walnut House,1176.13,,,,,4/25/24,Website/Booking Engine,,Confirmed,,,,,,,,,,95,108.81,62.46,72.86,,,,,,,,,,,1041,39,Direct,Walnut House,347
OLD CB,Shalonda Buckner,,,,,6.69E+12,,,,,,,,,SAF(1),837,1176.13,6/3/24,6/6/24,3,Sage Safari,1176.13,,,,,4/29/24,Website/Booking Engine,,Confirmed,,,,,,,,,,95,108.81,62.46,72.86,,,,,,,,,,,1041,35,Direct,Sage Safari,347
OLD Track,Shari Munkres,swebertx@gmail.com,,,,9210,,,,,,,,,Cocoon,544,821.03,6/3/24,6/5/24,2,,,,,0,,5/11/24,Website,,Checked Out,,,,,,,,,,,,,,Rack Rate,,0,0,184.76,92.27,0,channel,,,729,23,Direct,Cocoon,364
OLD Track,Rene Liggins,favian.liggins89@gmail.com,,,,9316,,,,,,,,,Juniper Haus,430,671.47,6/3/24,6/5/24,2,,,,,0,,5/19/24,Website,,Checked Out,,,,,,,,,,,,,,Rack Rate,,0,0,165.95,75.52,0,channel,,,596,15,Direct,Juniper Haus,298
OLD Track,Kathleen Pizana,,,,,9428,HMTRSP5TM4,,,,,,,,Pecan Haus,215,350.3,6/3/24,6/4/24,1,,,,,0,,6/1/24,AIRBNB,,Checked Out,,,,,Airbnb,,,,,,,,,Rack Rate,,,0,95,40.3,0,channel,,,310,2,Airbnb,Pecan Haus,310
OLD CB,Wanda Yoder,,,,,7.31E+12,,,,,,,,,MON(1),2436,3217.87,6/4/24,6/8/24,4,Monarch,3217.87,,,,,3/23/24,Website/Booking Engine,,Confirmed,,,,,,,,,,95,316.68,170.85,199.34,,,,,,,,,,,2848,73,Direct,Monarch,712
OLD Track,Byron Guzman,byronguz@hotmail.com,,,,9194,,,,,,,,,Buckeye Bungalow,272,464.19,6/4/24,6/5/24,1,,,,,0,,5/10/24,Website,,Checked Out,,,,,,,,,,,,,,Rack Rate,,0,0,139.88,52.31,0,channel,,,412,25,Direct,Buckeye Bungalow,412
OLD Track,Brett Westbrook,brwestbrook26@gmail.com,,,,9268,,,,,,,,,Pecan Haus,430,671.47,6/4/24,6/6/24,2,,,,,0,,5/15/24,Website,,Checked Out,,,,,,,,,,,,,,Rack Rate,,0,0,165.95,75.52,0,channel,,,596,20,Direct,Pecan Haus,298
OLD Track,Zachary Nielson,victoriaavila93@gmail.com,,,,9297,,,,,,,,,Lantana Dome,326,535.03,6/4/24,6/5/24,1,,,,,0,,5/17/24,Website,,Checked Out,,,,,,,,,,,,,,Rack Rate,,0,0,148.79,60.24,0,channel,,,475,18,Direct,Lantana Dome,475
OLD CB,Amanda Crabb,,,,,1.15E+12,,,,,,,,,OAK(1),593,864.55,6/5/24,6/7/24,2,Live Oak Lodge,864.55,,,,,4/28/24,Website/Booking Engine,,Confirmed,,,,,,,,,,95,77.09,45.9,53.56,,,,,,,,,,,765,38,Direct,Live Oak Lodge,383
OLD Track,Lea Wilson,Leajolan@gmail.com,,,,9329,,,,,,,,,Buckeye Bungalow,824,1159.5,6/5/24,6/8/24,3,,,,,0,,5/22/24,Website,,Checked Out,,,,,,,,,,,,,,Rack Rate,,0,0,202.12,133.41,0,Gen Dogelio,,,1026,14,Direct,Buckeye Bungalow,342
OLD Track,Laney Smith,laney.smith79@gmail.com,,,,9341,,,,,,,,,Cocoon,889,1273.64,6/5/24,6/8/24,3,,,,,0,,5/23/24,Website,,Checked Out,,,,,,,,,,,,,,Rack Rate,,0,0,241.69,142.95,0,channel,,,1131,13,Direct,Cocoon,377
OLD CB,Mike Sherrill,,,,,4.35E+12,,,,,,,,,WAL(1),2257,2989.31,6/6/24,6/9/24,3,Walnut House,2989.31,,,,,4/14/24,Website/Booking Engine,,Confirmed,,,,,,,,,,95,293.41,158.72,185.18,,,,,,,,,,,2645,53,Direct,Walnut House,882
OLD Track,Kacey Woods,Kacey.woods16@gmail.com,,,,9291,,,,,,,,,Lantana Dome,1284,1791.84,6/6/24,6/8/24,2,,,,,0,,5/17/24,Website,,Checked Out,,,,,,,,,,,,,,Rack Rate,,0,0,306.86,200.98,0,channel,,,1591,20,Direct,Lantana Dome,795
OLD Track,Maria Christensen,maria.christensen88@hotmail.com,Maria Christensen maria.christensen88@hotmail.com,,,9430,,,,,,,,,Live Oak Lodge (Pet Friendly),479,747.06,6/16/24,6/17/24,1,,,,,0,,6/1/24,Website,,Checked Out,,,,,,,,,,,,,,Rack Rate,,0,0,184.04,84.02,0,channel,,,663,15,Direct,Live Oak Lodge,663
OLD CB,Amber Pleasant,,,,,5.95E+12,,,,,,,,,OAK(1),2257,2989.31,6/7/24,6/10/24,3,Live Oak Lodge,2989.31,,,,,3/25/24,Website/Booking Engine,,Confirmed,,,,,,,,,,95,293.41,158.72,185.18,,,,,,,,,,,2645,74,Direct,Live Oak Lodge,882
OLD Track,Rob Priddy,rob.priddy@wcesd2.com,Rob Priddy rob.priddy@wcesd2.com,,,9427,,,,,,,,,Walnut House (Pet Friendly),1072,1373.08,6/18/24,6/20/24,2,,,,,0,,6/1/24,Website,,Checked Out,,,,,,,,,,,,,,Rack Rate,Emergency Response / MIlitary Discount,107.2,0,254.19,154.09,0,channel,,,1326,17,Direct,Walnut House,663
OLD Track,Flora Amaya,floraamaya1220@gmail.com,Flora Amaya floraamaya1220@gmail.com,,,9433,,,,,,,,,Cocoon,502,765.94,7/8/24,7/10/24,2,,,,,0,,6/1/24,Website,,Checked Out,,,,,,,,,,,,,,Rack Rate,,0,0,177.83,86.11,0,channel,,,680,37,Direct,Cocoon,340
OLD Track,Jim Suarez,jim.suarez@ymail.com,Jim Suarez jim.suarez@ymail.com,,,9431,,,,,,,,,Buckeye Bungalow,502,765.94,8/12/24,8/14/24,2,,,,,0,,6/1/24,Website,,Checked Out,,,,,,,,,,,,,,Rack Rate,,0,0,177.83,86.11,0,channel,,,680,72,Direct,Buckeye Bungalow,340
OLD Track,Joscyln Patrick,joscyln.m.patrick@gmail.com,,,,9442,,,,,,,,,Pecan Haus,798,1154.25,6/7/24,6/9/24,2,,,,,0,,6/2/24,Website,,Checked Out,,,,,,,,,,,,,,Rack Rate,,0,0,226.67,129.58,0,channel,,,1025,5,Direct,Pecan Haus,512
OLD Track,Heather Beck,heather.mcgrath.n@icloud.com,Heather Beck heather.mcgrath.n@icloud.com,,,9440,,,,,,,,,Cocoon,478,734.45,7/29/24,7/31/24,2,,,,,0,,6/2/24,Website,,Checked Out,,,,,,,,,,,,,,Rack Rate,,0,0,173.87,82.58,0,channel,,,652,57,Direct,Cocoon,326
OLD Track,Clanton Vaughan,webgem363@yahoo.com,Clanton Vaughan webgem363@yahoo.com,,,9439,,,,,,,,,Walnut House (Pet Friendly),558,839.4,7/29/24,7/31/24,2,,,,,279,,6/2/24,Website,,Checked Out,,,,,,,,,,,,,,Rack Rate,,0,0,187.07,94.33,279,channel,,,745,57,Direct,Walnut House,373
OLD Track,Lauren Stockman,laurenstockman13@gmail.com,Lauren Stockman laurenstockman13@gmail.com,,,9438,,,,,,,,,Sage Safari,0,0,7/31/24,8/1/24,1,,,,,0,,6/2/24,Owner Guest,,Checked Out,,,,,,,,,,,,,,Rack Rate,,0,0,0,,0,Concierge,,,0,59,Direct,Sage Safari,0
OLD CB,Lauren Prum,,,,,2.38E+12,,,,,,,,,SPY(1),848,1171,6/9/24,6/11/24,2,Spyglass,1171,,,,,3/4/24,Website/Booking Engine,,Confirmed,,,,,,,,,,95,93.28,62.18,72.54,,,,,,,,,,,1036,97,Direct,Spyglass,518
OLD Track,Shantel Davis,sdavis0240@gmail.com,Shantel Davis sdavis0240@gmail.com,,,9328,,,,,,,,,Juniper Haus,468,721.33,6/9/24,6/11/24,2,,,,,0,,5/21/24,Website,,Checked Out,,,,,,,,,,,,,,Rack Rate,,0,0,172.22,81.11,0,channel,,,640,19,Direct,Juniper Haus,320
OLD Track,Julian Schlomann,julianschlomann@yahoo.com,Julian Schlomann julianschlomann@yahoo.com,,,9349,,,,,,,,,Buckeye Bungalow,883,1265.78,6/9/24,6/12/24,3,,,,,0,,5/23/24,Guest,,Checked Out,,,,,,,,,,,,,,Rack Rate,,0,0,240.7,142.08,0,online,,,1124,17,Direct,Buckeye Bungalow,375
OLD Track,karla Sawdon,karlasawdon@gmail.com,karla Sawdon karlasawdon@gmail.com,,,9451,,,,,,,,,Cocoon,567,851.21,6/9/24,6/11/24,2,,,,,0,,6/3/24,Website,,Checked Out,,,,,,,,,,,,,,Rack Rate,,0,0,188.56,95.65,0,channel,,,756,6,Direct,Cocoon,378
OLD CB,Amanda King,,,,,6.28E+12,,,,,,,,,SAF(1),778,1100.77,6/10/24,6/12/24,2,Sage Safari,1100.77,,,,,4/22/24,Website/Booking Engine,,Confirmed,,,,,,,,,,95,101.14,58.44,68.19,,,,,,,,,,,974,49,Direct,Sage Safari,487
OLD Track,Dani Ayala,dna.softball13@gmail.com,Dani Ayala dna.softball13@gmail.com,,,9140,,,,,,,,,Pecan Haus,398,629.49,6/10/24,6/12/24,2,,,,,0,,5/3/24,Website,,Checked Out,,,,,,,,,,,,,,Rack Rate,,0,0,160.67,70.82,0,channel,,,559,38,Direct,Pecan Haus,279
OLD Track,Zoe Stillings,zoerousch@gmail.com,Zoe Stillings zoerousch@gmail.com,,,9259,,,,,,,,,Cocoon,544,821.03,6/11/24,6/13/24,2,,,,,0,,5/14/24,Website,,Checked Out,,,,,,,,,,,,,,Rack Rate,,0,0,184.76,92.27,0,channel,,,729,28,Direct,Cocoon,364
OLD Track,Daniel Chirinos,danielchirinos03@gmail.com,Daniel Chirinos danielchirinos03@gmail.com,,,9365,,,,,,,,,Juniper Haus,1275,1780.04,6/11/24,6/15/24,4,,,,,0,,5/25/24,Website,,Checked Out,,,,,,,,,,,,,,Rack Rate,,0,0,305.38,199.66,0,channel,,,1580,17,Direct,Juniper Haus,395
OLD Track,James Owens,,James Owens,,,9444,HMHJMBMYCJ,,,,,,,,Spyglass,335,485.9,6/11/24,6/12/24,1,,,,,0,,6/3/24,AIRBNB,,Checked Out,,,,,Airbnb,,,,,,,,,Rack Rate,,,0,95,55.9,0,channel,,,430,8,Airbnb,Spyglass,430
OLD CB,Ashley Brown,,,,,6.42E+12,,,,,,,,,DOM(1),1747,2338.09,6/12/24,6/15/24,3,Lantana Dome,2338.09,,,,,4/8/24,Website/Booking Engine,,Confirmed,,,,,,,,,,95,227.11,124.14,144.84,,,,,,,,,,,2069,65,Direct,Lantana Dome,690
OLD Track,Monique Johnson,,Monique Johnson,,,9267,HM3W3NSZPQ,,,,,,,,Live Oak Lodge (Pet Friendly),279,433.92,6/12/24,6/13/24,1,,,,,0,,5/15/24,AIRBNB,,Checked Out,,,,,Airbnb,,,,,,,,,Rack Rate,,,0,105,49.92,0,channel,,,384,28,Airbnb,Live Oak Lodge,384
OLD Track,Joseph Petrosino,jpetrosi@bcm.edu,Joseph Petrosino jpetrosi@bcm.edu,,,9287,,,,,,,,,Walnut House (Pet Friendly),917,1310.37,6/12/24,6/14/24,2,,,,,0,,5/16/24,Website,,Checked Out,,,,,,,,,,,,,,Rack Rate,,0,0,246.31,147.06,0,channel,,,1163,27,Direct,Walnut House,582
OLD Track,Alex Cardona,alex032782@att.net,Alex Cardona alex032782@att.net,,,9348,,,,,,,,,Pecan Haus,428,668.85,6/12/24,6/14/24,2,,,,,0,,5/23/24,Website,,Checked Out,,,,,,,,,,,,,,Rack Rate,,0,0,165.62,75.23,0,channel,,,594,20,Direct,Pecan Haus,297
OLD Track,Kristin Cole,kucole@gmail.com,Kristin Cole kucole@gmail.com,,,9357,,,,,,,,,Sage Safari,0,0,6/12/24,6/14/24,2,,,,,0,,5/24/24,Owner Guest,,Checked Out,,,,,,,,,,,,,,Rack Rate,,0,0,0,,0,Concierge,,,0,19,Direct,Sage Safari,0
OLD Track,Priscilla Hernandez,,Priscilla Hernandez,,,9378,HMXC3SFAC8,,,,,,,,Spyglass,870,983.1,6/12/24,6/14/24,2,,,,,0,,5/27/24,AIRBNB,,Checked Out,,,,,Airbnb,,,,,,,,,Rack Rate,,,0,0,113.1,0,channel,,,870,16,Airbnb,Spyglass,435
OLD Track,Emily Voeltner,emilyvoeltner@gmail.com,Emily Voeltner emilyvoeltner@gmail.com,,,9448,,,,,,,,,Lantana Dome,642,949.6,7/10/24,7/12/24,2,,,,,0,,6/3/24,Website,,Checked Out,,,,,,,,,,,,,,Rack Rate,,0,0,200.93,106.67,0,channel,,,843,37,Direct,Lantana Dome,421
OLD CB,Eric Estill,,,,,7.04E+12,,,,,,,,,N/A,1358,72.11,6/13/24,6/15/24,2,Lantana Dome,1841.38,,,,,3/29/24,Website/Booking Engine,,Cancelled,,,4/1/24,,,,,,,95,176.54,97.77,114.07,,,,,,,,,,,1630,76,Direct,Lantana Dome,815
OLD CB,Ivan Saldivia,,,,,7.10E+12,,,,,,,,,OAK(1),528,781.55,6/13/24,6/14/24,1,Live Oak Lodge,781.55,,,,,4/27/24,Website/Booking Engine,,Confirmed,,,,,,,,,,95,68.64,41.5,48.41,,,,,,,,,,,692,47,Direct,Live Oak Lodge,692
OLD CB,Quentin Santucci,,,,,6.87E+12,,,,,,,,,N/A,778,0,3/14/24,3/16/24,2,Pecan Haus,1083.2,,,,,2/28/24,Website/Booking Engine,,Cancelled,,,3/14/24,,,,,,,95,85.58,57.52,67.1,,,,,,,,,,,959,15,Direct,Pecan Haus,479
OLD CB,jeff garberich,,,,,6.06E+12,,,,,,,,,OAK(1),1798,2403.21,6/14/24,6/16/24,2,Live Oak Lodge,2403.21,,,,,4/5/24,Website/Booking Engine,,Confirmed,,,,,,,,,,95,233.74,127.6,148.87,,,,,,,,,,,2127,70,Direct,Live Oak Lodge,1063
OLD CB,Sol DAtri,,,,,2.33E+12,,,,,,,,,SAF(1),1798,2403.21,6/14/24,6/16/24,2,Sage Safari,2403.21,,,,,4/23/24,Website/Booking Engine,,Confirmed,,,,,,,,,,95,233.74,127.6,148.87,,,,,,,,,,,2127,52,Direct,Sage Safari,1063
OLD Track,Kayla Witbeck,kaylawitbeck@gmail.com,Kayla Witbeck kaylawitbeck@gmail.com,,,9399,,,,,,,,,Walnut House (Pet Friendly),2068,2820.37,6/14/24,6/16/24,2,,,,,0,,5/29/24,Website,,Checked Out,,,,,,,,,,,,,,Rack Rate,,0,0,436.22,316.15,0,channel,,,2504,16,Direct,Walnut House,1252
OLD Track,Victoria Maus,vmaus16@gmail.com,Victoria Maus vmaus16@gmail.com,,,9452,,,,,,,,,Juniper Haus,558,839.4,8/2/24,8/4/24,2,,,,,0,,6/3/24,Website,,Checked Out,,,,,,,,,,,,,,Rack Rate,,0,0,187.07,94.33,0,channel,,,745,60,Direct,Juniper Haus,373
OLD Track,McKayla Peters,mckaylah.98@gmail.com,McKayla Peters mckaylah.98@gmail.com,,,9449,,,,,,,,,Monarch,478,734.45,8/19/24,8/21/24,2,,,,,0,,6/3/24,Website,,Checked Out,,,,,,,,,,,,,,Rack Rate,,0,0,173.87,82.58,0,channel,,,652,77,Direct,Monarch,326
OLD Track,Kenneth Woods,kennyg2825@gmail.com,Kenneth Woods kennyg2825@gmail.com,,,9459,,,,,,,,,Walnut House (Pet Friendly),758,1101.78,6/25/24,6/27/24,2,,,,,0,,6/4/24,Website,,Checked Out,,,,,,,,,,,,,,Rack Rate,,0,0,220.07,123.71,0,channel,,,978,21,Direct,Walnut House,489
OLD Track,Bridget Dignan,bridget.dignan@outlook.com,Bridget Dignan bridget.dignan@outlook.com,,,9460,,,,,,,,,Pecan Haus,568,852.52,7/6/24,7/8/24,2,,,,,0,,6/4/24,Website,,Checked Out,,,,,,,,,,,,,,Rack Rate,,0,0,188.72,95.8,0,channel,,,757,32,Direct,Pecan Haus,378
OLD Track,Tad Minter,,,,,9469,HMC42ZZPQ3,,,,,,,,Buckeye Bungalow,359,513.02,6/8/24,6/9/24,1,,,,,0,,6/5/24,AIRBNB,,Checked Out,,,,,Airbnb,,,,,,,,,Rack Rate,,,0,95,59.02,0,channel,,,454,3,Airbnb,Buckeye Bungalow,454
OLD Track,Mark Pena,mark@markpena.com,Mark Pena mark@markpena.com,,,9112,,,,,,,,,Spyglass,858,1232.97,6/16/24,6/18/24,2,,,,,0,,5/1/24,Website,,Checked Out,,,,,,,,,,,,,,Rack Rate,,0,0,236.57,138.4,0,channel,,,1095,46,Direct,Spyglass,547
OLD Track,Tina Stone,,Tina Stone,,,9467,HMXJ8P9FRX,,,,,,,,Juniper Haus,179,309.62,6/8/24,6/9/24,1,,,,,0,,6/5/24,AIRBNB,,Checked Out,,,,,Airbnb,,,,,,,,,Rack Rate,,,0,95,35.62,0,channel,,,274,3,Airbnb,Juniper Haus,274
OLD Track,Maggie Favorite,,Maggie Favorite,,,9463,HM42KB995W,,,,,,,,Spyglass,549,727.72,6/23/24,6/24/24,1,,,,,0,,6/5/24,AIRBNB,,Checked Out,,,,,Airbnb,,,,,,,,,Rack Rate,,,0,95,83.72,0,channel,,,644,18,Airbnb,Spyglass,644
OLD CB,Ashton Kidd,,,,,3.70E+12,,,,,,,,,OAK(1),778,1100.77,6/17/24,6/19/24,2,Live Oak Lodge,1100.77,,,,,3/25/24,Website/Booking Engine,,Confirmed,,,,,,,,,,95,101.14,58.44,68.19,,,,,,,,,,,974,84,Direct,Live Oak Lodge,487
OLD CB,Jesus Moreno,,,,,1.58E+12,,,,,,,,,PEC(1),558,819.87,6/17/24,6/19/24,2,Pecan Haus,819.87,,,,,4/1/24,Website/Booking Engine,,Confirmed,,,,,,,,,,95,72.54,43.54,50.79,,,,,,,,,,,726,77,Direct,Pecan Haus,363
OLD Track,Dan DeMaster,dan.demaster15@gmail.com,Dan DeMaster dan.demaster15@gmail.com,,,9471,,,,,,,,,Cocoon,867,1244.78,7/21/24,7/24/24,3,,,,,0,,6/5/24,Website,,Checked Out,,,,,,,,,,,,,,Rack Rate,,0,0,238.06,139.72,0,channel,,,1105,46,Direct,Cocoon,368
OLD Track,Dani Pahlavan,daniellepahlavan@gmail.com,Dani Pahlavan daniellepahlavan@gmail.com,,,9465,,,,,,,,,Sage Safari,1498,2083.88,8/2/24,8/4/24,2,,,,,0,,6/5/24,Website,,Checked Out,,,,,,,,,,,,,,Rack Rate,,0,0,352.17,233.71,0,channel,,,1850,58,Direct,Sage Safari,925
OLD Track,Kaylee Eller,,Kaylee Eller,,,9468,HMPPXNK5S5,,,,,,,,Monarch,239,377.42,9/9/24,9/10/24,1,,,,,0,,6/5/24,AIRBNB,,Checked Out,,,,,Airbnb,,,,,,,,,Rack Rate,,,0,95,43.42,0,channel,,,334,96,Airbnb,Monarch,334
OLD CB,Bryan Tucker,,,,,9.29E+12,,,,,,,,,DOM(1),1237,1686.87,6/18/24,6/21/24,3,Lantana Dome,1686.87,,,,,4/3/24,Website/Booking Engine,,Confirmed,,,,,,,,,,95,160.81,89.56,104.5,,,,,,,,,,,1493,76,Direct,Lantana Dome,498
OLD Track,Connie Berger,,Connie Berger,,,9466,HME3RFFZZY,,,,,,,,Monarch,1118,1370.69,11/29/24,12/1/24,2,,,,,-631.66,,6/5/24,AIRBNB,,Checked Out,,,,,Airbnb,,,,,,,,,Rack Rate,,,0,95,157.7,0,channel,,,1213,177,Airbnb,Monarch,607
OLD Track,Holy Senapati,holy30@gmail.com,,,,9476,,,,,,,,,Sage Safari,1115,1581.43,6/6/24,6/9/24,3,,,,,0,,6/6/24,Website,,Checked Out,,,,,,,,,,,,,,Rack Rate,,0,0,288.98,177.45,0,channel,,,1404,0,Direct,Sage Safari,468
OLD Track,Landon Harvey,jolleyrancher51@yahoo.com,Landon Harvey jolleyrancher51@yahoo.com,,,9479,,,,,,,,,Lantana Dome,688,1009.95,6/8/24,6/10/24,2,,,,,0,,6/6/24,Website,,Checked Out,,,,,,,,,,,,,,Rack Rate,,0,0,208.52,113.43,0,channel,,,897,2,Direct,Lantana Dome,448
OLD CB,Parke Davidson,,,,,4.69E+12,,,,,,,,,SAF(1),848,1190.16,6/19/24,6/21/24,2,Sage Safari,1190.16,,,,,3/30/24,Website/Booking Engine,,Confirmed,,,,,,,,,,95,110.24,63.19,73.73,,,,,,,,,,,1053,81,Direct,Sage Safari,527
OLD CB,Jonas Roggeman,,,,,8.44E+12,,,,,,,,,SPY(1),848,1190.16,6/19/24,6/21/24,2,Spyglass,1190.16,,,,,4/29/24,Website/Booking Engine,,Confirmed,,,,,,,,,,95,110.24,63.19,73.73,,,,,,,,,,,1053,51,Direct,Spyglass,527
OLD Track,Emma Groves,emmagroves2@hotmail.com,Emma Groves emmagroves2@hotmail.com,,,9346,,,,,,,,,Juniper Haus,385,612.43,6/19/24,6/20/24,1,,,,,0,,5/23/24,Website,,Checked Out,,,,,,,,,,,,,,Rack Rate,,0,0,158.53,68.9,0,channel,,,544,27,Direct,Juniper Haus,544
OLD Track,Javier Marquez,nicolemarie2512@gmail.com,Javier Marquez nicolemarie2512@gmail.com,,,9474,,,,,,,,,Cocoon,973,1383.84,6/17/24,6/19/24,2,,,,,0,,6/6/24,Website,,Checked Out,,,,,,,,,,,,,,Rack Rate,,0,0,255.55,155.29,0,channel,,,1229,11,Direct,Cocoon,614
OLD Track,Rick Zuniga,rzuniga@atlashall.com,Rick Zuniga rzuniga@atlashall.com,,,9482,,,,,,,,,Juniper Haus,998,1416.63,7/26/24,7/28/24,2,,,,,0,,6/6/24,Website,,Checked Out,,,,,,,,,,,,,,Rack Rate,,0,0,259.67,158.96,0,channel,,,1258,50,Direct,Juniper Haus,629
OLD CB,Alexandria Reyes,,,,,6.85E+12,,,,,,,,,OAK(1),2257,2938.29,6/20/24,6/23/24,3,Live Oak Lodge,2938.29,,,,,1/28/24,Website/Booking Engine,,Confirmed,,,,,,,,,,95,248.27,156.01,182.01,,,,,,,,,,,2600,144,Direct,Live Oak Lodge,867
OLD CB,Josh Lovelady,,,,,2.04E+12,,,,,,,,,MON(1),1658,2224.45,6/20/24,6/22/24,2,Monarch,2224.45,,,,,3/29/24,Website/Booking Engine,,Confirmed,,,,,,,,,,95,215.54,118.11,137.8,,,,,,,,,,,1969,83,Direct,Monarch,984
OLD Track,Alisa Stanford,,Alisa Stanford,,,9146,HMXXHKDHTQ,,,,,,,,Sage Safari,1458,1766.19,6/21/24,6/23/24,2,,,,,0,,5/4/24,AIRBNB,,Checked Out,,,,,Airbnb,,,,,,,,,Rack Rate,,,0,105,203.2,0,channel,Lock To Channel,,1563,48,Airbnb,Sage Safari,782
OLD Track,Kiralyn Mulloy,mulloykiralyn@gmail.com,Kiralyn Mulloy mulloykiralyn@gmail.com,,,9184,,,,,,,,,Pecan Haus,798,1154.25,6/21/24,6/23/24,2,,,,,0,,5/9/24,Website,,Checked Out,,,,,,,,,,,,,,Rack Rate,,0,0,226.67,129.58,0,channel,,,1025,43,Direct,Pecan Haus,512
OLD Track,Jordan Campbell,jordan.campbell33@yahoo.com,Jordan Campbell jordan.campbell33@yahoo.com,,,9475,,,,,,,,,Live Oak Lodge (Pet Friendly),478,745.75,8/19/24,8/21/24,2,,,,,0,,6/6/24,Website,,Checked Out,,,,,,,,,,,,,,Rack Rate,,0,0,183.87,83.88,0,channel,,,662,74,Direct,Live Oak Lodge,331
OLD Track,Garrett Fuselier,Garrettstephenplz@gmail.com,Garrett Fuselier Garrettstephenplz@gmail.com,,,9480,,,,,,,,,Monarch,858,1232.97,10/16/24,10/18/24,2,,,,,0,,6/6/24,Website,,Checked Out,,,,,,,,,,,,,,Rack Rate,,0,0,236.57,138.4,0,channel,,,1095,132,Direct,Monarch,547
OLD Track,Kayla Perez,,,,,9484,HMZN8QY3PA,,,,,,,,Cocoon,404,563.87,6/8/24,6/9/24,1,,,,,0,,6/7/24,AIRBNB,,Checked Out,,,,,Airbnb,,,,,,,,,Rack Rate,,,0,95,64.87,0,channel,,,499,1,Airbnb,Cocoon,499
OLD Track,Brandon,,,,,9483,HMT5KWKM3S,,,,,,,,Cedar Haus (Pet Friendly),351,503.98,6/8/24,6/10/24,2,,,,,-194.35,,6/7/24,AIRBNB,,Checked Out,,,,,Airbnb,,,,,,,,,Rack Rate,,,0,95,57.99,0,channel,,,446,1,Airbnb,Cedar Haus,223
OLD Track,Maribel Villanueva,maribelrodolfo9@gmail.com,Maribel Villanueva maribelrodolfo9@gmail.com,,,9487,,,,,,,,,Spyglass,758,1101.78,6/26/24,6/28/24,2,,,,,0,,6/7/24,Website,,Checked Out,,,,,,,,,,,,,,Rack Rate,,0,0,220.07,123.71,0,channel,,,978,19,Direct,Spyglass,489
OLD Track,Yuliana Sanchez Ramos,yulianamsr9@gmail.com,Yuliana Sanchez Ramos yulianamsr9@gmail.com,,,9489,,,,,,,,,Cocoon,309,492.45,6/30/24,7/1/24,1,,,,,0,,6/7/24,Website,,Checked Out,,,,,,,,,,,,,,Rack Rate,Onera Auto-approved Discount (5% OFF - SunMonTueWedThu),15.45,0,143.43,55.47,0,channel,,,452,23,Direct,Cocoon,452
OLD Track,Sheyla Jimenez,995household@gmail.com,Sheyla Jimenez 995household@gmail.com,,,9347,,,,,,,,,Monarch,1948,2662.94,6/22/24,6/24/24,2,,,,,532.58,,5/23/24,Website,,Checked Out,,,,,,,,,,,,,,Rack Rate,,0,0,416.42,298.52,532.58,channel,,,2364,30,Direct,Monarch,1182
OLD Track,Mark Tribout,,Mark Tribout,,,9490,HM8XYR23M3,,,,,,,,Spyglass,503,675.74,6/8/24,6/9/24,1,,,,,0,,6/8/24,AIRBNB,,Checked Out,,,,,Airbnb,,,,,,,,,Rack Rate,,,0,95,77.74,0,channel,,,598,0,Airbnb,Spyglass,598
OLD Track,Aya Marof,ayadiaz@mac.com,Aya Marof ayadiaz@mac.com,,,9494,,,,,,,,,Sage Safari,925,1332.17,6/16/24,6/18/24,2,,,,,0,,6/8/24,Website,,Checked Out,,,,,,,,,,,,,,Rack Rate,,0,0,257.63,149.54,0,channel,,,1183,8,Direct,Sage Safari,591
OLD Track,Corrian Thompson,scthompson24@aol.com,Corrian Thompson scthompson24@aol.com,,,9492,,,,,,,,,Juniper Haus,495,756.75,6/17/24,6/19/24,2,,,,,0,,6/8/24,Website,,Checked Out,,,,,,,,,,,,,,Rack Rate,,0,0,176.68,85.07,0,channel,,,672,9,Direct,Juniper Haus,336
OLD Track,Carrie Morris,CarriePMorris@hotmail.com,Carrie Morris CarriePMorris@hotmail.com,,,9493,,,,,,,,,Lantana Dome,2397,3251.99,10/3/24,10/6/24,3,,,,,0,,6/8/24,Website,,Checked Out,,,,,,,,,,,,,,Rack Rate,,0,0,490.51,364.48,0,channel,,,2888,117,Direct,Lantana Dome,963
OLD Track,Michael Brozgul,michael@edwoodstudios.com,Michael Brozgul michael@edwoodstudios.com,,,9497,,,,,,,,,Lantana Dome,1094,1542.58,6/15/24,6/17/24,2,,,,,400,,6/9/24,Website,,Checked Out,,,,,,,,,,,,,,Rack Rate,,0,0,275.51,173.07,400,channel,,,1370,6,Direct,Lantana Dome,685
OLD Track,Elyssee Frejoles,jadekinsz@gmail.com,Elyssee Frejoles jadekinsz@gmail.com,,,9496,,,,,,,,,Walnut House (Pet Friendly),1498,2072.58,8/9/24,8/11/24,2,,,,,0,,6/9/24,Website,,Checked Out,,,,,,,,,,,,,,Rack Rate,,0,0,342.17,232.41,0,channel,,,1840,61,Direct,Walnut House,920
OLD CB,Howard Baxter,,,,,3.47E+12,,,,,,,,,N/A,1626,0,6/24/24,6/28/24,4,Live Oak Lodge,2146.86,,,,,1/30/24,Website/Booking Engine,,Cancelled,,,4/2/24,,,,,,,95,178.86,114,133,,,,,,,,,,,1900,146,Direct,Live Oak Lodge,475
OLD Track,Kimberly Ornelas,ko.inquiries@gmail.com,Kimberly Ornelas ko.inquiries@gmail.com,,,9102,,,,,,,,,Spyglass,0,0,6/24/24,6/26/24,2,,,,,0,,4/30/24,Owner Guest,,Checked Out,,,,,,,,,,,,,,Rack Rate,,0,0,0,,0,Gen Dogelio,,,0,55,Direct,Spyglass,0
OLD Track,Gabriel Riojas,gariojas@yahoo.com,Gabriel Riojas gariojas@yahoo.com,,,9206,,,,,,,,,Lantana Dome,717,1047.99,6/24/24,6/26/24,2,,,,,0,,5/11/24,Website,,Checked Out,,,,,,,,,,,,,,Rack Rate,,0,0,213.31,117.68,0,channel,,,930,44,Direct,Lantana Dome,465
OLD Track,Lyon Morocho,,Lyon Morocho,,,9501,HMXMPACTA8,,,,,,,,Monarch,732,934.51,6/15/24,6/17/24,2,,,,,-534.48,,6/10/24,AIRBNB,,Checked Out,,,,,Airbnb,,,,,,,,,Rack Rate,,,0,95,107.52,0,channel,,,827,5,Airbnb,Monarch,414
OLD Track,Ann Bornschlegl,annbattle@icloud.com,Ann Bornschlegl annbattle@icloud.com,,,9504,,,,,,,,,Buckeye Bungalow,1170,1642.29,6/19/24,6/21/24,2,,,,,0,,6/10/24,Website,,Checked Out,,,,,,,,,,,,,,Rack Rate,,0,0,288.05,184.24,0,channel,,,1458,9,Direct,Buckeye Bungalow,729
OLD Track,Ryan Roach,ryroachan@gmail.com,Ryan Roach ryroachan@gmail.com,,,9502,,,,,,,,,Lantana Dome,698,1023.06,8/16/24,8/18/24,2,,,,,0,,6/10/24,Website,,Checked Out,,,,,,,,,,,,,,Rack Rate,,0,0,210.17,114.89,0,channel,,,908,67,Direct,Lantana Dome,454
OLD Track,Monique Roberts,mroberts01@outlook.com,Monique Roberts mroberts01@outlook.com,,,9317,,,,,,,,,Live Oak Lodge (Pet Friendly),379,615.87,6/26/24,6/27/24,1,,,,,0,,5/19/24,Website,,Checked Out,,,,,,,,,,,,,,Rack Rate,,0,0,167.54,69.33,0,channel,,,547,38,Direct,Live Oak Lodge,547
OLD Track,Caleb Francis,,Caleb Francis,,,9508,HMHEWTWBJ5,,,,,,,,Monarch,313,461.04,6/17/24,6/18/24,1,,,,,0,,6/11/24,AIRBNB,,Checked Out,,,,,Airbnb,,,,,,,,,Rack Rate,,,0,95,53.04,0,channel,,,408,6,Airbnb,Monarch,408
OLD Track,Joseph Guerrero,alexlisag@gmail.com,Joseph Guerrero alexlisag@gmail.com,,,9509,,,,,,,,,Cocoon,1798,2466.15,7/5/24,7/7/24,2,,,,,0,,6/11/24,Website,,Checked Out,,,,,,,,,,,,,,Rack Rate,,0,0,391.67,276.48,0,channel,,,2190,24,Direct,Cocoon,1095
OLD Track,Marjorie Cobb,,Marjorie Cobb,,,9515,HMMQK4PKNW,,,,,,,,Monarch,279,422.62,6/12/24,6/13/24,1,,,,,0,,6/12/24,AIRBNB,,Checked Out,,,,,Airbnb,,,,,,,,,Rack Rate,,,0,95,48.62,0,channel,,,374,0,Airbnb,Monarch,374
OLD Track,Becca Golden,,Becca Golden,,,9519,HMYM5CHS4C,,,,,,,,Monarch,648,839.59,6/18/24,6/20/24,2,,,,,-393.23,,6/12/24,AIRBNB,,Checked Out,,,,,Airbnb,,,,,,,,,Rack Rate,,,0,95,96.6,0,channel,,,743,6,Airbnb,Monarch,372
OLD CB,Lauren Calano,,,,,2.16E+12,,,,,,,,,JUN(1),728,1036.93,6/27/24,6/29/24,2,Juniper Haus,1036.93,,,,,3/25/24,Website/Booking Engine,,Confirmed,,,,,,,,,,95,94.64,55.06,64.23,,,,,,,,,,,918,94,Direct,Juniper Haus,459
OLD CB,Courtney Dios,,,,,1.73E+11,,,,,,,,,MON(1),1980.89,0,6/27/24,6/29/24,2,Monarch,2345.76,,,,,3/27/24,Airbnb (API),,Confirmed,,,,,,,,,,95,,124.56,145.31,,,,,,,,,,,2076,92,Airbnb,Monarch,1038
OLD CB,Lauren Black,,,,,4.04E+12,,,,,,,,,OAK(1),1358,1841.38,6/27/24,6/29/24,2,Live Oak Lodge,1841.38,,,,,4/18/24,Website/Booking Engine,,Confirmed,,,,,,,,,,95,176.54,97.77,114.07,,,,,,,,,,,1630,70,Direct,Live Oak Lodge,815
OLD Track,Meisy Melgoza,macymelgoza@gmail.com,Meisy Melgoza macymelgoza@gmail.com,,,9513,,,,,,,,,Lantana Dome,1298,1810.2,7/6/24,7/8/24,2,,,,,0,,6/12/24,Guest,,Checked Out,,,,,,,,,,,,,,Rack Rate,,0,0,309.17,203.03,0,online,,,1607,24,Direct,Lantana Dome,804
OLD Track,Zach Speegle,,Zach Speegle,,,9517,HM9E8CPHHC,,,,,,,,Monarch,508,681.39,8/7/24,8/9/24,2,,,,,-303.96,,6/12/24,AIRBNB,,Checked Out,,,,,Airbnb,,,,,,,,,Rack Rate,,,0,95,78.4,0,channel,,,603,56,Airbnb,Monarch,302
OLD Track,Chad Hobbs,chadhbbs@gmail.com,Chad Hobbs chadhbbs@gmail.com,,,9217,,,,,,,,,Walnut House (Pet Friendly),1118,1574.06,6/28/24,6/30/24,2,,,,,0,,5/11/24,Website,,Checked Out,,,,,,,,,,,,,,Rack Rate,,0,0,279.47,176.59,0,channel,,,1397,48,Direct,Walnut House,699
OLD Track,Nathan Charest,,Nathan Charest,,,9368,HMJPBBATTD,,,,,,,,Buckeye Bungalow,558,737.89,6/28/24,6/30/24,2,,,,,-315.26,,5/26/24,AIRBNB,,Checked Out,,,,,Airbnb,,,,,,,,,Rack Rate,,,0,95,84.9,0,channel,,,653,33,Airbnb,Buckeye Bungalow,327
OLD Track,Ashlee Burt,ashleejmartin8486@gmail.com,Ashlee Burt ashleejmartin8486@gmail.com,,,9520,,,,,,,,,Lantana Dome,614,912.87,8/11/24,8/13/24,2,,,,,0,,6/12/24,Website,,Checked Out,,,,,,,,,,,,,,Rack Rate,,0,0,196.31,102.56,0,channel,,,810,60,Direct,Lantana Dome,405
OLD Track,Chloe Trevizo,,Chloe Trevizo,,,9532,HM8XEQ2MHY,,,,,,,,Cedar Haus (Pet Friendly),450,615.85,6/14/24,6/16/24,2,,,,,-254.24,,6/13/24,AIRBNB,,Checked Out,,,,,Airbnb,,,,,,,,,Rack Rate,,,0,95,70.86,0,channel,,,545,1,Airbnb,Cedar Haus,273
OLD Track,Linda Ward,,Linda Ward,,,9524,HMQQCC54Q4,,,,,,,,Spyglass,1352,1635.11,6/14/24,6/16/24,2,,,,,-763.87,,6/13/24,AIRBNB,,Checked Out,,,,,Airbnb,,,,,,,,,Rack Rate,,,0,95,188.12,0,channel,,,1447,1,Airbnb,Spyglass,724
OLD Track,Candice Dupree,candiced0727@gmail.com,Candice Dupree candiced0727@gmail.com,,,9527,,,,,,,,,Buckeye Bungalow,1014,1437.63,6/14/24,6/16/24,2,,,,,0,,6/13/24,Guest,,Checked Out,,,,,,,,,,,,,,Rack Rate,,0,0,262.31,161.32,0,online,,,1276,1,Direct,Buckeye Bungalow,638
OLD Track,Victor Lopez,,Victor Lopez,,,9530,HMFJZXD2HN,,,,,,,,Monarch,758,963.89,6/24/24,6/26/24,2,,,,,-428.26,,6/13/24,AIRBNB,,Checked Out,,,,,Airbnb,,,,,,,,,Rack Rate,,,0,95,110.9,0,channel,,,853,11,Airbnb,Monarch,427
OLD CB,Elizabeth Belardo,,,,,9.31E+12,,,,,,,,,OAK(1),1237,1686.87,6/30/24,7/3/24,3,Live Oak Lodge,1686.87,,,,,4/26/24,Website/Booking Engine,,Confirmed,,,,,,,,,,95,160.81,89.56,104.5,,,,,,,,,,,1493,65,Direct,Live Oak Lodge,498
OLD CB,Andy McCall,,,,,1.17E+12,,,,,,,,,SPY(1),848,1190.16,6/30/24,7/2/24,2,Spyglass,1190.16,,,,,4/29/24,Website/Booking Engine,,Confirmed,,,,,,,,,,95,110.24,63.19,73.73,,,,,,,,,,,1053,62,Direct,Spyglass,527
OLD CB,Julie Grunewald,,,,,4.44E+12,,,,,,,,,SAF(1),848,1190.16,6/30/24,7/2/24,2,Sage Safari,1190.16,,,,,4/29/24,Website/Booking Engine,,Confirmed,,,,,,,,,,95,110.24,63.19,73.73,,,,,,,,,,,1053,62,Direct,Sage Safari,527
OLD Track,Esteban Vasquez,,Esteban Vasquez,,,9529,HMTCKEHPR2,,,,,,,,Cocoon,558,737.89,6/28/24,6/30/24,2,,,,,-315.26,,6/13/24,AIRBNB,,Checked Out,,,,,Airbnb,,,,,,,,,Rack Rate,,,0,95,84.9,0,channel,,,653,15,Airbnb,Cocoon,327
OLD Track,Erin Regan,em.regan07@gmail.com,Erin Regan em.regan07@gmail.com,,,9548,,,,,,,,,Cocoon,837,1205.43,11/11/24,11/14/24,3,,,,,0,,6/14/24,Website,,Checked Out,,,,,,,,,,,,,,Rack Rate,,0,0,233.11,135.32,0,online,,,1070,150,Direct,Cocoon,357
OLD Track,Chad Smith,cadsbiking@gmail.com,Chad Smith cadsbiking@gmail.com,,,9555,,,,,,,,,Cocoon,478,671.77,6/21/24,6/23/24,2,,,,,0,,6/15/24,Website,,Checked Out,,,,,,,,,,,,,,Rack Rate,Emergency Response / MIlitary Discount,47.8,0,165.99,75.58,0,channel,,,644,6,Direct,Cocoon,322
OLD Track,Minh Vu,minh@endotransformation.com,Minh Vu minh@endotransformation.com,,,9556,,,,,,,,,Live Oak Lodge (Pet Friendly),2198,3002.21,7/26/24,7/28/24,2,,,,,0,,6/15/24,Website,,Checked Out,,,,,,,,,,,,,,Rack Rate,,0,0,467.67,336.54,0,channel,,,2666,41,Direct,Live Oak Lodge,1333
OLD CB,Travis Smith,,,,,8.00E+12,,,,,,,,,MON(1),986.49,0,7/1/24,7/3/24,2,Monarch,1222.09,,,,,4/2/24,Airbnb (API),,Confirmed,,,,,,,,,,95,,64.89,75.71,,,,,,,,,,,1081,90,Airbnb,Monarch,541
OLD Track,nadia vredevelt,nvrede@gmail.com,nadia vredevelt nvrede@gmail.com,,,9391,,,,,,,,,Cocoon,558,839.4,7/1/24,7/3/24,2,,,,,0,,5/28/24,Website,,Checked Out,,,,,,,,,,,,,,Rack Rate,,0,0,187.07,94.33,0,channel,,,745,34,Direct,Cocoon,373
OLD Track,Rachel Donovan,rmariedonovan@gmail.com,Rachel Donovan rmariedonovan@gmail.com,,,9389,,,,,,,,,Lantana Dome,558,839.4,7/1/24,7/3/24,2,,,,,0,,5/28/24,Website,,Checked Out,,,,,,,,,,,,,,Rack Rate,,0,0,187.07,94.33,0,channel,,,745,34,Direct,Lantana Dome,373
OLD Track,Samuel Garcia,samgarc66@gmail.com,Samuel Garcia samgarc66@gmail.com,,,9681,,,,,,,,,Spyglass,235,415.65,7/2/24,7/3/24,1,,,,,0,,7/2/24,Website,,Checked Out,,,,,,,,,,,,,,Rack Rate,,0,0,133.78,46.87,0,channel,,,369,0,Direct,Spyglass,369
OLD CB,Rhett Van Syoc,,,,,4.07E+12,,,,,,,,,OAK(1),3699,4747,4/6/24,4/8/24,2,Live Oak Lodge,4747,,,,,2/28/24,Website/Booking Engine,,Checked Out,,,,,,,,,,95,406.89,252.05,294.06,,,,,,,,,,,4201,38,Direct,Live Oak Lodge,2100
OLD Track,Chin Wu,,Chin Wu,,,9130,HM9BCQWEEB,,,,,,,,Sage Safari,1826,2182.03,7/3/24,7/7/24,4,,,,,0,,5/3/24,AIRBNB,,Checked Out,,,,,Airbnb,,,,,,,,,Rack Rate,,,0,105,251.06,0,channel,Lock To Channel,,1931,61,Airbnb,Sage Safari,483
OLD Track,Michael Mutz,,Michael Mutz,,,9379,HM293YYDJ5,,,,,,,,Monarch,329,479.12,7/3/24,7/4/24,1,,,,,0,,5/27/24,AIRBNB,,Checked Out,,,,,Airbnb,,,,,,,,,Rack Rate,,,0,95,55.12,0,channel,,,424,37,Airbnb,Monarch,424
OLD Track,Stephen Ontiveros,Stephen.Ontiveros@tr.com,Stephen Ontiveros Stephen.Ontiveros@tr.com,,,9552,,,,,,,,,Live Oak Lodge (Pet Friendly),1877,2581.09,9/19/24,9/22/24,3,,,,,0,,6/15/24,Website,,Checked Out,,,,,,,,,,,,,,Rack Rate,,0,0,414.71,289.38,0,channel,,,2292,96,Direct,Live Oak Lodge,764
OLD Track,Grace Sells,,Grace Sells,,,9564,HM8XWEMXCQ,,,,,,,,Lantana Dome,612,798.91,6/21/24,6/23/24,2,,,,,-345.77,,6/16/24,AIRBNB,,Checked Out,,,,,Airbnb,,,,,,,,,Rack Rate,,,0,95,91.92,0,channel,,,707,5,Airbnb,Lantana Dome,354
OLD Track,Matt Dennis,the.sephic@gmail.com,Matt Dennis the.sephic@gmail.com,,,9559,,,,,,,,,Buckeye Bungalow,867,1244.78,7/8/24,7/11/24,3,,,,,0,,6/16/24,Website,,Checked Out,,,,,,,,,,,,,,Rack Rate,,0,0,238.06,139.72,0,channel,,,1105,22,Direct,Buckeye Bungalow,368
OLD Track,Megan Shanosky,megan@megancrosson.com,Megan Shanosky megan@megancrosson.com,,,9670,,,,,,,,,Cedar Haus (Pet Friendly),409,643.93,7/3/24,7/5/24,2,,,,,643.93,,7/1/24,Website,,Checked Out,,,,,,,,,,,,,,Rack Rate,,0,0,162.49,72.44,643.93,channel,,,571,2,Direct,Cedar Haus,286
OLD Track,Van Vo,vivvan97@gmail.com,Van Vo vivvan97@gmail.com,,,9683,,,,,,,,,Lantana Dome,184,348.74,7/3/24,7/4/24,1,,,,,0,,7/2/24,Website,,Checked Out,,,,,,,,,,,,,,Rack Rate,,0,0,125.36,39.38,0,channel,,,309,1,Direct,Lantana Dome,309
OLD Track,Jorge Figueroa,,Jorge Figueroa,,,9679,HM8HR4TFRY,,,,,,,,Buckeye Bungalow,1015,1254.3,7/3/24,7/6/24,3,,,,,-685.9,,7/2/24,AIRBNB,,Checked Out,,,,,Airbnb,,,,,,,,,Rack Rate,,,0,95,144.31,0,channel,,,1110,1,Airbnb,Buckeye Bungalow,370
OLD Track,Faith Cockrum,,Faith Cockrum,,,9692,HMFCXF4JET,,,,,,,,Juniper Haus,154,281.37,7/3/24,7/4/24,1,,,,,0,,7/3/24,AIRBNB,,Checked Out,,,,,Airbnb,,,,,,,,,Rack Rate,,,0,95,32.37,0,channel,,,249,0,Airbnb,Juniper Haus,249
OLD Track,Taylor Rue,tayrue@yahoo.com,Taylor Rue tayrue@yahoo.com,,,9690,,,,,,,,,Pecan Haus,0,0,7/3/24,7/4/24,1,,,,,0,,7/3/24,Owner Guest,,Checked Out,,,,,,,,,,,,,,Rack Rate,,0,0,0,,0,Concierge,,,0,0,Direct,Pecan Haus,0
OLD CB,Kylie Hodges,,,,,1.19E+12,,,,,,,,,WAL(1),2257,2989.31,7/4/24,7/7/24,3,Walnut House,2989.31,,,,,4/8/24,Website/Booking Engine,,Confirmed,,,,,,,,,,95,293.41,158.72,185.18,,,,,,,,,,,2645,87,Direct,Walnut House,882
OLD Track,Mikhaela Laurente,laurentemikhaela0229@gmail.com,Mikhaela Laurente laurentemikhaela0229@gmail.com,,,9558,,,,,,,,,Live Oak Lodge (Pet Friendly),239,432.19,8/26/24,8/27/24,1,,,,,0,,6/16/24,Website,,Checked Out,,,,,,,,,,,,,,Rack Rate,,0,0,144.44,48.75,0,channel,,,383,71,Direct,Live Oak Lodge,383
OLD Track,Sanjuanita Garza,sujey.garza@gmail.com,Sanjuanita Garza sujey.garza@gmail.com,,,9561,,,,,,,,,Walnut House (Pet Friendly),478,734.45,8/27/24,8/29/24,2,,,,,0,,6/16/24,Website,,Checked Out,,,,,,,,,,,,,,Rack Rate,,0,0,173.87,82.58,0,channel,,,652,72,Direct,Walnut House,326
OLD Track,Maria Carrillo,c.carrillo80@icloud.com,Maria Carrillo c.carrillo80@icloud.com,,,9570,,,,,,,,,Walnut House (Pet Friendly),303,504.86,6/27/24,6/28/24,1,,,,,0,,6/17/24,Website,,Checked Out,,,,,,,,,,,,,,Rack Rate,,0,0,145,56.86,0,channel,,,448,10,Direct,Walnut House,448
OLD Track,Jerrell Miller,,Jerrell Miller,,,9677,HM2ZNS3Z5Y,,,,,,,,Monarch,1945,2305.2,7/4/24,7/7/24,3,,,,,-914.16,,7/1/24,AIRBNB,,Checked Out,,,,,Airbnb,,,,,,,,,Rack Rate,,,0,95,265.21,0,channel,,,2040,3,Airbnb,Monarch,680
OLD Track,Megan,,Megan,,,9689,HM9X9DCP84,,,,,,,,Pecan Haus,390,548.05,7/4/24,7/6/24,2,,,,,-236.16,,7/3/24,AIRBNB,,Checked Out,,,,,Airbnb,,,,,,,,,Rack Rate,,,0,95,63.06,0,channel,,,485,1,Airbnb,Pecan Haus,243
OLD CB,Darvin Edwards,,,,,7.11E+12,,,,,,,,,SPY(1),424,639.17,3/5/24,3/7/24,2,Spyglass,639.17,,,,,2/29/24,Website/Booking Engine,,Checked Out,,,,,,,,,,95,46.64,33.94,39.59,,,,,,,,,,,566,5,Direct,Spyglass,283
OLD CB,Joanna King,,,,,2.80E+12,,,,,,,,,OAK(1),202,240.72,3/6/24,3/7/24,1,Live Oak Lodge,360.72,,,,,2/29/24,Website/Booking Engine,,Checked Out,,,,,,,,,,95,22.22,19.15,22.35,,,,,,,,,,,319,6,Direct,Live Oak Lodge,319
OLD CB,Summer Ipsaro,,,,,6.14E+12,,,,,,,,,JUN(1),1002,1364.17,3/15/24,3/17/24,2,Juniper Haus,1364.17,,,,,2/29/24,Website/Booking Engine,,Checked Out,,,,,,,,,,95,110.22,72.44,84.51,,,,,,,,,,,1207,15,Direct,Juniper Haus,604
OLD CB,Melanie Berlin,,,,,2.02E+12,,,,,,,,,JUN(1),1127,1546.41,7/5/24,7/8/24,3,Juniper Haus,1546.41,,,,,4/2/24,Website/Booking Engine,,Confirmed,,,,,,,,,,95,146.51,82.11,95.79,,,,,,,,,,,1369,94,Direct,Juniper Haus,456
OLD Track,Manuel Rosales,manuelr024@gmail.com,Manuel Rosales manuelr024@gmail.com,,,9567,,,,,,,,,Lantana Dome,522,792.17,8/6/24,8/8/24,2,,,,,0,,6/17/24,Website,,Checked Out,,,,,,,,,,,,,,Rack Rate,,0,0,181.13,89.04,0,channel,,,703,50,Direct,Lantana Dome,352
OLD Track,Lauri Smith,,Lauri Smith,,,9694,HM3WYMKNBM,,,,,,,,Lantana Dome,499,671.22,7/5/24,7/6/24,1,,,,,0,,7/3/24,AIRBNB,,Checked Out,,,,,Airbnb,,,,,,,,,Rack Rate,,,0,95,77.22,0,channel,,,594,2,Airbnb,Lantana Dome,594
OLD Track,Meghan Elizabeth,,Meghan Elizabeth,,,9693,HMEQ22SBQ4,,,,,,,,Cedar Haus (Pet Friendly),418,579.69,7/5/24,7/7/24,2,,,,,-236.16,,7/3/24,AIRBNB,,Checked Out,,,,,Airbnb,,,,,,,,,Rack Rate,,,0,95,66.7,0,channel,,,513,2,Airbnb,Cedar Haus,257
OLD Track,Gabrielle Azevedo,,Gabrielle Azevedo,,,9576,HMMW25M2PD,,,,,,,,Spyglass,300,446.35,6/18/24,6/19/24,1,,,,,0,,6/18/24,AIRBNB,,Checked Out,,,,,Airbnb,,,,,,,,,Rack Rate,,,0,95,51.35,0,channel,,,395,0,Airbnb,Spyglass,395
OLD Track,Holden Joseph,holdennfl@gmail.com,Holden Joseph holdennfl@gmail.com,,,9577,,,,,,,,,Buckeye Bungalow,309,512.73,6/30/24,7/1/24,1,,,,,0,,6/18/24,Website,,Checked Out,,,,,,,,,,,,,,Rack Rate,,0,0,145.99,57.74,0,channel,,,455,12,Direct,Buckeye Bungalow,455
OLD Track,Shane White,,Shane White,,,9713,HMPPFHMAMJ,,,,,,,,Buckeye Bungalow,486,656.53,7/6/24,7/7/24,1,,,,,0,,7/5/24,AIRBNB,,Checked Out,,,,,Airbnb,,,,,,,,,Rack Rate,,,0,95,75.53,0,channel,,,581,1,Airbnb,Buckeye Bungalow,581
OLD Track,Brad McAllister,,Brad McAllister,,,9720,HMD9Q9WRDR,,,,,,,,Spyglass,582,765.01,7/6/24,7/7/24,1,,,,,0,,7/6/24,AIRBNB,,Checked Out,,,,,Airbnb,,,,,,,,,Rack Rate,,,0,95,88.01,0,channel,,,677,0,Airbnb,Spyglass,677
OLD CB,Lori Nilsson,,,,,6.15E+12,,,,,,,,,SPY(1),848,1190.16,7/7/24,7/9/24,2,Spyglass,1190.16,,,,,4/8/24,Website/Booking Engine,,Confirmed,,,,,,,,,,95,110.24,63.19,73.73,,,,,,,,,,,1053,90,Direct,Spyglass,527
OLD Track,Justin Brickman,justin@mjprealtyteam.com,Justin Brickman justin@mjprealtyteam.com,,,9575,,,,,,,,,Spyglass,402,612.02,7/17/24,7/18/24,1,,,,,0,,6/18/24,Website,,Checked Out,,,,,,,,,,,,,,Rack Rate,,0,20.1,161.33,68.79,0,channel,,,563,29,Direct,Spyglass,563
OLD Track,Janet De Anda,,Janet De Anda,,,9711,HMXKAJQMAA,,,,,,,,Live Oak Lodge (Pet Friendly),213,359.34,7/7/24,7/8/24,1,,,,,0,,7/5/24,AIRBNB,,Checked Out,,,,,Airbnb,,,,,,,,,Rack Rate,,,0,105,41.34,0,channel,,,318,2,Airbnb,Live Oak Lodge,318
OLD Track,Eric Nyman,enyman76@gmail.com,Eric Nyman enyman76@gmail.com,,,9718,,,,,,,,,Monarch,213,386.79,7/7/24,7/8/24,1,,,,,0,,7/5/24,Website,,Checked Out,,,,,,,,,,,,,,Rack Rate,,0,0,130.15,43.64,0,channel,,,343,2,Direct,Monarch,343
OLD Track,Emily Almufti,emilyalmufti@gmail.com,Emily Almufti emilyalmufti@gmail.com,,,9722,,,,,,,,,Sage Safari,213,398.09,7/7/24,7/8/24,1,,,,,0,,7/6/24,Website,,Checked Out,,,,,,,,,,,,,,Rack Rate,,0,0,140.15,44.94,0,channel,,,353,1,Direct,Sage Safari,353
OLD CB,David Garcia,,,,,1.19E+12,,,,,,,,,OAK(1),778,1100.77,7/8/24,7/10/24,2,Live Oak Lodge,1100.77,,,,,4/28/24,Website/Booking Engine,,Confirmed,,,,,,,,,,95,101.14,58.44,68.19,,,,,,,,,,,974,71,Direct,Live Oak Lodge,487
OLD Track,Eric Martinez,ericleemartinez59@gmail.com,Eric Martinez ericleemartinez59@gmail.com,,,9183,,,,,,,,,Monarch,478,734.45,7/8/24,7/10/24,2,,,,,0,,5/9/24,Website,,Checked Out,,,,,,,,,,,,,,Rack Rate,,0,0,173.87,82.58,0,channel,,,652,60,Direct,Monarch,326
OLD Track,Jakelin Banegas,jakelinbanegas99@gmail.com,Jakelin Banegas jakelinbanegas99@gmail.com,,,9581,,,,,,,,,Live Oak Lodge (Pet Friendly),208,391.52,6/19/24,6/20/24,1,,,,,0,,6/19/24,Website,,Checked Out,,,,,,,,,,,,,,Rack Rate,,0,0,139.32,44.2,0,channel,,,347,0,Direct,Live Oak Lodge,347
OLD Track,Alina Trandafir,,Alina Trandafir,,,9584,HMK3JST9J2,,,,,,,,Cocoon,736,939.03,6/24/24,6/27/24,3,,,,,-297.18,,6/19/24,AIRBNB,,Checked Out,,,,,Airbnb,,,,,,,,,Rack Rate,,,0,95,108.04,0,channel,,,831,5,Airbnb,Cocoon,277
OLD Track,Chris Zembik,chris.zembik@gmail.com,Chris Zembik chris.zembik@gmail.com,,,9280,,,,,,,,,Spyglass,574,860.39,7/9/24,7/11/24,2,,,,,0,,5/15/24,Website,,Checked Out,,,,,,,,,,,,,,Rack Rate,,0,0,189.71,96.68,0,channel,,,764,55,Direct,Spyglass,382
OLD Track,Tim Oden,,Tim Oden,,,9735,HMA5JTBZX3,,,,,,,,Walnut House (Pet Friendly),483,653.14,7/9/24,7/11/24,2,,,,,-275.71,,7/9/24,AIRBNB,,Checked Out,,,,,Airbnb,,,,,,,,,Rack Rate,,,0,95,75.15,0,channel,,,578,0,Airbnb,Walnut House,289
OLD CB,Emily Thawley,,,,,4.83E+12,,,,,,,,,OAK(1),848,1171,7/10/24,7/12/24,2,Live Oak Lodge,1171,,,,,3/20/24,Website/Booking Engine,,Confirmed,,,,,,,,,,95,93.28,62.18,72.54,,,,,,,,,,,1036,112,Direct,Live Oak Lodge,518
OLD Track,Jan Krause,jskrause@casscomm.com,Jan Krause jskrause@casscomm.com,,,9582,,,,,,,,,Live Oak Lodge (Pet Friendly),937,1286.44,9/15/24,9/18/24,3,,,,,0,,6/19/24,Website,,Checked Out,,,,,,,,,,,,,,Rack Rate,,0,46.85,251.88,144.41,0,Concierge,,,1189,88,Direct,Live Oak Lodge,396
OLD Track,Reid Watts,,Reid Watts,,,9590,HMAZZNA5WQ,,,,,,,,Juniper Haus,382,539.01,6/21/24,6/23/24,2,,,,,-215.82,,6/20/24,AIRBNB,,Checked Out,,,,,Airbnb,,,,,,,,,Rack Rate,,,0,95,62.02,0,channel,,,477,1,Airbnb,Juniper Haus,239
OLD Track,Ricardo Obregon,ob1intexas@gmail.com,Ricardo Obregon ob1intexas@gmail.com,,,9746,,,,,,,,,Cocoon,213,386.79,7/10/24,7/11/24,1,,,,,0,,7/10/24,Guest,,Checked Out,,,,,,,,,,,,,,Rack Rate,,0,0,130.15,43.64,0,online,,,343,0,Direct,Cocoon,343
OLD Track,Stephen & Noelle Buckle,,Stephen & Noelle Buckle,,,9723,HMHB5AEANS,,,,,,,,Monarch,1733,1958.29,7/11/24,7/13/24,2,,,,,0,,7/6/24,AIRBNB,,Checked Out,,,,,Airbnb,,,,,,,,,Rack Rate,,,0,0,225.29,0,channel,,,1733,5,Airbnb,Monarch,867
OLD Track,ZACHARY LINSCOMB,daxlinbritt@yahoo.com,ZACHARY LINSCOMB daxlinbritt@yahoo.com,,,9740,,,,,,,,,Buckeye Bungalow,783,1134.59,7/11/24,7/13/24,2,,,,,0,,7/9/24,Website,,Checked Out,,,,,,,,,,,,,,Rack Rate,,0,0,224.2,127.39,0,channel,,,1007,2,Direct,Buckeye Bungalow,504
OLD CB,Lori Tate,,,,,9.68E+12,,,,,,,,,OAK(1),1798,2362.57,7/12/24,7/14/24,2,Live Oak Lodge,2362.57,,,,,3/5/24,Website/Booking Engine,,Confirmed,,,,,,,,,,95,197.78,125.44,146.35,,,,,,,,,,,2091,129,Direct,Live Oak Lodge,1045
OLD Track,Amina Bash,theaminabash@gmail.com,Amina Bash theaminabash@gmail.com,,,9168,,,,,,,,,Cocoon,1458,2020.11,7/12/24,7/14/24,2,,,,,0,,5/6/24,Website,,Checked Out,,,,,,,,,,,,,,Rack Rate,,0,0,335.57,226.54,0,channel,,,1794,67,Direct,Cocoon,897
OLD Track,Michelle Gonzalez,,Michelle Gonzalez,,,9587,HMCXKSXZEZ,,,,,,,,Cocoon,251,390.98,6/23/24,6/24/24,1,,,,,0,,6/20/24,AIRBNB,,Checked Out,,,,,Airbnb,,,,,,,,,Rack Rate,,,0,95,44.98,0,channel,,,346,3,Airbnb,Cocoon,346
OLD Track,bernie van den Berg,braboos@ziggo.nl,bernie van den Berg braboos@ziggo.nl,,,9585,,,,,,,,,Live Oak Lodge (Pet Friendly),828,1204.91,8/8/24,8/10/24,2,,,,,0,,6/20/24,Website,,Checked Out,,,,,,,,,,,,,,Rack Rate,,0,0,241.62,135.29,0,channel,,,1070,49,Direct,Live Oak Lodge,535
OLD Track,Katie Billingsley,katielbk1@gmail.com,Katie Billingsley katielbk1@gmail.com,,,9743,,,,,,,,,Juniper Haus,520,789.55,7/12/24,7/14/24,2,,,,,0,,7/10/24,Website,,Checked Out,,,,,,,,,,,,,,Rack Rate,,0,0,180.8,88.75,0,channel,,,701,2,Direct,Juniper Haus,350
OLD Track,Caspar Hughes,,Caspar Hughes,,,9755,HMAT2ZEPFA,,,,,,,,Sage Safari,692,900.61,7/12/24,7/14/24,2,,,,,-402.27,,7/11/24,AIRBNB,,Checked Out,,,,,Airbnb,,,,,,,,,Rack Rate,,,0,105,103.62,0,channel,,,797,1,Airbnb,Sage Safari,399
OLD Track,Justin Stegall,justinkstegall@gmail.com,Justin Stegall justinkstegall@gmail.com,,,9756,,,,,,,,,Spyglass,607,866.96,7/12/24,7/14/24,2,,,,,0,,7/11/24,Website,,Checked Out,,,,,,,,,,,,,,Rack Rate,,0,28,190.54,97.42,0,Concierge,,,798,1,Direct,Spyglass,399
OLD Track,Lauren Burns,laurenburns305@gmail.com,Lauren Burns laurenburns305@gmail.com,,,9770,,,,,,,,,Cedar Haus (Pet Friendly),459,600.64,7/12/24,7/14/24,2,,,,,0,,7/12/24,Guest,,Checked Out,,,,,,,,,,,,,,Rack Rate,,0,83,157.04,67.6,0,Concierge,,,616,0,Direct,Cedar Haus,308
OLD Track,Nathaniel Archer,,Nathaniel Archer,,,9749,HMDKRPS3SK,,,,,,,,Monarch,375,531.1,7/13/24,7/14/24,1,,,,,0,,7/11/24,AIRBNB,,Checked Out,,,,,Airbnb,,,,,,,,,Rack Rate,,,0,95,61.1,0,channel,,,470,2,Airbnb,Monarch,470
OLD Track,Hannah Dennis,,Hannah Dennis,,,9765,HMEHMXTRCZ,,,,,,,,Buckeye Bungalow,291,436.18,7/13/24,7/14/24,1,,,,,0,,7/12/24,AIRBNB,,Checked Out,,,,,Airbnb,,,,,,,,,Rack Rate,,,0,95,50.18,0,channel,,,386,1,Airbnb,Buckeye Bungalow,386
OLD CB,Caleb Bass,,,,,8.24E+12,,,,,,,,,MON(1),1065.59,0,7/14/24,7/16/24,2,Monarch,1311.48,,,,,3/20/24,Airbnb (API),,Confirmed,,,,,,,,,,95,,69.64,81.25,,,,,,,,,,,1161,116,Airbnb,Monarch,580
OLD CB,Jacob Esparza,,,,,3.12E+12,,,,,,,,,SPY(1),1237,1686.87,7/14/24,7/17/24,3,Spyglass,1686.87,,,,,4/19/24,Website/Booking Engine,,Confirmed,,,,,,,,,,95,160.81,89.56,104.5,,,,,,,,,,,1493,86,Direct,Spyglass,498
OLD Track,Victor Fuentes,,Victor Fuentes,,,9195,HM5SZC2YHD,,,,,,,,Live Oak Lodge (Pet Friendly),857,1087.06,7/14/24,7/17/24,3,,,,,0,,5/10/24,AIRBNB,,Checked Out,,,,,Airbnb,,,,,,,,,Rack Rate,,,0,105,125.06,0,channel,,,962,65,Airbnb,Live Oak Lodge,321
OLD Track,Christine Smith,c.dsmith0603@gmail.com,Christine Smith c.dsmith0603@gmail.com,,,9400,,,,,,,,,Walnut House (Pet Friendly),726,1059.8,7/14/24,7/16/24,2,,,,,0,,5/29/24,Website,,Checked Out,,,,,,,,,,,,,,Rack Rate,,0,0,214.79,119.01,0,channel,,,941,46,Direct,Walnut House,470
OLD Track,Brandon Arnold,Heyarnolds023@gmail.com,Brandon Arnold Heyarnolds023@gmail.com,,,9698,,,,,,,,,Juniper Haus,480,737.07,7/14/24,7/16/24,2,,,,,0,,7/4/24,Website,,Checked Out,,,,,,,,,,,,,,Rack Rate,,0,0,174.2,82.87,0,channel,,,654,10,Direct,Juniper Haus,327
OLD Track,Caleb Harang,caleb.harang@gmail.com,Caleb Harang caleb.harang@gmail.com,,,9158,,,,,,,,,Lantana Dome,483,734.45,7/15/24,7/17/24,2,,,,,-70.04,,5/5/24,Website,,Checked Out,,,,,,,,,,,,,,Rack Rate,,0,0,174.7,83.32,0,channel,,,658,71,Direct,Lantana Dome,329
OLD Track,Shannon Brown,,Shannon Brown,,,9154,HMKQ3BQZPZ,,,,,,,,Sage Safari,627,827.16,7/15/24,7/18/24,3,,,,,0,,5/5/24,AIRBNB,,Checked Out,,,,,Airbnb,,,,,,,,,Rack Rate,,,0,105,95.16,0,channel,Lock To Channel,,732,71,Airbnb,Sage Safari,244
OLD Track,Shannon Gulley,Shgulley3030@gmail.com,Shannon Gulley Shgulley3030@gmail.com,,,9731,,,,,,,,,Walnut House (Pet Friendly),804,1162.13,7/16/24,7/18/24,2,,,,,0,,7/8/24,Website,,Checked Out,,,,,,,,,,,,,,Rack Rate,,0,0,227.66,130.47,0,channel,,,1032,8,Direct,Walnut House,516
OLD Track,Shelby Lehmberg,shelby.lehmberg@gmail.com,Shelby Lehmberg shelby.lehmberg@gmail.com,,,9737,,,,,,,,,Cocoon,352,569.14,7/16/24,7/17/24,1,,,,,0,,7/9/24,Website,,Checked Out,,,,,,,,,,,,,,Rack Rate,,0,0,153.08,64.06,0,channel,,,505,7,Direct,Cocoon,505
OLD Track,Alex Graber,,Alex Graber,,,9781,HMCWJ3JPZS,,,,,,,,Monarch,402,561.61,7/16/24,7/17/24,1,,,,,0,,7/14/24,AIRBNB,,Checked Out,,,,,Airbnb,,,,,,,,,Rack Rate,,,0,95,64.61,0,channel,,,497,2,Airbnb,Monarch,497
OLD Track,Wesley Pingelton,skpingelton@gmail.com,Wesley Pingelton skpingelton@gmail.com,,,9779,,,,,,,,,Buckeye Bungalow,1137,1599,7/16/24,7/19/24,3,,,,,0,,7/14/24,Website,,Checked Out,,,,,,,,,,,,,,Rack Rate,,0,0,282.61,179.39,0,channel,,,1420,2,Direct,Buckeye Bungalow,473
OLD Track,Bryan Young,bryan.young221@gmail.com,Bryan Young bryan.young221@gmail.com,,,9178,,,,,,,,,Lantana Dome,1067,1507.16,7/17/24,7/20/24,3,,,,,0,,5/8/24,Website,,Checked Out,,,,,,,,,,,,,,Rack Rate,,0,0,271.06,169.1,0,channel,,,1338,70,Direct,Lantana Dome,446
OLD Track,Jessalyn Bryant,jessalyn.bryant@gmail.com,Jessalyn Bryant jessalyn.bryant@gmail.com,,,9243,,,,,,,,,Live Oak Lodge (Pet Friendly),618,929.41,7/17/24,7/19/24,2,,,,,0,,5/13/24,Website,,Checked Out,,,,,,,,,,,,,,Rack Rate,,0,0,206.97,104.44,0,channel,,,825,65,Direct,Live Oak Lodge,412
OLD Track,Stephany Franklin,,Stephany Franklin,,,9355,HMCQSNSJXF,,,,,,,,Monarch,866,1085.93,7/17/24,7/19/24,2,,,,,0,,5/24/24,AIRBNB,,Checked Out,,,,,Airbnb,,,,,,,,,Rack Rate,,,0,95,124.94,0,channel,,,961,54,Airbnb,Monarch,481
OLD Track,Mayra Bustamante,,Mayra Bustamante,,,9594,HMX9TJN2CK,,,,,,,,Spyglass,940,1169.55,6/21/24,6/23/24,2,,,,,-531.09,,6/21/24,AIRBNB,,Checked Out,,,,,Airbnb,,,,,,,,,Rack Rate,,,0,95,134.56,0,channel,,,1035,0,Airbnb,Spyglass,518
OLD Track,Charlie Smith,csmithjr13@yahoo.com,Charlie Smith csmithjr13@yahoo.com,,,9668,,,,,,,,,Cocoon,433,675.41,7/18/24,7/19/24,1,,,,,0,,7/1/24,Website,,Checked Out,,,,,,,,,,,,,,Rack Rate,,0,0,166.45,75.96,0,channel,,,599,17,Direct,Cocoon,599
OLD Track,Katie Foster,,Katie Foster,,,9813,HM9YX2NQQQ,,,,,,,,Spyglass,502,674.61,7/18/24,7/20/24,2,,,,,-251.98,,7/17/24,AIRBNB,,Checked Out,,,,,Airbnb,,,,,,,,,Rack Rate,,,0,95,77.62,0,channel,,,597,1,Airbnb,Spyglass,299
OLD Track,Christian Iniguez,,Christian Iniguez,,,9818,HM898ZMYM9,,,,,,,,Walnut House (Pet Friendly),583,766.14,7/18/24,7/20/24,2,,,,,-343.51,,7/17/24,AIRBNB,,Checked Out,,,,,Airbnb,,,,,,,,,Rack Rate,,,0,95,88.15,0,channel,,,678,1,Airbnb,Walnut House,339
OLD Track,Leslie Benavidez,benavidezleslie@gmail.com,Leslie Benavidez benavidezleslie@gmail.com,,,9822,,,,,,,,,Juniper Haus,159,315.95,7/18/24,7/19/24,1,,,,,0,,7/18/24,Website,,Checked Out,,,,,,,,,,,,,,Rack Rate,,0,0,121.24,35.71,0,channel,,,280,0,Direct,Juniper Haus,280
OLD CB,Marcela Ramirez,,,,,4.88E+12,,,,,,,,,OAK(1),2257,2989.31,7/19/24,7/22/24,3,Live Oak Lodge,2989.31,,,,,4/14/24,Website/Booking Engine,,Confirmed,,,,,,,,,,95,293.41,158.72,185.18,,,,,,,,,,,2645,96,Direct,Live Oak Lodge,882
OLD Track,Tana Rogers,,Tana Rogers,,,9225,HMAQYH4E9J,,,,,,,,Sage Safari,1098,1359.39,7/19/24,7/21/24,2,,,,,-620.36,,5/12/24,AIRBNB,,Checked Out,,,,,Airbnb,,,,,,,,,Rack Rate,,,0,105,156.4,0,channel,,,1203,68,Airbnb,Sage Safari,602
OLD Track,Gabe Evans,,Gabe Evans,,,9799,HM9F8ATQAN,,,,,,,,Pecan Haus,434,490.42,7/19/24,7/21/24,2,,,,,0,,7/16/24,AIRBNB,,Checked Out,,,,,Airbnb,,,,,,,,,Rack Rate,,,0,0,56.42,0,channel,,,434,3,Airbnb,Pecan Haus,217
OLD Track,Maria Oliva,lopezlyss@hotmail.com,Maria Oliva lopezlyss@hotmail.com,,,9817,,,,,,,,,Buckeye Bungalow,689,1011.26,7/19/24,7/21/24,2,,,,,0,,7/17/24,Website,,Checked Out,,,,,,,,,,,,,,Rack Rate,,0,0,208.69,113.57,0,channel,,,898,2,Direct,Buckeye Bungalow,449
OLD Track,Matt Noe,noewonder@gmail.com,Matt Noe noewonder@gmail.com,,,9812,,,,,,,,,Juniper Haus,619,919.43,7/19/24,7/21/24,2,,,,,0,,7/17/24,Website,,Checked Out,,,,,,,,,,,,,,Rack Rate,,0,0,197.14,103.29,0,channel,,,816,2,Direct,Juniper Haus,408
OLD Track,Christopher Ruiz,cruiz087@gmail.com,Christopher Ruiz cruiz087@gmail.com,,,9826,,,,,,,,,Monarch,1692,2327.1,7/19/24,7/21/24,2,,,,,0,,7/19/24,Website,,Checked Out,,,,,,,,,,,,,,Rack Rate,,0,0,374.18,260.92,0,channel,,,2066,0,Direct,Monarch,1033
OLD CB,Luis Garduno,,,,,4.94E+12,,,,,,,,,SPY(1),1658,2224.45,7/20/24,7/22/24,2,Spyglass,2224.45,,,,,4/12/24,Website/Booking Engine,,Confirmed,,,,,,,,,,95,215.54,118.11,137.8,,,,,,,,,,,1969,99,Direct,Spyglass,984
OLD Track,Brett Fogarty,,Brett Fogarty,,,9600,HM5FQ59K3C,,,,,,,,Walnut House (Pet Friendly),804,1015.87,6/21/24,6/23/24,2,,,,,-454.25,,6/21/24,AIRBNB,,Checked Out,,,,,Airbnb,,,,,,,,,Rack Rate,,,0,95,116.88,0,channel,,,899,0,Airbnb,Walnut House,450
OLD Track,Carly,,Carly,,,9831,HMW454PNFR,,,,,,,,Lantana Dome,348,500.59,7/20/24,7/21/24,1,,,,,0,,7/19/24,AIRBNB,,Checked Out,,,,,Airbnb,,,,,,,,,Rack Rate,,,0,95,57.59,0,channel,,,443,1,Airbnb,Lantana Dome,443
OLD Track,Lawson Schulz,,Lawson Schulz,,,9844,HME3BT5FSA,,,,,,,,Cocoon,431,594.38,7/20/24,7/21/24,1,,,,,0,,7/20/24,AIRBNB,,Checked Out,,,,,Airbnb,,,,,,,,,Rack Rate,,,0,95,68.38,0,channel,,,526,0,Airbnb,Cocoon,526
OLD Track,Joshua Cass,joshcass98@gmail.com,Joshua Cass joshcass98@gmail.com,,,9596,,,,,,,,,Buckeye Bungalow,490,750.19,6/21/24,6/23/24,2,,,,,0,,6/21/24,Website,,Checked Out,,,,,,,,,,,,,,Rack Rate,,0,0,175.85,84.34,0,channel,,,666,0,Direct,Buckeye Bungalow,333
OLD Track,Isaiah Craft,,Isaiah Craft,,,9706,HMJYAX8X3E,,,,,,,,Monarch,379,535.62,7/21/24,7/22/24,1,,,,,0,,7/5/24,AIRBNB,,Checked Out,,,,,Airbnb,,,,,,,,,Rack Rate,,,0,95,61.62,0,channel,,,474,16,Airbnb,Monarch,474
OLD Track,Kajsa Nielson,kajsanielson@gmail.com,Kajsa Nielson kajsanielson@gmail.com,,,9806,,,,,,,,,Lantana Dome,216,390.72,7/21/24,7/22/24,1,,,,,0,,7/16/24,Website,,Checked Out,,,,,,,,,,,,,,Rack Rate,,0,0,130.64,44.08,0,channel,,,347,5,Direct,Lantana Dome,347
OLD Track,Brad Ordner,bradordner7@gmail.com,Brad Ordner bradordner7@gmail.com,,,9401,,,,,,,,,Monarch,658,970.59,7/22/24,7/24/24,2,,,,,0,,5/29/24,Website,,Checked Out,,,,,,,,,,,,,,Rack Rate,,0,0,203.57,109.02,0,channel,,,862,54,Direct,Monarch,431
OLD Track,Ramiro Villasenor,,Ramiro Villasenor,,,9842,HMYBA2922Q,,,,,,,,Sage Safari,540,728.85,7/22/24,7/24/24,2,,,,,-305.09,,7/19/24,AIRBNB,,Checked Out,,,,,Airbnb,,,,,,,,,Rack Rate,,,0,105,83.86,0,channel,,,645,3,Airbnb,Sage Safari,323
OLD Track,Courtney Warnell Stufflebeam,,Courtney Warnell Stufflebeam,,,9858,HMXN4HMP9M,,,,,,,,Juniper Haus,360,514.15,7/22/24,7/24/24,2,,,,,-203.39,,7/21/24,AIRBNB,,Checked Out,,,,,Airbnb,,,,,,,,,Rack Rate,,,0,95,59.16,0,channel,,,455,1,Airbnb,Juniper Haus,228
OLD Track,John Ayala,jayala047@yahoo.com,John Ayala jayala047@yahoo.com,,,9854,,,,,,,,,Buckeye Bungalow,458,708.21,7/22/24,7/24/24,2,,,,,0,,7/21/24,Website,,Checked Out,,,,,,,,,,,,,,Rack Rate,,0,0,170.57,79.64,0,channel,,,629,1,Direct,Buckeye Bungalow,314
OLD Track,Taylor Cater,taylor.cater@yahoo.com,Taylor Cater taylor.cater@yahoo.com,,,9851,,,,,,,,,Spyglass,477,733.14,7/22/24,7/24/24,2,,,,,0,,7/21/24,Website,,Checked Out,,,,,,,,,,,,,,Rack Rate,,0,0,173.71,82.43,0,channel,,,651,1,Direct,Spyglass,325
OLD CB,Kohlman Hollister,,,,,1.40E+12,,,,,,,,,SPY(1),778,1100.77,7/23/24,7/25/24,2,Spyglass,1100.77,,,,,4/16/24,Website/Booking Engine,,Confirmed,,,,,,,,,,95,101.14,58.44,68.19,,,,,,,,,,,974,98,Direct,Spyglass,487
OLD Track,Meagan Hileman,meagan.lewis2000@yahoo.com,Meagan Hileman meagan.lewis2000@yahoo.com,,,9208,,,,,,,,,Live Oak Lodge (Pet Friendly),658,981.89,7/23/24,7/25/24,2,,,,,0,,5/11/24,Website,,Checked Out,,,,,,,,,,,,,,Rack Rate,,0,0,213.57,110.32,0,channel,,,872,73,Direct,Live Oak Lodge,436
OLD Track,Charlotte Trudeau,mtrudeau@stx.rr.com,Charlotte Trudeau mtrudeau@stx.rr.com,,,9721,,,,,,,,,Walnut House (Pet Friendly),1335,1858.75,7/23/24,7/26/24,3,,,,,0,,7/6/24,Website,,Checked Out,,,,,,,,,,,,,,Rack Rate,,0,0,315.28,208.47,0,channel,,,1650,17,Direct,Walnut House,550
OLD Track,Stephanie Reyes,lali1886@yahoo.com,Stephanie Reyes lali1886@yahoo.com,,,9787,,,,,,,,,Cocoon,653,964.03,7/24/24,7/26/24,2,,,,,482,,7/15/24,Website,,Checked Out,,,,,,,,,,,,,,Rack Rate,,0,0,202.75,108.28,482,channel,,,856,9,Direct,Cocoon,428
OLD Track,Chy Everett,,Chy Everett,,,9840,HM53A5ZQ3M,,,,,,,,Monarch,270,412.45,7/24/24,7/25/24,1,,,,,0,,7/19/24,AIRBNB,,Checked Out,,,,,Airbnb,,,,,,,,,Rack Rate,,,0,95,47.45,0,channel,,,365,5,Airbnb,Monarch,365
OLD Track,Anthony Bigford,,Anthony Bigford,,,9864,HMEJE2S83S,,,,,,,,Lantana Dome,229,366.12,7/24/24,7/25/24,1,,,,,0,,7/22/24,AIRBNB,,Checked Out,,,,,Airbnb,,,,,,,,,Rack Rate,,,0,95,42.12,0,channel,,,324,2,Airbnb,Lantana Dome,324
OLD Track,Rusty Seiler,,Rusty Seiler,,,9868,HM5QYB24C5,,,,,,,,Spyglass,207,341.26,7/24/24,7/25/24,1,,,,,0,,7/22/24,AIRBNB,,Checked Out,,,,,Airbnb,,,,,,,,,Rack Rate,,,0,95,39.26,0,channel,,,302,2,Airbnb,Spyglass,302
OLD Track,James Cazares,,James Cazares,,,9604,HMZK4N9M4A,,,,,,,,Cedar Haus (Pet Friendly),239,377.42,6/22/24,6/23/24,1,,,,,0,,6/21/24,AIRBNB,,Checked Out,,,,,Airbnb,,,,,,,,,Rack Rate,,,0,95,43.42,0,channel,,,334,1,Airbnb,Cedar Haus,334
OLD Track,Tres Kennedy,tres@tkennedyins.com,Tres Kennedy tres@tkennedyins.com,,,9876,,,,,,,,,Spyglass,509,775.11,7/25/24,7/26/24,1,,,,,0,,7/23/24,Website,,Checked Out,,,,,,,,,,,,,,Rack Rate,,0,0,178.99,87.12,0,channel,,,688,2,Direct,Spyglass,688
OLD CB,Brian Janak,,,,,4.82E+12,,,,,,,,,PEC(1),798,1108.27,7/26/24,7/28/24,2,Pecan Haus,1108.27,,,,,3/16/24,Website/Booking Engine,,Confirmed,,,,,,,,,,95,87.78,58.84,68.65,,,,,,,,,,,981,132,Direct,Pecan Haus,490
OLD Track,Edgar De La Rosa,edgardela93@gmail.com,Edgar De La Rosa edgardela93@gmail.com,,,9597,,,,,,,,,Walnut House (Pet Friendly),866,1243.46,7/12/24,7/14/24,2,,,,,0,,6/21/24,Website,,Checked Out,,,,,,,,,,,,,,Rack Rate,,0,0,237.89,139.57,0,channel,,,1104,21,Direct,Walnut House,552
OLD Track,Cesiah Viera,cesiah_v@yahoo.com,Cesiah Viera cesiah_v@yahoo.com,,,9599,,,,,,,,,Live Oak Lodge (Pet Friendly),1317,1846.42,1/1/25,1/4/25,3,,,,,0,,6/21/24,Website,,Confirmed,,,,,,,,,,,,,,Rack Rate,,0,0,322.31,207.11,0,channel,,,1639,194,Direct,Live Oak Lodge,546
OLD Track,William Adams,,William Adams,,,9611,HMHFFMBAYD,,,,,,,,Sage Safari,184,326.57,6/23/24,6/24/24,1,,,,,0,,6/22/24,AIRBNB,,Checked Out,,,,,Airbnb,,,,,,,,,Rack Rate,,,0,105,37.57,0,channel,,,289,1,Airbnb,Sage Safari,289
OLD Track,David Stanton,,David Stanton,,,9894,HMJ5NKE5NC,,,,,,,,Cedar Haus (Pet Friendly),366,520.93,7/26/24,7/28/24,2,,,,,-206.78,,7/25/24,AIRBNB,,Checked Out,,,,,Airbnb,,,,,,,,,Rack Rate,,,0,95,59.94,0,channel,,,461,1,Airbnb,Cedar Haus,231
OLD Track,Bonnie Kuhl,,Bonnie Kuhl,,,9866,HM4NDNXZYS,,,,,,,,Sage Safari,1328,1619.29,7/27/24,7/29/24,2,,,,,-507.36,,7/22/24,AIRBNB,,Checked Out,,,,,Airbnb,,,,,,,,,Rack Rate,,,0,105,186.3,0,channel,,,1433,5,Airbnb,Sage Safari,717
OLD Track,Laurie Selchert,,Laurie Selchert,,,9900,HMWQKK2YRT,,,,,,,,Spyglass,575,757.1,7/27/24,7/28/24,1,,,,,0,,7/25/24,AIRBNB,,Checked Out,,,,,Airbnb,,,,,,,,,Rack Rate,,,0,95,87.1,0,channel,,,670,2,Airbnb,Spyglass,670
OLD Track,Dustin Martin,dustin.martin@renegadegroupllc.com,Dustin Martin dustin.martin@renegadegroupllc.com,,,9899,,,,,,,,,Walnut House (Pet Friendly),422,660.97,7/27/24,7/28/24,1,,,,,0,,7/25/24,Website,,Checked Out,,,,,,,,,,,,,,Rack Rate,,0,0,164.63,74.34,0,channel,,,587,2,Direct,Walnut House,587
OLD Track,Andrea Ramirez,,Andrea Ramirez,,,9907,HMQDYRS38C,,,,,,,,Buckeye Bungalow,383,540.14,7/27/24,7/28/24,1,,,,,0,,7/26/24,AIRBNB,,Checked Out,,,,,Airbnb,,,,,,,,,Rack Rate,,,0,95,62.14,0,channel,,,478,1,Airbnb,Buckeye Bungalow,478
OLD Track,Ricardo Flores,,Ricardo Flores,,,9905,HMNTDYMB3E,,,,,,,,Lantana Dome,238,376.29,7/27/24,7/28/24,1,,,,,0,,7/26/24,AIRBNB,,Checked Out,,,,,Airbnb,,,,,,,,,Rack Rate,,,0,95,43.29,0,channel,,,333,1,Airbnb,Lantana Dome,333
OLD Track,Brendan Fikes,,Brendan Fikes,,,9744,HM4H2MZQQZ,,,,,,,,Monarch,1035,1276.9,7/28/24,7/30/24,2,,,,,-492.67,,7/10/24,AIRBNB,,Checked Out,,,,,Airbnb,,,,,,,,,Rack Rate,,,0,95,146.91,0,channel,,,1130,18,Airbnb,Monarch,565
OLD Track,sabrina zahn,sabrinalohsen@gmail.com,sabrina zahn sabrinalohsen@gmail.com,,,9789,,,,,,,,,Spyglass,479,735.76,7/28/24,7/29/24,1,,,,,0,,7/15/24,Website,,Checked Out,,,,,,,,,,,,,,Rack Rate,,0,0,174.04,82.72,0,channel,,,653,13,Direct,Spyglass,653
OLD Track,Steven Beasley,,Steven Beasley,,,9846,HMCBZ2NASJ,,,,,,,,Lantana Dome,537,714.16,7/28/24,7/30/24,2,,,,,-268.93,,7/20/24,AIRBNB,,Checked Out,,,,,Airbnb,,,,,,,,,Rack Rate,,,0,95,82.17,0,channel,,,632,8,Airbnb,Lantana Dome,316
OLD Track,Gabriela Vega,gabrielavega07@gmail.com,Gabriela Vega gabrielavega07@gmail.com,,,9884,,,,,,,,,Live Oak Lodge (Pet Friendly),299,510.91,7/28/24,7/29/24,1,,,,,0,,7/24/24,Website,,Checked Out,,,,,,,,,,,,,,Rack Rate,,0,0,154.34,57.57,0,channel,,,453,4,Direct,Live Oak Lodge,453
OLD CB,Brandon Upshaw,,,,,6.51E+12,,,,,,,,,OAK(1),1167,1571.14,7/29/24,8/1/24,3,Live Oak Lodge,1571.14,,,,,1/27/24,Website/Booking Engine,,Confirmed,,,,,,,,,,95,128.37,83.43,97.34,,,,,,,,,,,1390,184,Direct,Live Oak Lodge,463
OLD Track,Aaron Bahnsen,,Aaron Bahnsen,,,9226,HM9MQF93X5,,,,,,,,Sage Safari,478,658.79,7/29/24,7/31/24,2,,,,,0,,5/12/24,AIRBNB,,Checked Out,,,,,Airbnb,,,,,,,,,Rack Rate,,,0,105,75.8,0,channel,,,583,78,Airbnb,Sage Safari,292
OLD Track,Kristyn Alvarez,,Kristyn Alvarez,,,9607,HMREDPJDDP,,,,,,,,Monarch,287,431.66,7/10/24,7/11/24,1,,,,,0,,6/22/24,AIRBNB,,Checked Out,,,,,Airbnb,,,,,,,,,Rack Rate,,,0,95,49.66,0,channel,,,382,18,Airbnb,Monarch,382
OLD Track,Rafael Pantoja,,Rafael Pantoja,,,9615,HMSWQ9WYPJ,,,,,,,,Live Oak Lodge (Pet Friendly),287,442.96,6/23/24,6/24/24,1,,,,,0,,6/23/24,AIRBNB,,Checked Out,,,,,Airbnb,,,,,,,,,Rack Rate,,,0,105,50.96,0,channel,,,392,0,Airbnb,Live Oak Lodge,392
OLD Track,Rodrigo Rodriguez,,Rodrigo Rodriguez,,,9892,HMFMYABZA9,,,,,,,,Buckeye Bungalow,508,681.39,7/29/24,7/31/24,2,,,,,-287.01,,7/25/24,AIRBNB,,Checked Out,,,,,Airbnb,,,,,,,,,Rack Rate,,,0,95,78.4,0,channel,,,603,4,Airbnb,Buckeye Bungalow,302
OLD CB,Matt Pauley,,,,,2.41E+12,,,,,,,,,SPY(1),778,1100.77,7/30/24,8/1/24,2,Spyglass,1100.77,,,,,4/23/24,Website/Booking Engine,,Confirmed,,,,,,,,,,95,101.14,58.44,68.19,,,,,,,,,,,974,98,Direct,Spyglass,487
OLD Track,Nabin Koirala,,Nabin Koirala,,,9940,HM4JMNEEYN,,,,,,,,Lantana Dome,190,322.05,7/30/24,7/31/24,1,,,,,0,,7/30/24,AIRBNB,,Checked Out,,,,,Airbnb,,,,,,,,,Rack Rate,,,0,95,37.05,0,channel,,,285,0,Airbnb,Lantana Dome,285
OLD Track,Benjamin Fuentes,,Benjamin Fuentes,,,9941,HM39YMB35C,,,,,,,,Monarch,297,442.96,7/30/24,7/31/24,1,,,,,0,,7/30/24,AIRBNB,,Checked Out,,,,,Airbnb,,,,,,,,,Rack Rate,,,0,95,50.96,0,channel,,,392,0,Airbnb,Monarch,392
OLD CB,Aditi Mitra,,,,,2.54E+12,,,,,,,,,SAF(1),763.2,1081.89,7/31/24,8/2/24,2,Sage Safari (Thank You First Responders!),1081.89,,,,,4/24/24,Website/Booking Engine,,Confirmed,,,,,,,,,,95,99.21,57.45,67.03,,,,,,,,,,,957,98,Direct,Sage Safari,479
OLD Track,Jordanw3Michelle Wheeler,,Jordanw3Michelle Wheeler,,,9614,HMEPYP3SQ2,,,,,,,,Walnut House (Pet Friendly),184,315.27,6/23/24,6/24/24,1,,,,,0,,6/23/24,AIRBNB,,Checked Out,,,,,Airbnb,,,,,,,,,Rack Rate,,,0,95,36.27,0,channel,,,279,0,Airbnb,Walnut House,279
OLD Track,urias Zavala,uriaszavala@ymail.com,urias Zavala uriaszavala@ymail.com,,,9617,,,,,,,,,Walnut House (Pet Friendly),299,499.61,7/7/24,7/8/24,1,,,,,0,,6/24/24,Website,,Checked Out,,,,,,,,,,,,,,Rack Rate,,0,0,144.34,56.27,0,channel,,,443,13,Direct,Walnut House,443
OLD Track,Sarah Hodges,sjhodgescped@yahoo.com,Sarah Hodges sjhodgescped@yahoo.com,,,9618,,,,,,,,,Monarch,658,970.59,11/12/24,11/14/24,2,,,,,0,,6/24/24,Website,,Checked Out,,,,,,,,,,,,,,Rack Rate,,0,0,203.57,109.02,0,channel,,,862,141,Direct,Monarch,431
OLD Track,Susana Maldonado,Susana.sarahiiii@gmail.com,Susana Maldonado Susana.sarahiiii@gmail.com,,,9734,,,,,,,,,Juniper Haus,0,0,8/1/24,8/2/24,1,,,,,0,,7/9/24,Owner Guest,,Checked Out,,,,,,,,,,,,,,Rack Rate,,0,0,0,,0,Concierge,,,0,23,Direct,Juniper Haus,0
OLD Track,Vineeta Tanwani,,Vineeta Tanwani,,,9856,HMNREBXSZ8,,,,,,,,Monarch,1288,1455.44,8/1/24,8/3/24,2,,,,,0,,7/21/24,AIRBNB,,Checked Out,,,,,Airbnb,,,,,,,,,Rack Rate,,,0,0,167.44,0,channel,,,1288,11,Airbnb,Monarch,644
OLD Track,Christian Badillo,nalablue88@gmail.com,Christian Badillo nalablue88@gmail.com,,,9889,,,,,,,,,Sage Safari,322,541.08,8/1/24,8/2/24,1,,,,,0,,7/25/24,Website,,Checked Out,,,,,,,,,,,,,,Rack Rate,,0,0,158.13,60.95,0,channel,,,480,7,Direct,Sage Safari,480
OLD Track,Michael Owens/ Christopher Rowe,michael.r.owens1990@gmail.com,Michael Owens/ Christopher Rowe michael.r.owens1990@gmail.com,,,9285,,,,,,,,,Live Oak Lodge (Pet Friendly),1118,1585.36,8/2/24,8/4/24,2,,,,,0,,5/16/24,Website,,Checked Out,,,,,,,,,,,,,,Rack Rate,,0,0,289.47,177.89,0,channel,,,1407,78,Direct,Live Oak Lodge,704
OLD Track,Reagan Johnson,,Reagan Johnson,,,9622,HMFKN8MEZN,,,,,,,,Monarch,436,600.03,7/31/24,8/1/24,1,,,,,0,,6/25/24,AIRBNB,,Checked Out,,,,,Airbnb,,,,,,,,,Rack Rate,,,0,95,69.03,0,channel,,,531,36,Airbnb,Monarch,531
OLD Track,Danna Najjar,dannanajjar@gmail.com,Danna Najjar dannanajjar@gmail.com,,,9625,,,,,,,,,Live Oak Lodge (Pet Friendly),538,824.47,8/13/24,8/15/24,2,,,,,0,,6/25/24,Website,,Checked Out,,,,,,,,,,,,,,Rack Rate,,0,0,193.77,92.7,0,channel,,,732,49,Direct,Live Oak Lodge,366
OLD Track,David Martinez,d.martinezdm63.dm@gmail.com,David Martinez d.martinezdm63.dm@gmail.com,,,9843,,,,,,,,,Cocoon,898,1285.44,8/2/24,8/4/24,2,,,,,0,,7/20/24,Website,,Checked Out,,,,,,,,,,,,,,Rack Rate,,0,0,243.17,144.27,0,channel,,,1141,13,Direct,Cocoon,571
OLD Track,Denise Trimmins,denisenscot8401@hotmail.com,Denise Trimmins denisenscot8401@hotmail.com,,,9879,,,,,,,,,Buckeye Bungalow,1253,1751.17,8/2/24,8/5/24,3,,,,,0,,7/23/24,Website,,Checked Out,,,,,,,,,,,,,,Rack Rate,,0,0,301.75,196.42,0,channel,,,1555,10,Direct,Buckeye Bungalow,518
OLD Track,Adrian Birdwell,adrian.birdwell1@gmail.com,Adrian Birdwell adrian.birdwell1@gmail.com,,,9880,,,,,,,,,Spyglass,560,842.03,8/2/24,8/4/24,2,,,,,0,,7/24/24,Website,,Checked Out,,,,,,,,,,,,,,Rack Rate,,0,0,187.4,94.63,0,channel,,,747,9,Direct,Spyglass,374
OLD Track,Melvin Cantrell,melvin@cantrellrental.net,Melvin Cantrell melvin@cantrellrental.net,,,9935,,,,,,,,,Lantana Dome,764,1109.65,8/2/24,8/4/24,2,,,,,0,,7/30/24,Website,,Checked Out,,,,,,,,,,,,,,Rack Rate,,0,0,221.06,124.59,0,channel,,,985,3,Direct,Lantana Dome,493
OLD Track,Ruben Gomez,rubenhgomez3@gmail.com,Ruben Gomez rubenhgomez3@gmail.com,,,9966,,,,,,,,,Cedar Haus (Pet Friendly),560,768.56,8/2/24,8/4/24,2,,,,,0,,8/1/24,Guest,,Checked Out,,,,,,,,,,,,,,Rack Rate,Emergency Response / MIlitary Discount,56,0,178.16,86.4,0,online,,,738,1,Direct,Cedar Haus,369
OLD Track,Lorenzo Diaz,,Lorenzo Diaz,,,9865,HMFPQN48TX,,,,,,,,Monarch,1313,1591.04,8/3/24,8/5/24,2,,,,,-428.26,,7/22/24,AIRBNB,,Checked Out,,,,,Airbnb,,,,,,,,,Rack Rate,,,0,95,183.05,0,channel,,,1408,12,Airbnb,Monarch,704
OLD Track,Rory Allen,,Rory Allen,,,9954,HMR8EX8ZZR,,,,,,,,Walnut House (Pet Friendly),940,1169.55,8/3/24,8/5/24,2,,,,,-342.38,,8/1/24,AIRBNB,,Checked Out,,,,,Airbnb,,,,,,,,,Rack Rate,,,0,95,134.56,0,channel,,,1035,2,Airbnb,Walnut House,518
OLD Track,Haley Billington,billingtonh2012@gmail.com,Haley Billington billingtonh2012@gmail.com,,,9364,,,,,,,,,Sage Safari,618,929.41,8/4/24,8/6/24,2,,,,,0,,5/25/24,Website,,Checked Out,,,,,,,,,,,,,,Rack Rate,,0,0,206.97,104.44,0,channel,,,825,71,Direct,Sage Safari,412
OLD Track,Hector Ochoa,hochoa@gmail.com,Hector Ochoa hochoa@gmail.com,,,9726,,,,,,,,,Spyglass,678,996.83,8/4/24,8/6/24,2,,,,,0,,7/6/24,Website,,Checked Out,,,,,,,,,,,,,,Rack Rate,,0,0,206.87,111.96,0,channel,,,885,29,Direct,Spyglass,442
OLD Track,Hudson Martin,,Hudson Martin,,,9871,HMZYZZSQES,,,,,,,,Live Oak Lodge (Pet Friendly),265,418.1,8/4/24,8/5/24,1,,,,,0,,7/23/24,AIRBNB,,Checked Out,,,,,Airbnb,,,,,,,,,Rack Rate,,,0,105,48.1,0,channel,,,370,12,Airbnb,Live Oak Lodge,370
OLD Track,Marlene Meyers,funinthecityhtx@gmail.com,Marlene Meyers funinthecityhtx@gmail.com,,,9234,,,,,,,,,Monarch,0,0,8/5/24,8/7/24,2,,,,,0,,5/13/24,Owner Guest,,Checked Out,,,,,,,,,,,,,,Rack Rate,,0,0,0,,0,Gen Dogelio,,,0,84,Direct,Monarch,0
OLD Track,Kelly Grimes,imagrimes2@gmail.com,Kelly Grimes imagrimes2@gmail.com,,,9338,,,,,,,,,Live Oak Lodge (Pet Friendly),478,745.75,8/5/24,8/7/24,2,,,,,0,,5/23/24,Website,,Checked Out,,,,,,,,,,,,,,Rack Rate,,0,0,183.87,83.88,0,channel,,,662,74,Direct,Live Oak Lodge,331
OLD Track,Kristin Woods,,Kristin Woods,,,9869,HMJ8MTCJAY,,,,,,,,Walnut House (Pet Friendly),254,394.37,8/5/24,8/6/24,1,,,,,0,,7/22/24,AIRBNB,,Checked Out,,,,,Airbnb,,,,,,,,,Rack Rate,,,0,95,45.37,0,channel,,,349,14,Airbnb,Walnut House,349
OLD Track,Nicole Brianne Davidson,brianna.nicole.davidson@gmail.com,Nicole Brianne Davidson brianna.nicole.davidson@gmail.com,,,9911,,,,,,,,,Buckeye Bungalow,222,398.59,8/5/24,8/6/24,1,,,,,0,,7/27/24,Website,,Checked Out,,,,,,,,,,,,,,Rack Rate,,0,0,131.63,44.96,0,channel,,,354,9,Direct,Buckeye Bungalow,354
OLD Track,Megan Wines,,Megan Wines,,,9928,HMYYXZW8FT,,,,,,,,Cocoon,1383,1670.14,8/5/24,8/10/24,5,,,,,0,,7/29/24,AIRBNB,,Checked Out,,,,,Airbnb,,,,,,,,,Rack Rate,,,0,95,192.14,0,channel,,,1478,7,Airbnb,Cocoon,296
OLD CB,Mason Walker,,,,,6.67E+12,,,,,,,,,SPY(1),778,1083.21,8/6/24,8/8/24,2,Spyglass,1083.21,,,,,3/11/24,Website/Booking Engine,,Confirmed,,,,,,,,,,95,85.58,57.52,67.11,,,,,,,,,,,959,148,Direct,Spyglass,479
OLD Track,Jole Ray,jolelray1@gmail.com,Jole Ray jolelray1@gmail.com,,,9630,,,,,,,,,Buckeye Bungalow,210,382.85,6/26/24,6/27/24,1,,,,,0,,6/26/24,Website,,Checked Out,,,,,,,,,,,,,,Rack Rate,,0,0,129.65,43.2,0,channel,,,340,0,Direct,Buckeye Bungalow,340
OLD Track,Jose Martinez,jose.l.mtz15@gmail.com,Jose Martinez jose.l.mtz15@gmail.com,,,9897,,,,,,,,,Walnut House (Pet Friendly),254,440.57,8/6/24,8/7/24,1,,,,,0,,7/25/24,Website,,Checked Out,,,,,,,,,,,,,,Rack Rate,,0,0,136.91,49.66,0,channel,,,391,12,Direct,Walnut House,391
OLD Track,Cory Hill,,Cory Hill,,,9912,HM3RC2T5JM,,,,,,,,Sage Safari,254,405.67,8/6/24,8/7/24,1,,,,,0,,7/27/24,AIRBNB,,Checked Out,,,,,Airbnb,,,,,,,,,Rack Rate,,,0,105,46.67,0,channel,,,359,10,Airbnb,Sage Safari,359
OLD Track,Gabriel Riojas,gariojas@yahoo.com,Gabriel Riojas gariojas@yahoo.com,,,9628,,,,,,,,,Monarch,0,0,6/26/24,6/27/24,1,,,,,0,,6/26/24,Owner Guest,,Checked Out,,,,,,,,,,,,,,Rack Rate,,0,0,0,,0,Gen Dogelio,,,0,0,Direct,Monarch,0
OLD Track,Stephanie Tomko,,Stephanie Tomko,,,9934,HM2JFCSK4Q,,,,,,,,Live Oak Lodge (Pet Friendly),299,456.52,8/7/24,8/8/24,1,,,,,0,,7/30/24,AIRBNB,,Checked Out,,,,,Airbnb,,,,,,,,,Rack Rate,,,0,105,52.52,0,channel,,,404,8,Airbnb,Live Oak Lodge,404
OLD Track,Rajeev Patel,rpatel.4812@gmail.com,Rajeev Patel rpatel.4812@gmail.com,,,9937,,,,,,,,,Walnut House (Pet Friendly),568,852.52,8/7/24,8/9/24,2,,,,,0,,7/30/24,Website,,Checked Out,,,,,,,,,,,,,,Rack Rate,,0,0,188.72,95.8,0,channel,,,757,8,Direct,Walnut House,378
OLD Track,Macalan Lindner,macalan317@gmail.com,Macalan Lindner macalan317@gmail.com,,,9631,,,,,,,,,Sage Safari,210,394.15,6/26/24,6/27/24,1,,,,,0,,6/26/24,Website,,Checked Out,,,,,,,,,,,,,,Rack Rate,,0,0,139.65,44.5,0,channel,,,350,0,Direct,Sage Safari,350
OLD Track,Naeem Maredia,maredia_naeem@yahoo.com,Naeem Maredia maredia_naeem@yahoo.com,,,10051,,,,,,,,,Spyglass,988,1403.52,8/8/24,8/10/24,2,,,,,0,,8/7/24,Website,,Checked Out,,,,,,,,,,,,,,Rack Rate,,0,0,258.02,157.5,0,channel,,,1246,1,Direct,Spyglass,623
OLD Track,Daniel Ramirez Burgueno,l.ramirezburgueno@gmail.com,Daniel Ramirez Burgueno l.ramirezburgueno@gmail.com,,,9627,,,,,,,,,Cocoon,649,958.79,7/3/24,7/5/24,2,,,,,0,,6/26/24,Website,,Checked Out,,,,,,,,,,,,,,Rack Rate,,0,0,202.09,107.7,0,channel,,,851,7,Direct,Cocoon,426
OLD Track,Alexis Figurski,,Alexis Figurski,,,9944,HMBMRFWMZD,,,,,,,,Juniper Haus,658,850.89,8/9/24,8/11/24,2,,,,,-371.76,,7/30/24,AIRBNB,,Checked Out,,,,,Airbnb,,,,,,,,,Rack Rate,,,0,95,97.9,0,channel,,,753,10,Airbnb,Juniper Haus,377
OLD Track,Maggie Ramirez,,Maggie Ramirez,,,10110,HM8S9SCH5K,,,,,,,,Monarch,329,479.12,8/9/24,8/10/24,1,,,,,0,,8/9/24,AIRBNB,,Checked Out,,,,,Airbnb,,,,,,,,,Rack Rate,,,0,95,55.12,0,channel,,,424,0,Airbnb,Monarch,424
OLD Track,Mike Ringo,,Mike Ringo,,,10108,HMY3ZCJARE,,,,,,,,Buckeye Bungalow,688,884.79,8/9/24,8/11/24,2,,,,,-450.86,,8/9/24,AIRBNB,,Checked Out,,,,,Airbnb,,,,,,,,,Rack Rate,,,0,95,101.8,0,channel,,,783,0,Airbnb,Buckeye Bungalow,392
OLD Track,Milind Angure,milind.angure@gmail.com,Milind Angure milind.angure@gmail.com,,,9837,,,,,,,,,Live Oak Lodge (Pet Friendly),357,587,8/10/24,8/11/24,1,,,,,0,,7/19/24,Website,,Checked Out,,,,,,,,,,,,,,Rack Rate,,0,0,163.91,66.09,0,channel,,,521,22,Direct,Live Oak Lodge,521
OLD Track,Megan Vokey,meganafton@gmail.com,Megan Vokey meganafton@gmail.com,,,10085,,,,,,,,,Cocoon,249,434.02,8/10/24,8/11/24,1,,,,,0,,8/8/24,Website,,Checked Out,,,,,,,,,,,,,,Rack Rate,,0,0,136.09,48.93,0,channel,,,385,2,Direct,Cocoon,385
OLD Track,Taalai Djumabaev,,Taalai Djumabaev,,,10111,HMN9XDYXKN,,,,,,,,Monarch,599,784.22,8/10/24,8/11/24,1,,,,,0,,8/9/24,AIRBNB,,Checked Out,,,,,Airbnb,,,,,,,,,Rack Rate,,,0,95,90.22,0,channel,,,694,1,Airbnb,Monarch,694
OLD Track,Melissa Guzman,mguzma.589849@guest.booking.com,Melissa Guzman mguzma.589849@guest.booking.com,,,10092,4803725030:443,,,,,,,,Cedar Haus (Pet Friendly),249,376.37,8/10/24,8/11/24,1,,,,,0,,8/9/24,Booking.com,,Checked Out,,,,,Booking.com,,,,,,,,,Rack Rate,,,0,95,44.72,0,channel,,,344,1,Booking.com,Cedar Haus,344
OLD Track,Shannon Patteson,shannondpatteson@gmail.com,Shannon Patteson shannondpatteson@gmail.com,,,10123,,,,,,,,,Spyglass,888,1272.33,8/10/24,8/12/24,2,,,,,0,,8/10/24,Website,,Checked Out,,,,,,,,,,,,,,Rack Rate,,0,0,241.52,142.81,0,channel,,,1130,0,Direct,Spyglass,565
OLD Track,Hugo Carlino,hughcarlino@gmail.com,Hugo Carlino hughcarlino@gmail.com,,,9107,,,,,,,,,Live Oak Lodge (Pet Friendly),508,785.1,8/11/24,8/13/24,2,,,,,0,,4/30/24,Website,,Checked Out,,,,,,,,,,,,,,Rack Rate,,0,0,188.82,88.28,0,channel,,,697,103,Direct,Live Oak Lodge,348
OLD Track,Rachael Greulich,versluys8@gmail.com,Rachael Greulich versluys8@gmail.com,,,9305,,,,,,,,,Monarch,508,773.8,8/11/24,8/13/24,2,,,,,0,,5/18/24,Website,,Checked Out,,,,,,,,,,,,,,Rack Rate,,0,0,178.82,86.98,0,channel,,,687,85,Direct,Monarch,343
OLD Track,Nick Komodina,nick.komodina@impaktindustries.co,Nick Komodina nick.komodina@impaktindustries.co,,,9629,,,,,,,,,Walnut House (Pet Friendly),1128,1587.18,8/1/24,8/3/24,2,,,,,0,,6/26/24,Website,,Checked Out,,,,,,,,,,,,,,Rack Rate,,0,0,281.12,178.06,0,channel,,,1409,36,Direct,Walnut House,705
OLD Track,Mason Hancock,mason.hancock01@yahoo.com,Mason Hancock mason.hancock01@yahoo.com,,,9635,,,,,,,,,Spyglass,928,1324.8,9/29/24,10/1/24,2,,,,,0,,6/26/24,Website,,Checked Out,,,,,,,,,,,,,,Rack Rate,,0,0,248.12,148.68,0,channel,,,1176,95,Direct,Spyglass,588
OLD Track,Gilbert Marquez,,Gilbert Marquez,,,10128,HMR3MQMQA8,,,,,,,,Cocoon,229,366.12,8/11/24,8/12/24,1,,,,,0,,8/10/24,AIRBNB,,Checked Out,,,,,Airbnb,,,,,,,,,Rack Rate,,,0,95,42.12,0,channel,,,324,1,Airbnb,Cocoon,324
OLD Track,Amanda Rico,,Amanda Rico,,,10125,HMZB5985AQ,,,,,,,,Sage Safari,279,433.92,8/11/24,8/12/24,1,,,,,0,,8/10/24,AIRBNB,,Checked Out,,,,,Airbnb,,,,,,,,,Rack Rate,,,0,105,49.92,0,channel,,,384,1,Airbnb,Sage Safari,384
OLD Track,Peter Byrne,,Peter Byrne,,,10135,HMW4DCE4DC,,,,,,,,Walnut House (Pet Friendly),279,422.62,8/11/24,8/12/24,1,,,,,0,,8/11/24,AIRBNB,,Checked Out,,,,,Airbnb,,,,,,,,,Rack Rate,,,0,95,48.62,0,channel,,,374,0,Airbnb,Walnut House,374
OLD Track,Joseph Vigneri,,Joseph Vigneri,,,9626,HM9BHBABPE,,,,,,,,Spyglass,2997,3493.96,2/13/25,2/16/25,3,,,,,0.01,,6/26/24,AIRBNB,,Confirmed,,,,,Airbnb,,,,,,,,,Rack Rate,,,0,95,401.97,0,channel,,,3092,232,Airbnb,Spyglass,1031
OLD Track,Jason Masters,jmast72@icloud.com,Jason Masters jmast72@icloud.com,,,9741,,,,,,,,,Walnut House (Pet Friendly),598,891.87,8/12/24,8/14/24,2,,,,,0,,7/10/24,Website,,Checked Out,,,,,,,,,,,,,,Rack Rate,,0,0,193.67,100.2,0,channel,,,792,33,Direct,Walnut House,396
OLD Track,Travione Norwood,trillestkid21@yahoo.com,Travione Norwood trillestkid21@yahoo.com,,,10086,,,,,,,,,Cocoon,522,792.17,8/12/24,8/14/24,2,,,,,0,,8/8/24,Website,,Checked Out,,,,,,,,,,,,,,Rack Rate,,0,0,181.13,89.04,0,channel,,,703,4,Direct,Cocoon,352
OLD Track,Richard Zahn Schultz,Zahnymedia@gmail.com,Richard Zahn Schultz Zahnymedia@gmail.com,,,10164,,,,,,,,,Sage Safari,0,0,8/12/24,8/13/24,1,,,,,0,,8/12/24,Owner Guest,,Checked Out,,,,,,,,,,,,,,Rack Rate,,0,0,0,,0,Concierge,,,0,0,Direct,Sage Safari,0
OLD Track,Paul Bulanov,Paul@bulanovgroup.com,Paul Bulanov Paul@bulanovgroup.com,,,10165,,,,,,,,,Spyglass,0,0,8/12/24,8/13/24,1,,,,,0,,8/12/24,Owner Guest,,Checked Out,,,,,,,,,,,,,,Rack Rate,,0,0,0,,0,Concierge,,,0,0,Direct,Spyglass,0
OLD Track,Kelly Berg,,Kelly Berg,,,9418,HMYZMF8KWM,,,,,,,,Monarch,239,377.42,8/13/24,8/14/24,1,,,,,0,,5/31/24,AIRBNB,,Checked Out,,,,,Airbnb,,,,,,,,,Rack Rate,,,0,95,43.42,0,channel,,,334,74,Airbnb,Monarch,334
OLD Track,Patrick Pilarski,ppilarski77@gmail.com,Patrick Pilarski ppilarski77@gmail.com,,,9638,,,,,,,,,Lantana Dome,649,958.79,6/27/24,6/29/24,2,,,,,0,,6/27/24,Website,,Checked Out,,,,,,,,,,,,,,Rack Rate,,0,0,202.09,107.7,0,channel,,,851,0,Direct,Lantana Dome,426
OLD Track,Anthony Serrato,serratoanthony10@gmail.com,Anthony Serrato serratoanthony10@gmail.com,,,9820,,,,,,,,,Sage Safari,239,432.19,8/13/24,8/14/24,1,,,,,0,,7/18/24,Website,,Checked Out,,,,,,,,,,,,,,Rack Rate,,0,0,144.44,48.75,0,channel,,,383,26,Direct,Sage Safari,383
OLD Track,Wolfgang Mueller-Braun,mueller.m.wolfgang@gmail.com,Wolfgang Mueller-Braun mueller.m.wolfgang@gmail.com,,,10030,,,,,,,,,Spyglass,299,499.61,8/13/24,8/14/24,1,,,,,0,,8/5/24,Website,,Checked Out,,,,,,,,,,,,,,Rack Rate,,0,0,144.34,56.27,0,channel,,,443,8,Direct,Spyglass,443
OLD Track,Shannon Gildart,,Shannon Gildart,,,10058,HMZZSMTM5R,,,,,,,,Lantana Dome,470,638.45,8/13/24,8/15/24,2,,,,,-236.16,,8/7/24,AIRBNB,,Checked Out,,,,,Airbnb,,,,,,,,,Rack Rate,,,0,95,73.46,0,channel,,,565,6,Airbnb,Lantana Dome,283
OLD Track,Jennifer Marsh,,Jennifer Marsh,,,9775,HMF5XP8QTN,,,,,,,,Spyglass,239,377.42,8/14/24,8/15/24,1,,,,,0,,7/13/24,AIRBNB,,Checked Out,,,,,Airbnb,,,,,,,,,Rack Rate,,,0,95,43.42,0,channel,,,334,32,Airbnb,Spyglass,334
OLD Track,Jose Rosales,rosalesj50@gmail.com,Jose Rosales rosalesj50@gmail.com,,,10109,,,,,,,,,Walnut House (Pet Friendly),239,405.22,8/14/24,8/15/24,1,,,,,0,,8/9/24,Website,,Checked Out,,,,,,,,,,,,,,Rack Rate,Onera Auto-approved Discount (5% OFF - SunMonTueWedThu),11.95,0,132.47,45.7,0,channel,,,371,5,Direct,Walnut House,371
OLD Track,Ana Paula Melendez Espa√±a,anapaumldzz@outlook.com,Ana Paula Melendez Espa√±a anapaumldzz@outlook.com,,,10119,,,,,,,,,Monarch,0,0,8/15/24,8/16/24,1,,,,,0,,8/9/24,Owner Guest,,Checked Out,,,,,,,,,,,,,,Rack Rate,,0,0,0,,0,Concierge,,,0,6,Direct,Monarch,0
OLD CB,Tyler Roberts,,,,,4.43E+12,,,,,,,,,WAL(1),1798,2403.21,8/16/24,8/18/24,2,Walnut House,2403.21,,,,,3/22/24,Website/Booking Engine,,Confirmed,,,,,,,,,,95,233.74,127.6,148.87,,,,,,,,,,,2127,147,Direct,Walnut House,1063
OLD Track,Lauren Sumerlin,elephantgirly1986@yahoo.com,Lauren Sumerlin elephantgirly1986@yahoo.com,,,9641,,,,,,,,,Sage Safari,724,1057.18,6/28/24,6/30/24,2,,,,,0,,6/27/24,Website,,Checked Out,,,,,,,,,,,,,,Rack Rate,,0,0,214.46,118.72,0,channel,,,938,1,Direct,Sage Safari,469
OLD Track,Melissa Barroso,melissa@kerrcountyac.com,Melissa Barroso melissa@kerrcountyac.com,,,9922,,,,,,,,,Buckeye Bungalow,1098,1547.82,8/16/24,8/18/24,2,,,,,0,,7/29/24,Website,,Checked Out,,,,,,,,,,,,,,Rack Rate,,0,0,276.17,173.65,0,channel,,,1374,18,Direct,Buckeye Bungalow,687
OLD Track,Michelle Romeo,michelleromeo@hotmail.com,Michelle Romeo michelleromeo@hotmail.com,,,9924,,,,,,,,,Juniper Haus,698,1023.06,8/16/24,8/18/24,2,,,,,0,,7/29/24,Website,,Checked Out,,,,,,,,,,,,,,Rack Rate,,0,0,210.17,114.89,0,channel,,,908,18,Direct,Juniper Haus,454
OLD Track,SeLina Ysac,,SeLina Ysac,,,10069,HMEH93M5ZE,,,,,,,,Cedar Haus (Pet Friendly),594,778.57,8/16/24,8/18/24,2,,,,,-335.6,,8/8/24,AIRBNB,,Checked Out,,,,,Airbnb,,,,,,,,,Rack Rate,,,0,95,89.58,0,channel,,,689,8,Airbnb,Cedar Haus,345
OLD Track,MELINDA LEAL,melinda.g.perez@icloud.com,MELINDA LEAL melinda.g.perez@icloud.com,,,10166,,,,,,,,,Live Oak Lodge (Pet Friendly),810,1107.19,8/16/24,8/18/24,2,,,,,0,,8/12/24,Website,,Checked Out,,,,,,,,,,,,,,Rack Rate,,0,0,169.8,127.39,0,channel,,,980,4,Direct,Live Oak Lodge,490
OLD Track,Jamie Farris,817epoxy@gmail.com,Jamie Farris 817epoxy@gmail.com,,,10218,4636194082:686,,,,,,,,Sage Safari,394,550.22,8/16/24,8/17/24,1,,,,,0,,8/16/24,Booking.com,,Checked Out,,,,,Booking.com,,,,,,,,,Rack Rate,,,0,105,64.87,0,channel,,,499,0,Booking.com,Sage Safari,499
OLD Track,Michelle Sanchez,,Michelle Sanchez,,,10182,HM3MAKN2TA,,,,,,,,Sage Safari,594,789.87,8/17/24,8/19/24,2,,,,,-277.07,,8/13/24,AIRBNB,,Checked Out,,,,,Airbnb,,,,,,,,,Rack Rate,,,0,105,90.88,0,channel,,,699,4,Airbnb,Sage Safari,350
OLD Track,Ruby Escobedo,,Ruby Escobedo,,,10263,HMWWB5ETB4,,,,,,,,Cocoon,200,333.35,8/17/24,8/18/24,1,,,,,0,,8/16/24,AIRBNB,,Checked Out,,,,,Airbnb,,,,,,,,,Rack Rate,,,0,95,38.35,0,channel,,,295,1,Airbnb,Cocoon,295
OLD Track,Laurie Jarrett,ljarre.393677@guest.booking.com,Laurie Jarrett ljarre.393677@guest.booking.com,,,10259,4325438880:574,,,,,,,,Spyglass,341,480.33,8/17/24,8/18/24,1,,,,,0,,8/16/24,Booking.com,,Checked Out,,,,,Booking.com,,,,,,,,,Rack Rate,,,0,95,56.68,0,channel,,,436,1,Booking.com,Spyglass,436
OLD Track,Maria Judith Avila Calderon,yudyac0321@gmail.com,Maria Judith Avila Calderon yudyac0321@gmail.com,,,10231,HMCSDYD2JR,,,,,,,,Monarch,571,752.58,8/17/24,8/19/24,2,,,,,-221.04,,8/16/24,AIRBNB,,Checked Out,,,,,Airbnb,,,,,,,,,Rack Rate,,,0,95,86.59,0,channel,,,666,1,Airbnb,Monarch,333
OLD Track,Tammy Beavers,,Tammy Beavers,,,10270,HMZZSBQ9DR,,,,,,,,Pecan Haus,167,296.06,8/17/24,8/18/24,1,,,,,0,,8/17/24,AIRBNB,,Checked Out,,,,,Airbnb,,,,,,,,,Rack Rate,,,0,95,34.06,0,channel,,,262,0,Airbnb,Pecan Haus,262
OLD Track,Rocco Salvatore Cotrona,ro.cotrona@gmail.com,Rocco Salvatore Cotrona ro.cotrona@gmail.com,,,10186,,,,,,,,,Live Oak Lodge (Pet Friendly),277,431.66,8/18/24,8/19/24,1,,,,,0,,8/13/24,Website,,Checked Out,,,,,,,,,,,,,,Rack Rate,,0,0,105,49.66,0,channel,,,382,5,Direct,Live Oak Lodge,382
OLD Track,Joana Conejo,johannaenriquez33@icloud.com,Joana Conejo johannaenriquez33@icloud.com,,,10198,,,,,,,,,Cocoon,288,432.79,8/18/24,8/19/24,1,,,,,0,,8/14/24,Website,,Checked Out,,,,,,,,,,,,,,Rack Rate,,0,0,95,49.79,0,channel,,,383,4,Direct,Cocoon,383
OLD Track,Will Berton,,Will Berton,,,10293,HM2HZR3CEY,,,,,,,,Walnut House (Pet Friendly),196,328.83,8/18/24,8/19/24,1,,,,,0,,8/18/24,AIRBNB,,Checked Out,,,,,Airbnb,,,,,,,,,Rack Rate,,,0,95,37.83,0,channel,,,291,0,Airbnb,Walnut House,291
OLD Track,Elliott Coffey,,Elliott Coffey,,,9640,HMJSTZABRT,,,,,,,,Juniper Haus,378,534.49,6/29/24,7/1/24,2,,,,,-206.78,,6/27/24,AIRBNB,,Checked Out,,,,,Airbnb,,,,,,,,,Rack Rate,,,0,95,61.5,0,channel,,,473,2,Airbnb,Juniper Haus,237
OLD Track,Chris Wilson,,Chris Wilson,,,9644,HM5JZEBADA,,,,,,,,Lantana Dome,584,767.27,6/29/24,7/1/24,2,,,,,-250.85,,6/27/24,AIRBNB,,Checked Out,,,,,Airbnb,,,,,,,,,Rack Rate,,,0,95,88.28,0,channel,,,679,2,Airbnb,Lantana Dome,340
OLD Track,Marcus Pennywell,clpennywell@yahoo.com,Marcus Pennywell clpennywell@yahoo.com,,,10006,,,,,,,,,Juniper Haus,398,629.49,8/19/24,8/21/24,2,,,,,0,,8/4/24,Website,,Checked Out,,,,,,,,,,,,,,Rack Rate,,0,0,160.67,70.82,0,channel,,,559,15,Direct,Juniper Haus,279
OLD Track,Jacob Wescoat,natalieminnis@gmail.com,Jacob Wescoat natalieminnis@gmail.com,,,10087,,,,,,,,,Cocoon,418,655.73,8/19/24,8/21/24,2,,,,,0,,8/8/24,Website,,Checked Out,,,,,,,,,,,,,,Rack Rate,,0,0,163.97,73.76,0,channel,,,582,11,Direct,Cocoon,291
OLD Track,Brianda Zamora,,Brianda Zamora,,,10113,HMESA5PPD3,,,,,,,,Buckeye Bungalow,318,466.69,8/19/24,8/21/24,2,,,,,-179.66,,8/9/24,AIRBNB,,Checked Out,,,,,Airbnb,,,,,,,,,Rack Rate,,,0,95,53.7,0,channel,,,413,10,Airbnb,Buckeye Bungalow,207
OLD Track,John Haserick,john.haserick@gmail.com,John Haserick john.haserick@gmail.com,,,10210,,,,,,,,,Sage Safari,270,423.75,8/19/24,8/20/24,1,,,,,0,,8/15/24,Website,,Checked Out,,,,,,,,,,,,,,Rack Rate,,0,0,105,48.75,0,channel,,,375,4,Direct,Sage Safari,375
OLD Track,Douglas Hawkins,ghawkins1033@gmail.com,Douglas Hawkins ghawkins1033@gmail.com,,,10279,,,,,,,,,Walnut House (Pet Friendly),540,717.56,8/19/24,8/21/24,2,,,,,0,,8/17/24,Website,,Checked Out,,,,,,,,,,,,,,Rack Rate,,0,0,95,82.56,0,channel,,,635,2,Direct,Walnut House,318
OLD Track,Levi Galvin,,Levi Galvin,,,10291,HMZW5YXPTY,,,,,,,,Lantana Dome,208,342.39,8/19/24,8/20/24,1,,,,,0,,8/18/24,AIRBNB,,Checked Out,,,,,Airbnb,,,,,,,,,Rack Rate,,,0,95,39.39,0,channel,,,303,1,Airbnb,Lantana Dome,303
OLD Track,Michelle Santiago,,Michelle Santiago,,,9295,HM5JFKPF4N,,,,,,,,Lantana Dome,418,579.69,8/20/24,8/22/24,2,,,,,0,,5/17/24,AIRBNB,,Checked Out,,,,,Airbnb,,,,,,,,,Rack Rate,,,0,95,66.7,0,channel,,,513,95,Airbnb,Lantana Dome,257
OLD Track,Stephanie Moore,skmoorecamp18@gmail.com,Stephanie Moore skmoorecamp18@gmail.com,,,10061,,,,,,,,,Spyglass,841,1210.67,8/20/24,8/23/24,3,,,,,0,,8/7/24,Website,,Checked Out,,,,,,,,,,,,,,Rack Rate,,0,0,233.77,135.9,0,channel,,,1075,13,Direct,Spyglass,358
OLD Track,Andrea Ponce,andy2003p@gmail.com,Andrea Ponce andy2003p@gmail.com,,,10144,,,,,,,,,Cedar Haus (Pet Friendly),318,495.45,8/20/24,8/22/24,2,,,,,0,,8/12/24,Website,,Checked Out,,,,,,,,,,,,,,Rack Rate,,0,0,120.44,57.01,0,channel,,,438,8,Direct,Cedar Haus,219
OLD Track,Joan Garcia,,Joan Garcia,,,10020,HMHKZZQF8N,,,,,,,,Walnut House (Pet Friendly),239,377.42,8/21/24,8/22/24,1,,,,,0,,8/5/24,AIRBNB,,Checked Out,,,,,Airbnb,,,,,,,,,Rack Rate,,,0,95,43.42,0,channel,,,334,16,Airbnb,Walnut House,334
OLD Track,Paola Prada,,Paola Prada,,,10063,HMEYHCS95Z,,,,,,,,Monarch,239,377.42,8/21/24,8/22/24,1,,,,,0,,8/7/24,AIRBNB,,Checked Out,,,,,Airbnb,,,,,,,,,Rack Rate,,,0,95,43.42,0,channel,,,334,14,Airbnb,Monarch,334
OLD Track,Viridiana Saavedra,,Viridiana Saavedra,,,10347,HMQXJHQT8Z,,,,,,,,Live Oak Lodge (Pet Friendly),482,663.31,8/21/24,8/23/24,2,,,,,-275.8,,8/20/24,AIRBNB,,Checked Out,,,,,Airbnb,,,,,,,,,Rack Rate,,,0,105,76.32,0,channel,,,587,1,Airbnb,Live Oak Lodge,294
OLD Track,Eva Gonzales,,Eva Gonzales,,,10406,HMNQQR3PBC,,,,,,,,Monarch,244,383.07,8/22/24,8/23/24,1,,,,,0,,8/22/24,AIRBNB,,Checked Out,,,,,Airbnb,,,,,,,,,Rack Rate,,,0,95,44.07,0,channel,,,339,0,Airbnb,Monarch,339
OLD CB,Gordon Fuller,,,,,7.90E+12,,,,,,,,,PEC(1),699,999.9,8/23/24,8/25/24,2,Pecan Haus,999.9,,,,,4/22/24,Website/Booking Engine,,Confirmed,,,,,,,,,,95,90.87,53.09,61.94,,,,,,,,,,,885,123,Direct,Pecan Haus,442
OLD CB,Kevin & Amy Dean,,,,,2.91E+12,,,,,,,,,WAL(1),1798,2403.21,8/23/24,8/25/24,2,Walnut House,2403.21,,,,,5/13/24,Website/Booking Engine,,Confirmed,,,,,,,,,,95,233.74,127.6,148.87,,,,,,,,,,,2127,102,Direct,Walnut House,1063
OLD Track,Tiona Campbell,,Tiona Campbell,,,9968,HMPN2E8WTM,,,,,,,,Juniper Haus,698,896.09,8/23/24,8/25/24,2,,,,,-394.36,,8/1/24,AIRBNB,,Checked Out,,,,,Airbnb,,,,,,,,,Rack Rate,,,0,95,103.1,0,channel,,,793,22,Airbnb,Juniper Haus,397
OLD Track,Kevin Fontenot,fontenotkc@gmail.com,Kevin Fontenot fontenotkc@gmail.com,,,10121,,,,,,,,,Live Oak Lodge (Pet Friendly),1998,2739.83,8/23/24,8/25/24,2,,,,,0,,8/9/24,Website,,Checked Out,,,,,,,,,,,,,,Rack Rate,,0,0,434.67,307.16,0,channel,,,2433,14,Direct,Live Oak Lodge,1216
OLD Track,Ariel Longoria,,Ariel Longoria,,,10174,HMESC4NRKW,,,,,,,,Buckeye Bungalow,1098,1348.09,8/23/24,8/25/24,2,,,,,-620.36,,8/13/24,AIRBNB,,Checked Out,,,,,Airbnb,,,,,,,,,Rack Rate,,,0,95,155.1,0,channel,,,1193,10,Airbnb,Buckeye Bungalow,597
OLD Track,Marian Padron,marian.padron03@gmail.com,Marian Padron marian.padron03@gmail.com,,,10299,,,,,,,,,Cedar Haus (Pet Friendly),200,333.35,8/23/24,8/24/24,1,,,,,0,,8/18/24,Website,,Checked Out,,,,,,,,,,,,,,Rack Rate,,0,0,95,38.35,0,channel,,,295,5,Direct,Cedar Haus,295
OLD Track,Dana Shipes,danashipes@gmail.com,Dana Shipes danashipes@gmail.com,,,10325,,,,,,,,,Monarch,1708,2037.4,8/23/24,8/25/24,2,,,,,0,,8/19/24,Website,,Checked Out,,,,,,,,,,,,,,Rack Rate,,0,0,95,234.4,0,channel,,,1803,4,Direct,Monarch,902
OLD Track,Malcolm Freeland,,Malcolm Freeland,,,10360,HMDYYRPE93,,,,,,,,Lantana Dome,274,416.97,8/23/24,8/24/24,1,,,,,0,,8/21/24,AIRBNB,,Checked Out,,,,,Airbnb,,,,,,,,,Rack Rate,,,0,95,47.97,0,channel,,,369,2,Airbnb,Lantana Dome,369
OLD Track,George Cholankeril,,George Cholankeril,,,10361,HMQE5XBSEB,,,,,,,,Sage Safari,752,968.41,8/23/24,8/25/24,2,,,,,-424.87,,8/21/24,AIRBNB,,Checked Out,,,,,Airbnb,,,,,,,,,Rack Rate,,,0,105,111.42,0,channel,,,857,2,Airbnb,Sage Safari,429
OLD Track,Vasile Semac,szemak66@gmail.com,Vasile Semac szemak66@gmail.com,,,10364,,,,,,,,,Cocoon,622,810.22,8/23/24,8/25/24,2,,,,,0,,8/21/24,Guest,,Checked Out,,,,,,,,,,,,,,Rack Rate,,0,0,95,93.22,0,Concierge,,,717,2,Direct,Cocoon,359
OLD Track,Brett Jones,Brettjones11@gmail.com,Brett Jones Brettjones11@gmail.com,,,10228,,,,,,,,,Cedar Haus (Pet Friendly),200,0,8/24/24,8/25/24,1,,,,,0,,8/16/24,Website,,Checked Out,,,,,,,,,,,,,,Rack Rate,,0,0,95,38.35,0,Gen Dogelio,,,295,8,Direct,Cedar Haus,295
OLD CB,Stephen Lindley,,,,,6.76E+12,,,,,,,,,WAL(1),718,1024.16,8/25/24,8/27/24,2,Walnut House,1024.16,,,,,5/11/24,Website/Booking Engine,,Confirmed,,,,,,,,,,95,93.34,54.38,63.44,,,,,,,,,,,906,106,Direct,Walnut House,453
OLD Track,Randy Goldstein,randy.goldstein@me.com,Randy Goldstein randy.goldstein@me.com,,,9322,,,,,,,,,Spyglass,479,704.33,8/25/24,8/26/24,1,,,,,0,,5/21/24,Guest,,Checked Out,,,,,,,,,,,,,,Rack Rate,5% discount,23.95,0,170.09,79.19,0,online,,,649,96,Direct,Spyglass,649
OLD Track,Jose Quirino,,Jose Quirino,,,10383,HMZ8AW2NTW,,,,,,,,Live Oak Lodge (Pet Friendly),259,411.32,8/25/24,8/26/24,1,,,,,0,,8/21/24,AIRBNB,,Checked Out,,,,,Airbnb,,,,,,,,,Rack Rate,,,0,105,47.32,0,channel,,,364,4,Airbnb,Live Oak Lodge,364
OLD Track,Angela Garcia,ccortez1980@yahoo.com,Angela Garcia ccortez1980@yahoo.com,,,9113,,,,,,,,,Monarch,717,1047.99,8/26/24,8/29/24,3,,,,,250,,5/1/24,Website,,Checked Out,,,,,,,,,,,,,,Rack Rate,,0,0,213.31,117.68,250,channel,,,930,117,Direct,Monarch,310
OLD Track,Roberto Oliva Rivera,robertoliva1@outlook.com,Roberto Oliva Rivera robertoliva1@outlook.com,,,9643,,,,,,,,,Monarch,273,465.5,6/30/24,7/1/24,1,,,,,0,,6/27/24,Website,,Checked Out,,,,,,,,,,,,,,Rack Rate,,0,0,140.05,52.45,0,channel,,,413,3,Direct,Monarch,413
OLD Track,Rachael Meza-MacDonald,maemae0809@gmail.com,Rachael Meza-MacDonald maemae0809@gmail.com,,,9758,,,,,,,,,Spyglass,598,891.87,8/26/24,8/28/24,2,,,,,0,,7/11/24,Website,,Checked Out,,,,,,,,,,,,,,Rack Rate,,0,0,193.67,100.2,0,channel,,,792,46,Direct,Spyglass,396
OLD Track,Thomas Marinaro,marinaro237@yahoo.com,Thomas Marinaro marinaro237@yahoo.com,,,9796,,,,,,,,,Cocoon,522,792.17,8/26/24,8/28/24,2,,,,,0,,7/16/24,Website,,Checked Out,,,,,,,,,,,,,,Rack Rate,,0,0,181.13,89.04,0,channel,,,703,41,Direct,Cocoon,352
OLD Track,Amanda Cronkhite,,Amanda Cronkhite,,,10442,HM5JSD9TEE,,,,,,,,Lantana Dome,235,372.9,8/26/24,8/27/24,1,,,,,0,,8/25/24,AIRBNB,,Checked Out,,,,,Airbnb,,,,,,,,,Rack Rate,,,0,95,42.9,0,channel,,,330,1,Airbnb,Lantana Dome,330
OLD Track,Abigayle Hoelshcer,,Abigayle Hoelshcer,,,9637,HMR82RRWA9,,,,,,,,Spyglass,1562,1872.41,7/4/24,7/6/24,2,,,,,-1354.86,,6/27/24,AIRBNB,,Checked Out,,,,,Airbnb,,,,,,,,,Rack Rate,,,0,95,215.42,0,channel,,,1657,7,Airbnb,Spyglass,829
OLD Track,Patrick Fogarty,patrick.fogarty.317@gmail.com,Patrick Fogarty patrick.fogarty.317@gmail.com,,,10474,,,,,,,,,Live Oak Lodge (Pet Friendly),194,337.87,8/27/24,8/28/24,1,,,,,0,,8/26/24,Guest,,Checked Out,,,,,,,,,,,,,,Rack Rate,,0,0,105,38.87,0,online,,,299,1,Direct,Live Oak Lodge,299
OLD Track,Matthew Martinez,,Matthew Martinez,,,10496,HM3J8NAEYF,,,,,,,,Sage Safari,171,311.88,8/27/24,8/28/24,1,,,,,0,,8/27/24,AIRBNB,,Checked Out,,,,,Airbnb,,,,,,,,,Rack Rate,,,0,105,35.88,0,channel,,,276,0,Airbnb,Sage Safari,276
OLD Track,Vero Suarez,,Vero Suarez,,,9730,HMWWMJ555F,,,,,,,,Live Oak Lodge (Pet Friendly),678,884.79,8/28/24,8/30/24,2,,,,,-428.26,,7/8/24,AIRBNB,,Checked Out,,,,,Airbnb,,,,,,,,,Rack Rate,,,0,105,101.8,0,channel,,,783,51,Airbnb,Live Oak Lodge,392
OLD Track,Gaby Mendoza,,Gaby Mendoza,,,9943,HMCTTXZAFA,,,,,,,,Lantana Dome,1208,1472.39,8/30/24,9/1/24,2,,,,,-744.66,,7/30/24,AIRBNB,,Checked Out,,,,,Airbnb,,,,,,,,,Rack Rate,,,0,95,169.4,0,channel,,,1303,31,Airbnb,Lantana Dome,652
OLD Track,Christian Perez,mammitu1@gmail.com,Christian Perez mammitu1@gmail.com,,,9945,,,,,,,,,Cocoon,1747,2399.26,8/30/24,9/2/24,3,,,,,0,,7/31/24,Website,,Checked Out,,,,,,,,,,,,,,Rack Rate,,0,0,383.26,269,0,channel,,,2130,30,Direct,Cocoon,710
OLD Track,Eric Castillo,ericcastillo579@gmail.com,Eric Castillo ericcastillo579@gmail.com,,,9948,,,,,,,,,Juniper Haus,1357,1887.61,8/30/24,9/2/24,3,,,,,0,,8/1/24,Website,,Checked Out,,,,,,,,,,,,,,Rack Rate,,0,0,318.91,211.7,0,channel,,,1676,29,Direct,Juniper Haus,559
OLD Track,Alan Segura,aseguram18@yahoo.com,Alan Segura aseguram18@yahoo.com,,,9996,,,,,,,,,Pecan Haus,878,1259.21,8/30/24,9/1/24,2,,,,,0,,8/2/24,Website,,Checked Out,,,,,,,,,,,,,,Rack Rate,,0,0,239.87,141.34,0,channel,,,1118,28,Direct,Pecan Haus,559
OLD Track,Joe Harvey,Jcharvey9@yahoo.com,Joe Harvey Jcharvey9@yahoo.com,,,10041,,,,,,,,,Monarch,2638,3568.16,8/30/24,9/1/24,2,,,,,0,,8/6/24,Website,,Checked Out,,,,,,,,,,,,,,Rack Rate,,0,0,530.27,399.89,0,channel,,,3168,24,Direct,Monarch,1584
OLD Track,Crystal Nicol,,Crystal Nicol,,,10552,HM2NNRPM54,,,,,,,,Live Oak Lodge (Pet Friendly),329,490.42,8/30/24,8/31/24,1,,,,,0,,8/29/24,AIRBNB,,Checked Out,,,,,Airbnb,,,,,,,,,Rack Rate,,,0,105,56.42,0,channel,,,434,1,Airbnb,Live Oak Lodge,434
OLD Track,Albert Dogonyaro,Dragonyaro@aol.com,Albert Dogonyaro Dragonyaro@aol.com,,,10516,,,,,,,,,Cedar Haus (Pet Friendly),648,839.6,8/30/24,9/1/24,2,,,,,0,,8/29/24,Website,,Checked Out,,,,,,,,,,,,,,Rack Rate,,0,0,95,96.6,0,channel,,,743,1,Direct,Cedar Haus,372
OLD Track,Blake Sopher,,Blake Sopher,,,10568,HM95KKWHXH,,,,,,,,Walnut House (Pet Friendly),329,479.12,8/30/24,8/31/24,1,,,,,0,,8/30/24,AIRBNB,,Checked Out,,,,,Airbnb,,,,,,,,,Rack Rate,,,0,95,55.12,0,channel,,,424,0,Airbnb,Walnut House,424
OLD Track,Chris Duxbury,chris_dxbry@yahoo.com,Chris Duxbury chris_dxbry@yahoo.com,,,9141,,,,,,,,,Walnut House (Pet Friendly),1308,1823.32,8/31/24,9/2/24,2,,,,,0,,5/3/24,Website,,Checked Out,,,,,,,,,,,,,,Rack Rate,,0,0,310.82,204.5,0,channel,,,1619,120,Direct,Walnut House,809
OLD Track,Brittany Lopez,britlopez123@yahoo.com,Brittany Lopez britlopez123@yahoo.com,,,9264,,,,,,,,,Live Oak Lodge (Pet Friendly),1308,1834.62,8/31/24,9/2/24,2,,,,,0,,5/14/24,Website,,Checked Out,,,,,,,,,,,,,,Rack Rate,,0,0,320.82,205.8,0,channel,,,1629,109,Direct,Live Oak Lodge,814
OLD Track,Lindsey Brewer,lindseybrewer.od@gmail.com,Lindsey Brewer lindseybrewer.od@gmail.com,,,9703,,,,,,,,,Sage Safari,1308,1834.62,8/31/24,9/2/24,2,,,,,0,,7/4/24,Website,,Checked Out,,,,,,,,,,,,,,Rack Rate,,0,0,320.82,205.8,0,channel,,,1629,58,Direct,Sage Safari,814
OLD Track,Seth Goldkrantz,sethgoldkr@aol.com,Seth Goldkrantz sethgoldkr@aol.com,,,10335,,,,,,,,,Buckeye Bungalow,1354,1637.38,8/31/24,9/2/24,2,,,,,0,,8/20/24,Website,,Checked Out,,,,,,,,,,,,,,Rack Rate,,0,0,95,188.38,0,channel,,,1449,11,Direct,Buckeye Bungalow,725
OLD Track,Jennifer Garza,,Jennifer Garza,,,10569,HMP9YK2HTB,,,,,,,,Spyglass,745,949.2,8/31/24,9/1/24,1,,,,,0,,8/30/24,AIRBNB,,Checked Out,,,,,Airbnb,,,,,,,,,Rack Rate,,,0,95,109.2,0,channel,,,840,1,Airbnb,Spyglass,840
OLD Track,Karen Brown,brown.karen.r@gmail.com,Karen Brown brown.karen.r@gmail.com,,,10104,,,,,,,,,Lantana Dome,539,743.75,9/1/24,9/2/24,1,,,,,0,,8/9/24,Website,,Checked Out,,,,,,,,,,,,,,Rack Rate,Emergency Response / MIlitary Discount,53.9,0,175.04,83.61,0,channel,,,714,23,Direct,Lantana Dome,714
OLD Track,Angie Guess,ang_guess1@yahoo.com,Angie Guess ang_guess1@yahoo.com,,,10509,,,,,,,,,Spyglass,424,586.47,9/1/24,9/2/24,1,,,,,0,,8/28/24,Website,,Checked Out,,,,,,,,,,,,,,Rack Rate,,0,0,95,67.47,0,channel,,,519,4,Direct,Spyglass,519
OLD Track,Jason Ballard,jason.douglas.ballard@gmail.com,Jason Ballard jason.douglas.ballard@gmail.com,,,10507,,,,,,,,,Cedar Haus (Pet Friendly),479,648.63,9/1/24,9/3/24,2,,,,,0,,8/28/24,Website,,Checked Out,,,,,,,,,,,,,,Rack Rate,,0,0,95,74.63,0,channel,,,574,4,Direct,Cedar Haus,287
OLD Track,Lynn Floyd,Lynn_Floyd@outlook.com,Lynn Floyd Lynn_Floyd@outlook.com,,,10544,,,,,,,,,Monarch,424,586.47,9/1/24,9/2/24,1,,,,,0,,8/29/24,Website,,Checked Out,,,,,,,,,,,,,,Rack Rate,,0,0,95,67.47,0,channel,,,519,3,Direct,Monarch,519
OLD Track,Addis Casco,,Addis Casco,,,10557,HMZQWY8A5Q,,,,,,,,Pecan Haus,229,366.12,9/1/24,9/2/24,1,,,,,0,,8/30/24,AIRBNB,,Checked Out,,,,,Airbnb,,,,,,,,,Rack Rate,,,0,95,42.12,0,channel,,,324,2,Airbnb,Pecan Haus,324
OLD Track,Alyssa Manuel,,Alyssa Manuel,,,9415,HMH9RMFQWQ,,,,,,,,Live Oak Lodge (Pet Friendly),986,1232.83,9/2/24,9/6/24,4,,,,,-303.94,,5/31/24,AIRBNB,,Checked Out,,,,,Airbnb,,,,,,,,,Rack Rate,,,0,105,141.86,0,channel,,,1091,94,Airbnb,Live Oak Lodge,273
OLD Track,Lane Haas,zr1corvette13@gmail.com,Lane Haas zr1corvette13@gmail.com,,,9673,,,,,,,,,Walnut House (Pet Friendly),478,734.45,9/2/24,9/4/24,2,,,,,0,,7/1/24,Website,,Checked Out,,,,,,,,,,,,,,Rack Rate,,0,0,173.87,82.58,0,channel,,,652,63,Direct,Walnut House,326
OLD Track,Chris Giles,cdotgiles@icloud.com,Chris Giles cdotgiles@icloud.com,,,9747,,,,,,,,,Lantana Dome,627,929.93,9/2/24,9/5/24,3,,,,,0,,7/10/24,Website,,Checked Out,,,,,,,,,,,,,,Rack Rate,,0,0,198.46,104.47,0,channel,,,825,54,Direct,Lantana Dome,275
OLD Track,Lauren Rosson,,Lauren Rosson,,,9915,HMFSYRECRJ,,,,,,,,Monarch,239,377.42,9/2/24,9/3/24,1,,,,,0,,7/28/24,AIRBNB,,Checked Out,,,,,Airbnb,,,,,,,,,Rack Rate,,,0,95,43.42,0,channel,,,334,36,Airbnb,Monarch,334
OLD Track,Anthony Lochbaum,,Anthony Lochbaum,,,10060,HMKWJWXHPR,,,,,,,,Buckeye Bungalow,688,884.79,9/2/24,9/4/24,2,,,,,-270.06,,8/7/24,AIRBNB,,Checked Out,,,,,Airbnb,,,,,,,,,Rack Rate,,,0,95,101.8,0,channel,,,783,26,Airbnb,Buckeye Bungalow,392
OLD Track,Alaina Griffel,,Alaina Griffel,,,10288,HM8WMDJZYH,,,,,,,,Sage Safari,476,656.53,9/2/24,9/4/24,2,,,,,-268.93,,8/18/24,AIRBNB,,Checked Out,,,,,Airbnb,,,,,,,,,Rack Rate,,,0,105,75.54,0,channel,,,581,15,Airbnb,Sage Safari,291
OLD Track,ROLANDO VAZQUEZ,ADRIANAVZGZ04@HOTMAIL.COM,ROLANDO VAZQUEZ ADRIANAVZGZ04@HOTMAIL.COM,,,10302,,,,,,,,,Juniper Haus,765,971.81,9/2/24,9/5/24,3,,,,,0,,8/18/24,Website,,Checked Out,,,,,,,,,,,,,,Rack Rate,,0,0,95,111.81,0,channel,,,860,15,Direct,Juniper Haus,287
OLD Track,Juan Duran,mmartinez003@yahoo.com,Juan Duran mmartinez003@yahoo.com,,,9314,,,,,,,,,Monarch,478,734.45,9/3/24,9/5/24,2,,,,,0,,5/19/24,Website,,Checked Out,,,,,,,,,,,,,,Rack Rate,,0,0,173.87,82.58,0,channel,,,652,107,Direct,Monarch,326
OLD Track,Briana Herrera,briananicole38@gmail.com,Briana Herrera briananicole38@gmail.com,,,10606,,,,,,,,,Walnut House (Pet Friendly),216,351.43,9/4/24,9/5/24,1,,,,,0,,9/2/24,Website,,Checked Out,,,,,,,,,,,,,,Rack Rate,,0,0,95,40.43,0,channel,,,311,2,Direct,Walnut House,311
Onera Fredericksburg,Briana Herrera,Herrera,,,,10606,,,,,,,,,Walnut House (Pet Friendly),216,351.43,9/4/24,9/5/24,1,Walnut House (Pet Friendly),351.43,,,0,,9/2/24,Website,,Checked Out,,,,,,,,,,,,,,,,,,,,,,,95,311,2,Direct,Walnut House,311
Onera Fredericksburg,Gabriella Loredo,Loredo,,,,10621,HMZNYBBP3X,,,,,,,,Spyglass,191,323.18,9/4/24,9/5/24,1,Spyglass,323.18,,,0,,9/3/24,AIRBNB,,Checked Out,,,,,,,,,,,,,,,,,,,,,,,95,286,1,Airbnb,Spyglass,286
OLD Track,Megan Martinez,lpgirl435@gmail.com,Megan Martinez lpgirl435@gmail.com,,,10413,,,,,,,,,Walnut House (Pet Friendly),981,1215.89,9/5/24,9/7/24,2,,,,,0,,8/22/24,Website,,Checked Out,,,,,,,,,,,,,,Rack Rate,,0,0,95,139.89,0,channel,,,1076,14,Direct,Walnut House,538
OLD Track,Shane Martin,shane.l.martin27@gmail.com,Shane Martin shane.l.martin27@gmail.com,,,10463,,,,,,,,,Spyglass,812,1024.92,9/5/24,9/7/24,2,,,,,0,,8/26/24,Website,,Checked Out,,,,,,,,,,,,,,Rack Rate,,0,0,95,117.92,0,channel,,,907,10,Direct,Spyglass,454
Onera Fredericksburg,Tim Sanchez,Sanchez,,,,10613,HMF2T49CYH,,,,,,,,Cocoon,164,292.67,9/5/24,9/6/24,1,Cocoon,292.67,,,0,,9/2/24,AIRBNB,,Checked Out,,,,,,,,,,,,,,,,,,,,,,,95,259,3,Airbnb,Cocoon,259
OLD Track,Angelica King,angelica85king@yahoo.com,Angelica King angelica85king@yahoo.com,,,9859,,,,,,,,,Live Oak Lodge (Pet Friendly),1498,2083.88,9/6/24,9/8/24,2,,,,,0,,7/22/24,Website,,Checked Out,,,,,,,,,,,,,,Rack Rate,,0,0,352.17,233.71,0,channel,,,1850,46,Direct,Live Oak Lodge,925
OLD Track,Joseph Robles,unforgiven202.jr@gmail.com,Joseph Robles unforgiven202.jr@gmail.com,,,9908,,,,,,,,,Juniper Haus,1026,1453.37,9/6/24,9/10/24,4,,,,,0,,7/26/24,Website,,Checked Out,,,,,,,,,,,,,,Rack Rate,,0,0,264.29,163.08,0,channel,,,1290,42,Direct,Juniper Haus,323
OLD Track,Angel Pineda,apstyles4@gmail.com,Angel Pineda apstyles4@gmail.com,,,10276,,,,,,,,,Buckeye Bungalow,992,1228.32,9/6/24,9/8/24,2,,,,,0,,8/17/24,Website,,Checked Out,,,,,,,,,,,,,,Rack Rate,,0,0,95,141.32,0,channel,,,1087,20,Direct,Buckeye Bungalow,544
OLD Track,Jeremy Wettlaufer,jeremy.wettlaufer@gmail.com,Jeremy Wettlaufer jeremy.wettlaufer@gmail.com,,,10520,,,,,,,,,Cocoon,1003,1240.75,9/6/24,9/9/24,3,,,,,0,,8/29/24,Website,,Checked Out,,,,,,,,,,,,,,Rack Rate,,0,0,95,142.75,0,channel,,,1098,8,Direct,Cocoon,366
Onera Fredericksburg,Kyle Copeland,Copeland,,,,10611,,,,,,,,,Cedar Haus (Pet Friendly),397,555.97,9/6/24,9/8/24,2,Cedar Haus (Pet Friendly),555.97,,,0,,9/2/24,Website,,Checked Out,,,,,,,,,,,,,,,,,,,,,,,95,492,4,Direct,Cedar Haus,246
Onera Fredericksburg,Patrick Hammonds,Hammonds,,,,10642,,,,,,,,,Monarch,1003,1240.75,9/6/24,9/8/24,2,Monarch,1240.75,,,0,,9/4/24,Website,,Checked Out,,,,,,,,,,,,,,,,,,,,,,,95,1098,2,Direct,Monarch,549
Onera Fredericksburg,Kevin Mutschlechner,Mutschlechner,,,,10682,,,,,,,,,Sage Safari,402.16,573.09,9/6/24,9/7/24,1,Sage Safari,573.09,,,0,,9/5/24,Guest,,Checked Out,,,,,,,,,,,,,,,,,,,,,,,105,507,1,Direct,Sage Safari,507
Onera Fredericksburg,Emma Hendricks,Hendricks,,,,10695,HM2DWBHYRZ,,,,,,,,Lantana Dome,561,741.28,9/6/24,9/8/24,2,Lantana Dome,741.28,,,-333.37,,9/6/24,AIRBNB,,Checked Out,,,,,,,,,,,,,,,,,,,,,,,95,656,0,Airbnb,Lantana Dome,328
Onera Fredericksburg,Francisco Perez,Perez,,,,10701,HMPCWMWDTM,,,,,,,,Pecan Haus,315,463.3,9/6/24,9/8/24,2,Pecan Haus,463.3,,,-187.43,,9/6/24,AIRBNB,,Checked Out,,,,,,,,,,,,,,,,,,,,,,,95,410,0,Airbnb,Pecan Haus,205
Onera Fredericksburg,Lisa Kirk,Kirk,,,,10633,HMMKMAZ9DP,,,,,,,,Sage Safari,715,926.6,9/7/24,9/9/24,2,Sage Safari,926.6,,,-302.47,,9/4/24,AIRBNB,,Checked Out,,,,,,,,,,,,,,,,,,,,,,,105,820,3,Airbnb,Sage Safari,410
Onera Fredericksburg,Raquel Walker-Smith,Walker-Smith,,,,10704,HMY542SY2D,,,,,,,,Spyglass,403,562.74,9/7/24,9/8/24,1,Spyglass,562.74,,,0,,9/7/24,AIRBNB,,Checked Out,,,,,,,,,,,,,,,,,,,,,,,95,498,0,Airbnb,Spyglass,498
OLD Track,Amanda Balboa,mandabalboa0718@gmail.com,Amanda Balboa mandabalboa0718@gmail.com,,,9870,,,,,,,,,Lantana Dome,229,407.78,9/8/24,9/9/24,1,,,,,0,,7/22/24,Website,,Checked Out,,,,,,,,,,,,,,Rack Rate,,0,0,132.79,45.99,0,channel,,,362,48,Direct,Lantana Dome,362
OLD Track,Jynelle Ornelas-Stanton,jynelleo@yahoo.com,Jynelle Ornelas-Stanton jynelleo@yahoo.com,,,10247,,,,,,,,,Monarch,304,450.87,9/8/24,9/9/24,1,,,,,0,,8/16/24,Website,,Checked Out,,,,,,,,,,,,,,Rack Rate,,0,0,95,51.87,0,channel,,,399,23,Direct,Monarch,399
OLD Track,Hye Joo,cjoo188@gmail.com,Hye Joo cjoo188@gmail.com,,,10441,,,,,,,,,Live Oak Lodge (Pet Friendly),574,767.28,9/8/24,9/10/24,2,,,,,0,,8/25/24,Website,,Checked Out,,,,,,,,,,,,,,Rack Rate,,0,0,105,88.28,0,channel,,,679,14,Direct,Live Oak Lodge,340
OLD Track,Jonathan Tran,jon.t95@gmail.com,Jonathan Tran jon.t95@gmail.com,,,10556,,,,,,,,,Buckeye Bungalow,236,374.03,9/8/24,9/9/24,1,,,,,75,,8/29/24,Website,,Checked Out,,,,,,,,,,,,,,Rack Rate,,0,0,95,43.03,75,channel,,,331,10,Direct,Buckeye Bungalow,331
Onera Fredericksburg,Danie Koch,Koch,,,,10708,4358034304:688,,,,,,,,Spyglass,274,404.62,9/8/24,9/9/24,1,Spyglass,404.62,,,0,,9/7/24,AIRBNB,,Checked Out,,,,,,,,,,,,,,,,,,,,,,,95,369,1,Airbnb,Spyglass,369
Onera Fredericksburg,Chrissy Leschak,Leschak,,,,10703,,,,,,,,,Walnut House (Pet Friendly),274,416.97,9/8/24,9/9/24,1,Walnut House (Pet Friendly),416.97,,,0,,9/7/24,Website,,Checked Out,,,,,,,,,,,,,,,,,,,,,,,95,369,1,Direct,Walnut House,369
OLD Track,Robin Graybill,graybill_rs1028@yahoo.com,Robin Graybill graybill_rs1028@yahoo.com,,,9652,,,,,,,,,Walnut House (Pet Friendly),1155,1622.61,6/30/24,7/2/24,2,,,,,0,,6/28/24,Website,,Checked Out,,,,,,,,,,,,,,Rack Rate,,0,0,285.58,182.03,0,channel,,,1441,2,Direct,Walnut House,720
OLD Track,Brittany Wiggins,bcantu61@gmail.com,Brittany Wiggins bcantu61@gmail.com,,,9800,,,,,,,,,Walnut House (Pet Friendly),478,734.45,9/9/24,9/11/24,2,,,,,0,,7/16/24,Website,,Checked Out,,,,,,,,,,,,,,Rack Rate,,0,0,173.87,82.58,0,channel,,,652,55,Direct,Walnut House,326
OLD Track,Christian Elliott,,Christian Elliott,,,10014,HMKA58B49J,,,,,,,,Lantana Dome,209,343.52,9/9/24,9/10/24,1,,,,,0,,8/4/24,AIRBNB,,Checked Out,,,,,Airbnb,,,,,,,,,Rack Rate,,,0,95,39.52,0,channel,,,304,36,Airbnb,Lantana Dome,304
OLD Track,Richard Nelson,richard.nelson@kiewit.com,Richard Nelson richard.nelson@kiewit.com,,,10177,,,,,,,,,Cedar Haus (Pet Friendly),396,590.64,9/9/24,9/11/24,2,,,,,0,,8/13/24,Guest,,Checked Out,,,,,,,,,,,,,,Airbnb,,0,0,126.68,67.96,0,Concierge,,,523,27,Direct,Cedar Haus,261
OLD Track,Samara Wood,jazzybell85@gmail.com,Samara Wood jazzybell85@gmail.com,,,10305,,,,,,,,,Cocoon,472,640.72,9/9/24,9/11/24,2,,,,,0,,8/18/24,Website,,Checked Out,,,,,,,,,,,,,,Rack Rate,,0,0,95,73.72,0,channel,,,567,22,Direct,Cocoon,284
OLD Track,Mercedes Cabrera,mercy070205@icloud.com,Mercedes Cabrera mercy070205@icloud.com,,,10457,,,,,,,,,Spyglass,237.6,375.84,9/9/24,9/10/24,1,,,,,0,,8/25/24,Guest,,Checked Out,,,,,,,,,,,,,,Airbnb,,0,0,95,43.24,0,online,,,333,15,Direct,Spyglass,333
OLD Track,Robert Smith,smithlee0601@gmail.com,Robert Smith smithlee0601@gmail.com,,,10524,,,,,,,,,Buckeye Bungalow,810,1022.66,9/9/24,9/12/24,3,,,,,0,,8/29/24,Website,,Checked Out,,,,,,,,,,,,,,Rack Rate,,0,0,95,117.66,0,channel,,,905,11,Direct,Buckeye Bungalow,302
Onera Fredericksburg,David Velasco,Velasco,,,,10612,,,,,,,,,Sage Safari,270,423.75,9/9/24,9/10/24,1,Sage Safari,423.75,,,0,,9/2/24,Website,,Checked Out,,,,,,,,,,,,,,,,,,,,,,,105,375,7,Direct,Sage Safari,375
OLD Track,Michael Mettille,michael@gisbenefits.net,Michael Mettille michael@gisbenefits.net,,,10764,,,,,,,,,Pecan Haus,225,361.6,9/9/24,9/10/24,1,,,,,0,,9/8/24,Website,,Checked Out,,,,,,,,,,,,,,Rack Rate,,0,0,95,41.6,0,channel,,,320,1,Direct,Pecan Haus,320
Onera Fredericksburg,Michael Mettille,Mettille,,,,10764,,,,,,,,,Pecan Haus,225,361.6,9/9/24,9/10/24,1,Pecan Haus,361.6,,,0,,9/8/24,Website,,Checked Out,,,,,,,,,,,,,,,,,,,,,,,95,320,1,Direct,Pecan Haus,320
OLD Track,Kimberly Denton Howard,kmdntn17@gmail.com,Kimberly Denton Howard kmdntn17@gmail.com,,,9793,,,,,,,,,Live Oak Lodge (Pet Friendly),478,745.75,9/10/24,9/12/24,2,,,,,0,,7/16/24,Website,,Checked Out,,,,,,,,,,,,,,Rack Rate,,0,0,183.87,83.88,0,channel,,,662,56,Direct,Live Oak Lodge,331
OLD Track,Tom Piehl,tompiehl@gmail.com,Tom Piehl tompiehl@gmail.com,,,9910,,,,,,,,,Spyglass,239,420.89,9/10/24,9/11/24,1,,,,,0,,7/27/24,Website,,Checked Out,,,,,,,,,,,,,,Rack Rate,,0,0,134.44,47.45,0,channel,,,373,45,Direct,Spyglass,373
OLD Track,Daniel Perez,daniel.k.perez@gmail.com,Daniel Perez daniel.k.perez@gmail.com,,,9998,,,,,,,,,Monarch,239,420.89,9/10/24,9/11/24,1,,,,,0,,8/3/24,Website,,Checked Out,,,,,,,,,,,,,,Rack Rate,,0,0,134.44,47.45,0,channel,,,373,38,Direct,Monarch,373
OLD Track,DENNIS REDD,signature_mike@yahoo.com,DENNIS REDD signature_mike@yahoo.com,,,10158,,,,,,,,,Sage Safari,857,1164.53,9/10/24,9/13/24,3,,,,,0,,8/12/24,Website,,Checked Out,,,,,,,,,,,,,,Rack Rate,,0,0,173.56,133.97,0,channel,,,1031,29,Direct,Sage Safari,344
OLD Track,Diana Espinoza,dye062304@gmail.com,Diana Espinoza dye062304@gmail.com,,,10571,,,,,,,,,Lantana Dome,236,374.03,9/10/24,9/11/24,1,,,,,0,,8/30/24,Website,,Checked Out,,,,,,,,,,,,,,Rack Rate,,0,0,95,43.03,0,channel,,,331,11,Direct,Lantana Dome,331
OLD Track,Michael Mettille,michael@gisbenefits.net,Michael Mettille michael@gisbenefits.net,,,10566,,,,,,,,,Juniper Haus,450,615.86,9/10/24,9/12/24,2,,,,,0,,8/30/24,Website,,Checked Out,,,,,,,,,,,,,,Rack Rate,,0,0,95,70.86,0,channel,,,545,11,Direct,Juniper Haus,273
OLD CB,Lisa May,,,,,4.16E+11,,,,,,,,,MON(1),1065.59,0,9/11/24,9/13/24,2,Monarch,1311.48,,,,,4/8/24,Airbnb (API),,Confirmed,,,,,,,,,,95,,69.64,81.25,,,,,,,,,,,1161,156,Airbnb,Monarch,580
OLD Track,Brenda Tristan,,Brenda Tristan,,,9956,HMYRHKCJBS,,,,,,,,Spyglass,548,726.59,9/11/24,9/13/24,2,,,,,-379.74,,8/1/24,AIRBNB,,Checked Out,,,,,Airbnb,,,,,,,,,Rack Rate,,,0,95,83.6,0,channel,,,643,41,Airbnb,Spyglass,322
Onera Fredericksburg,Katherine Kelly,Kelly,,,,10676,,,,,,,,,Lantana Dome,236,374.03,9/11/24,9/12/24,1,Lantana Dome,374.03,,,0,,9/5/24,Website,,Checked Out,,,,,,,,,,,,,,,,,,,,,,,95,331,6,Direct,Lantana Dome,331
Onera Fredericksburg,Juan Serrato,Serrato,,,,10785,,,,,,,,,Cocoon,585,768.41,9/11/24,9/13/24,2,Cocoon,768.41,,,0,,9/10/24,Website,,Checked Out,,,,,,,,,,,,,,,,,,,,,,,95,680,1,Direct,Cocoon,340
OLD Track,Sarah Howley,sarahhowley@me.com,Sarah Howley sarahhowley@me.com,,,9216,,,,,,,,,Live Oak Lodge (Pet Friendly),0,0,9/12/24,9/13/24,1,,,,,0,,5/11/24,Owner Guest,,Checked Out,,,,,,,,,,,,,,Rack Rate,,0,0,0,,0,Concierge,,,0,124,Direct,Live Oak Lodge,0
OLD Track,Dan Dougherty,dandougherty90@gmail.com,Dan Dougherty dandougherty90@gmail.com,,,10339,,,,,,,,,Buckeye Bungalow,538,715.3,9/12/24,9/14/24,2,,,,,0,,8/20/24,Website,,Checked Out,,,,,,,,,,,,,,Rack Rate,,0,0,95,82.3,0,channel,,,633,23,Direct,Buckeye Bungalow,317
Onera Fredericksburg,Zachary Logan,Logan,,,,10628,,,,,,,,,Lantana Dome,349,501.72,9/12/24,9/13/24,1,Lantana Dome,501.72,,,0,,9/3/24,Website,,Checked Out,,,,,,,,,,,,,,,,,,,,,,,95,444,9,Direct,Lantana Dome,444
Onera Fredericksburg,Juan Solitaire,Solitaire,,,,10825,,,,,,,,,Juniper Haus,259,400.02,9/12/24,9/13/24,1,Juniper Haus,400.02,,,0,,9/12/24,Website,,Checked Out,,,,,,,,,,,,,,,,,,,,,,,95,354,0,Direct,Juniper Haus,354
OLD Track,Timothy Egg,eggtim@yahoo.com,Timothy Egg eggtim@yahoo.com,,,9278,,,,,,,,,Lantana Dome,1098,1547.82,9/13/24,9/15/24,2,,,,,0,,5/15/24,Website,,Checked Out,,,,,,,,,,,,,,Rack Rate,,0,0,276.17,173.65,0,channel,,,1374,121,Direct,Lantana Dome,687
OLD Track,Patrick Osullivan,bulldogpatsullivan@yahoo.com,Patrick Osullivan bulldogpatsullivan@yahoo.com,,,10201,,,,,,,,,Pecan Haus,558,737.9,9/13/24,9/15/24,2,,,,,147.58,,8/14/24,Website,,Checked Out,,,,,,,,,,,,,,Rack Rate,,0,0,95,84.9,147.58,channel,,,653,30,Direct,Pecan Haus,327
OLD Track,Erin Brewster,erintylerbrewster@gmail.com,Erin Brewster erintylerbrewster@gmail.com,,,10295,,,,,,,,,Live Oak Lodge (Pet Friendly),1354,1648.68,9/13/24,9/15/24,2,,,,,0,,8/18/24,Website,,Checked Out,,,,,,,,,,,,,,Rack Rate,,0,0,105,189.68,0,channel,,,1459,26,Direct,Live Oak Lodge,730
Onera Fredericksburg,Yale Zeller,Zeller,,,,10688,,,,,,,,,Spyglass,1354,1637.38,9/13/24,9/15/24,2,Spyglass,1637.38,,,0,,9/6/24,Website,,Checked Out,,,,,,,,,,,,,,,,,,,,,,,95,1449,7,Direct,Spyglass,725
Onera Fredericksburg,Omar Nagji,Nagji,,,,10707,,,,,,,,,Sage Safari,1354,1648.68,9/13/24,9/15/24,2,Sage Safari,1648.68,,,0,,9/7/24,Website,,Checked Out,,,,,,,,,,,,,,,,,,,,,,,105,1459,6,Direct,Sage Safari,730
Onera Fredericksburg,Juan Rios,Rios,,,,10780,,,,,,,,,Juniper Haus,558,737.9,9/13/24,9/15/24,2,Juniper Haus,737.9,,,0,,9/9/24,Website,,Checked Out,,,,,,,,,,,,,,,,,,,,,,,95,653,4,Direct,Juniper Haus,327
OLD Track,Callie Church McHugh,callie.bryant3@gmail.com,Callie Church McHugh callie.bryant3@gmail.com,,,9942,,,,,,,,,Buckeye Bungalow,1283,1700.31,9/14/24,9/18/24,4,,,,,0,,7/30/24,Website,,Checked Out,,,,,,,,,,,,,,Rack Rate,,0,0,224.86,192.45,0,channel,,,1508,46,Direct,Buckeye Bungalow,377
OLD Track,Eric Rodriguez,rewtry@gmail.com,Eric Rodriguez rewtry@gmail.com,,,10223,,,,,,,,,Cocoon,845,1062.21,9/14/24,9/16/24,2,,,,,0,,8/16/24,Website,,Checked Out,,,,,,,,,,,,,,Rack Rate,,0,0,95,122.21,0,channel,,,940,29,Direct,Cocoon,470
Onera Fredericksburg,Peter Tsanacas,Tsanacas,,,,10625,,,,,,,,,Walnut House (Pet Friendly),1105,1356.01,9/14/24,9/16/24,2,Walnut House (Pet Friendly),1356.01,,,0,,9/3/24,Website,,Checked Out,,,,,,,,,,,,,,,,,,,,,,,95,1200,11,Direct,Walnut House,600
Onera Fredericksburg,Michael Vigil,Vigil,,,,10684,,,,,,,,,Cedar Haus (Pet Friendly),538,790.3,9/14/24,9/16/24,2,Cedar Haus (Pet Friendly),790.3,,,-202.92,,9/5/24,Website,,Checked Out,,,,,,,,,,,,,,,,,,,,,,,95,633,9,Direct,Cedar Haus,317
Onera Fredericksburg,Jason Donovan,Donovan,,,,10841,,,,,,,,,Monarch,599,784.22,9/14/24,9/15/24,1,Monarch,784.22,,,0,,9/13/24,Website,,Checked Out,,,,,,,,,,,,,,,,,,,,,,,95,694,1,Direct,Monarch,694
OLD Track,Derek Hatfield,alleder@suddenlinkmail.com,Derek Hatfield alleder@suddenlinkmail.com,,,9236,,,,,,,,,Spyglass,937,1336.62,9/15/24,9/18/24,3,,,,,0,,5/13/24,Website,,Checked Out,,,,,,,,,,,,,,Rack Rate,,0,0,249.61,150.01,0,channel,,,1187,125,Direct,Spyglass,396
OLD Track,Brittany Helford,,Brittany Helford,,,9655,HMAXETBSDN,,,,,,,,Spyglass,379,535.62,7/3/24,7/4/24,1,,,,,0,,6/28/24,AIRBNB,,Checked Out,,,,,Airbnb,,,,,,,,,Rack Rate,,,0,95,61.62,0,channel,,,474,5,Airbnb,Spyglass,474
OLD Track,Alvin Mathew,alvin.mathew84@gmail.com,Alvin Mathew alvin.mathew84@gmail.com,,,10486,,,,,,,,,Sage Safari,1058,1314.19,9/15/24,9/18/24,3,,,,,0,,8/27/24,Website,,Checked Out,,,,,,,,,,,,,,Rack Rate,,0,0,105,151.19,0,channel,,,1163,19,Direct,Sage Safari,388
OLD Track,Casey,,Casey,,,10848,HMZ8XMKREA,,,,,,,,Monarch,246,385.33,9/15/24,9/16/24,1,,,,,0,,9/13/24,AIRBNB,,Checked Out,,,,,Airbnb,,,,,,,,,Rack Rate,,,0,95,44.33,0,channel,,,341,2,Airbnb,Monarch,341
Onera Fredericksburg,Casey Casey,caseycasey1@noemail.com,,,N/A,9.65E+12,HMZ8XMKREA,,,,,,1,0,MON(1),246,345.78,9/15/24,9/16/24,1,Monarch,345.78,345.78,,0,,9/13/24,Airbnb (API),,Checked Out,United States of America,,,Unknown,,,,,,,,,,,,,,,,,,,60,306,2,Airbnb,Monarch,306
Onera Fredericksburg,N/A N/A,N/A,,,N/A,3.71E+12,HMZ8XMKREA,,,,,,1,0,N/A,385.33,0,9/15/24,9/16/24,1,Monarch,491.92,0,,491.92,,9/18/24,Airbnb (API),,Checked Out,Unknown,,,Unknown,,,,,,,,,,,,,,,,,,,50,435,0,Airbnb,Monarch,435
Onera Fredericksburg,N/A N/A,N/A,,,N/A,4.64E+12,HMPSRSHH2F,,,,,,1,0,N/A,178.54,0,9/15/24,9/16/24,1,Pecan Haus,258.25,0,,258.25,,9/18/24,Airbnb (API),,Cancelled,Unknown,,9/18/24,Unknown,,,,,,,,,,,,,,,,,,,50,229,0,Airbnb,Pecan Haus,229
OLD Track,Kaitlyn Tinney,Thetinneyhome@gmail.com,Kaitlyn Tinney Thetinneyhome@gmail.com,,,9913,,,,,,,,,Monarch,558,839.4,9/16/24,9/18/24,2,,,,,0,,7/28/24,Website,,Checked Out,,,,,,,,,,,,,,Rack Rate,,0,0,187.07,94.33,0,channel,,,745,50,Direct,Monarch,373
Onera Fredericksburg,Keyonna Scott,Scott,,,,10786,,,,,,,,,Cocoon,270,412.45,9/16/24,9/17/24,1,Cocoon,412.45,,,0,,9/10/24,Website,,Checked Out,,,,,,,,,,,,,,,,,,,,,,,95,365,6,Direct,Cocoon,365
Onera Fredericksburg,Cristina Ocampo,Ocampo,,,,10817,,,,,,,,,Walnut House (Pet Friendly),315,463.3,9/16/24,9/17/24,1,Walnut House (Pet Friendly),463.3,,,0,,9/12/24,Website,,Checked Out,,,,,,,,,,,,,,,,,,,,,,,95,410,4,Direct,Walnut House,410
Onera Fredericksburg,Culberson Hines Joshua,Hines Joshua,,,,10815,HMBJQQP3RB,,,,,,,,Walnut House (Pet Friendly),556,735.63,9/17/24,9/19/24,2,Walnut House (Pet Friendly),735.63,,,-314.13,,9/11/24,AIRBNB,,Checked Out,,,,,,,,,,,,,,,,,,,,,,,95,651,6,Airbnb,Walnut House,326
Onera Fredericksburg,Emma Wall,Wall,,,,10819,,,,,,,,,Juniper Haus,0,0,9/17/24,9/18/24,1,Juniper Haus,0,,,0,,9/12/24,Owner Guest,,Checked Out,,,,,,,,,,,,,,,,,,,,,,,0,0,5,Direct,Juniper Haus,0
Onera Fredericksburg,Joshua Hines,N/A,1.51E+10,,N/A,3.22E+12,HMBJQQP3RB,,,,,,2,0,WAL(1),735.63,735.63,9/17/24,9/19/24,2,Walnut House,887.77,0,,152.14,,9/18/24,Airbnb (API),,Confirmed,Unknown,,,Unknown,,,,,,,,,,,,,,,,,,,50,786,0,Airbnb,Walnut House,393
OLD Track,Natalya Martynenko,,Natalya Martynenko,,,10131,HM25HHP9S3,,,,,,,,Buckeye Bungalow,548,726.59,9/18/24,9/20/24,2,,,,,-349.16,,8/10/24,AIRBNB,,Checked Out,,,,,Airbnb,,,,,,,,,Rack Rate,,,0,95,83.6,0,channel,,,643,39,Airbnb,Buckeye Bungalow,322
Onera Fredericksburg,Amith Kanfer,Kanfer,,,,10877,,,,,,,,,Live Oak Lodge (Pet Friendly),315,474.6,9/18/24,9/19/24,1,Live Oak Lodge (Pet Friendly),474.6,,,0,,9/16/24,Website,,Checked Out,,,,,,,,,,,,,,,,,,,,,,,105,420,2,Direct,Live Oak Lodge,420
Onera Fredericksburg,Lisa Vandenberg,Vandenberg,,,,10895,,,,,,,,,Spyglass,315,463.3,9/18/24,9/19/24,1,Spyglass,463.3,,,0,,9/17/24,Website,,Checked Out,,,,,,,,,,,,,,,,,,,,,,,95,410,1,Direct,Spyglass,410
OLD Track,Jade Forte,,Jade Forte,,,9653,HM92C42J8Y,,,,,,,,Live Oak Lodge (Pet Friendly),864,1094.97,7/3/24,7/5/24,2,,,,,-352.55,,6/28/24,AIRBNB,,Checked Out,,,,,Airbnb,,,,,,,,,Rack Rate,,,0,105,125.98,0,channel,,,969,5,Airbnb,Live Oak Lodge,485
OLD Track,Alex Werth,alexwerth42@gmail.com,Alex Werth alexwerth42@gmail.com,,,10271,,,,,,,,,Juniper Haus,0,0,9/19/24,9/20/24,1,,,,,0,,8/17/24,Owner Guest,,Checked Out,,,,,,,,,,,,,,Rack Rate,,0,0,0,,0,Concierge,,,0,33,Direct,Juniper Haus,0
Onera Fredericksburg,Jailyn Griffin,Griffin,,,,10844,HMDE2ZWRC2,,,,,,,,Monarch,792,1002.31,9/19/24,9/21/24,2,Monarch,1002.31,,,-695.85,,9/13/24,AIRBNB,,Checked Out,,,,,,,,,,,,,,,,,,,,,,,95,887,6,Airbnb,Monarch,444
Onera Fredericksburg,Landen Lewis,Lewis,,,,10867,HMMNY8ZPJS,,,,,,,,Walnut House (Pet Friendly),176,306.23,9/19/24,9/20/24,1,Walnut House (Pet Friendly),306.23,,,0,,9/15/24,AIRBNB,,Checked Out,,,,,,,,,,,,,,,,,,,,,,,95,271,4,Airbnb,Walnut House,271
Onera Fredericksburg,Laura COLLINS,COLLINS,,,,10870,,,,,,,,,Sage Safari,639,768.51,9/19/24,9/21/24,2,Sage Safari,768.51,,,0,,9/16/24,Website,,Checked Out,,,,,,,,,,,,,,,,,,,,,,,105,744,3,Direct,Sage Safari,372
Onera Fredericksburg,Caleb Martinez,Martinez,,,,10889,HMCWBE9PFJ,,,,,,,,Lantana Dome,176,306.23,9/19/24,9/20/24,1,Lantana Dome,306.23,,,0,,9/17/24,AIRBNB,,Checked Out,,,,,,,,,,,,,,,,,,,,,,,95,271,2,Airbnb,Lantana Dome,271
Onera Fredericksburg,Amanda Abell,Abell,,,,10906,HMRMPJRERT,,,,,,,,Cedar Haus (Pet Friendly),360,598.9,9/19/24,9/21/24,2,Cedar Haus (Pet Friendly),598.9,,,-198.41,,9/18/24,AIRBNB,,Checked Out,,,,,,,,,,,,,,,,,,,,,,,170,530,1,Airbnb,Cedar Haus,265
Onera Fredericksburg,Chelsie Benavides,Chelsiemariebeard@hotmail.com,5128016657,,N/A,2.17E+12,,3112 Dante Loop,,Laredo,Texas,78041,2,0,COC(1),209,292.67,9/19/24,9/20/24,1,Cocoon,292.67,292.67,,0,,9/19/24,Website/Booking Engine,,Confirmed,United States of America,,,Unknown,,,,,,,,,,,,,,,,,,,50,259,0,Direct,Cocoon,259
OLD Track,Mary Young,marymochelleyoung@gmail.com,Mary Young marymochelleyoung@gmail.com,,,9845,,,,,,,,,Walnut House (Pet Friendly),1877,2569.8,9/20/24,9/23/24,3,,,,,0,,7/20/24,Website,,Checked Out,,,,,,,,,,,,,,Rack Rate,,0,0,404.71,288.09,0,channel,,,2282,62,Direct,Walnut House,761
OLD Track,Ryan Schneider,rhudnall1413@gmail.com,Ryan Schneider rhudnall1413@gmail.com,,,9982,,,,,,,,,Lantana Dome,1098,1547.82,9/20/24,9/22/24,2,,,,,0,,8/1/24,Website,,Checked Out,,,,,,,,,,,,,,Rack Rate,,0,0,276.17,173.65,0,channel,,,1374,50,Direct,Lantana Dome,687
OLD Track,Courtney Pine,Courtney.pine1@gmail.com,Courtney Pine Courtney.pine1@gmail.com,,,10134,,,,,,,,,Pecan Haus,618,861.57,9/20/24,9/22/24,2,,,,,0,,8/11/24,Website,,Checked Out,,,,,,,,,,,,,,Rack Rate,,0,0,144.44,99.13,0,channel,,,762,40,Direct,Pecan Haus,381
OLD Track,DJ Burand,dnburand9@gmail.com,DJ Burand dnburand9@gmail.com,,,10435,,,,,,,,,Juniper Haus,698,896.1,9/20/24,9/22/24,2,,,,,0,,8/24/24,Website,,Checked Out,,,,,,,,,,,,,,Rack Rate,,0,0,95,103.1,0,channel,,,793,27,Direct,Juniper Haus,397
OLD Track,Patrick Spero,speropat12@gmail.com,Patrick Spero speropat12@gmail.com,,,10505,,,,,,,,,Cocoon,1240,1508.56,9/20/24,9/22/24,2,,,,,0,,8/28/24,Website,,Checked Out,,,,,,,,,,,,,,Rack Rate,,0,0,95,173.56,0,channel,,,1335,23,Direct,Cocoon,668
Onera Fredericksburg,Ben Knorr,Knorr,,,,10731,,,,,,,,,Buckeye Bungalow,1240,1508.56,9/20/24,9/22/24,2,Buckeye Bungalow,1508.56,,,0,,9/8/24,Website,,Checked Out,,,,,,,,,,,,,,,,,,,,,,,95,1335,12,Direct,Buckeye Bungalow,668
Onera Fredericksburg,Lindsey Whittington,N/A,1.28E+10,,N/A,5.73E+12,HMQDZC3TQW,,,,,,2,0,SPY(1),536.75,0,9/20/24,9/22/24,2,Spyglass,663.03,0,,663.03,,9/18/24,Airbnb (API),,Confirmed,Unknown,,,Unknown,,,,,,,,,,,,,,,,,,,50,587,2,Airbnb,Spyglass,293
Onera Fredericksburg,Karina Borbon,N/A,1.83E+10,,N/A,2.42E+12,HMPX3H3XQC,,,,,,2,0,SAF(1),333.35,0,9/21/24,9/22/24,1,Sage Safari,433.18,0,,433.18,,9/18/24,Airbnb (API),,Confirmed,Unknown,,,Unknown,,,,,,,,,,,,,,,,,,,50,383,3,Airbnb,Sage Safari,383
OLD Track,\'Ana Fonua-Terrazas,afonua11@gmail.com,\'Ana Fonua-Terrazas afonua11@gmail.com,,,10025,,,,,,,,,Spyglass,1137,1599,9/22/24,9/25/24,3,,,,,0,,8/5/24,Website,,Checked Out,,,,,,,,,,,,,,Rack Rate,,0,0,282.61,179.39,0,channel,,,1420,48,Direct,Spyglass,473
OLD Track,Oscar Ochoa,vansonrider@yahoo.com,Oscar Ochoa vansonrider@yahoo.com,,,10319,,,,,,,,,Monarch,376.64,490.4,9/22/24,9/23/24,1,,,,,0,,8/19/24,Guest,,Checked Out,,,,,,,,,,,,,,Airbnb,Emergency Response / MIlitary Discount,37.66,0,95,56.42,0,online,,,472,34,Direct,Monarch,472
Onera Fredericksburg,Alex Cuetara,Cuetara,,,,10716,,,,,,,,,Live Oak Lodge (Pet Friendly),428,677.29,9/22/24,9/23/24,1,Live Oak Lodge (Pet Friendly),677.29,,,-398.89,,9/7/24,Website,,Checked Out,,,,,,,,,,,,,,,,,,,,,,,105,533,15,Direct,Live Oak Lodge,533
Onera Fredericksburg,Juan Rivas,j.rivas@icloud.com,832359910,,N/A,3.09E+12,,1915 Hollow Mist Ln.,,Pearland,Texas,77581,2,0,COC(1),807,1073.32,9/22/24,9/25/24,3,Cocoon,968.41,1073.32,,-104.91,,9/18/24,Website/Booking Engine,,Confirmed,United States of America,,,Unknown,,,,,,,,,,,,,,,,,,,50,857,4,Direct,Cocoon,286
Onera Fredericksburg,Sandesh Kumar,sandeshk8626@gmail.com,3607849366,,N/A,8.86E+12,,Brocade Drive,,Austin,Texas,78724,2,0,DOM(1),229,315.27,9/22/24,9/23/24,1,Lantana Dome,315.27,315.27,,0,,9/20/24,Website/Booking Engine,,Confirmed,United States of America,,,Unknown,,,,,,,,,,,,,,,,,,,50,279,2,Direct,Lantana Dome,279
Onera Fredericksburg,Manuel Urbina,manuel.urbina47@yahoo.com,9563749339,,N/A,1.67E+12,,2612 sequoia dr,,Brownsville,,78521,2,0,JUN(1),358,461.04,9/22/24,9/24/24,2,Juniper Haus,461.04,461.04,,0,,9/20/24,Website/Booking Engine,,Confirmed,United States of America,,,Unknown,,,,,,,,,,,,,,,,,,,50,408,2,Direct,Juniper Haus,204
Onera Fredericksburg,Lizzette Quintero,Lazyzetty@gmail.com,8325464281,,N/A,7.74E+12,,26806 Blacktail Ct,Blacktail ct,Hockley,Texas,77447,2,0,PEC(1),177,256.51,9/22/24,9/23/24,1,Pecan Haus,256.51,256.51,,0,,9/22/24,Website/Booking Engine,,Confirmed,United States of America,,,Unknown,,,,,,,,,,,,,,,,,,,50,227,0,Direct,Pecan Haus,227
OLD Track,Rebecca Espinosa,kylierebeca1318@icloud.com,Rebecca Espinosa kylierebeca1318@icloud.com,,,10512,,,,,,,,,Monarch,376.64,532.95,9/23/24,9/24/24,1,,,,,0,,8/28/24,Guest,,Checked Out,,,,,,,,,,,,,,Airbnb,,0,0,95,61.31,0,online,,,472,26,Direct,Monarch,472
Onera Fredericksburg,Alexis Townsend,Townsend,,,,10862,,,,,,,,,Sage Safari,856,1085.94,9/24/24,9/26/24,2,Sage Safari,1085.94,,,200,,9/15/24,Website,,Checked Out,,,,,,,,,,,,,,,,,,,,,,,105,961,9,Direct,Sage Safari,481
Onera Fredericksburg,Jc Cerna,N/A,1.98E+10,,N/A,6.08E+12,HMRF5AJKN9,,,,,,2,0,MON(1),1245.26,0,9/24/24,9/27/24,3,Monarch,1463.66,0,,1463.66,,9/18/24,Airbnb (API),,Confirmed,Unknown,,,Unknown,,,,,,,,,,,,,,,,,,,50,1295,6,Airbnb,Monarch,432
Onera Fredericksburg,Karen Oswald,N/A,1.51E+10,,N/A,1.93E+12,HMBW3TFNXA,,,,,,2,0,OAK(1),749.19,0,9/24/24,9/26/24,2,Live Oak Lodge,903.09,0,,903.09,,9/22/24,Airbnb (API),,Confirmed,Unknown,,,Unknown,,,,,,,,,,,,,,,,,,,50,799,2,Airbnb,Live Oak Lodge,400
Onera Fredericksburg,Roland Eitle,eitle@shaw.ca,346-586-3931,,N/A,1.21E+12,,1526 Cheshire Lane,,Houston,Texas,77018,2,0,WAL(1),229,315.27,9/24/24,9/25/24,1,Walnut House,315.27,315.27,,0,,9/23/24,Website/Booking Engine,,Confirmed,United States of America,,,Unknown,,,,,,,,,,,,,,,,,,,50,279,1,Direct,Walnut House,279
Onera Fredericksburg,Jessica Kyle,jkyle0307@gmail.com,8323989780,,N/A,8.91E+12,,16223 Gavin Ln,,Houston,Texas,77049,2,0,COC(1),355,457.65,9/25/24,9/27/24,2,Cocoon,457.65,457.65,,0,,9/23/24,Website/Booking Engine,,Confirmed,United States of America,,,Unknown,,,,,,,,,,,,,,,,,,,50,405,2,Direct,Cocoon,203
Onera Fredericksburg,Dania Guzman,Guzman,,,,10722,,,,,,,,,Spyglass,327,476.86,9/26/24,9/27/24,1,Spyglass,476.86,,,0,,9/8/24,Website,,Checked Out,,,,,,,,,,,,,,,,,,,,,,,95,422,18,Direct,Spyglass,422
Onera Fredericksburg,Kandace Denise,N/A,1.43E+10,,N/A,6.21E+12,HMJAPBQKBM,,,,,,2,0,JUN(1),380.93,0,9/26/24,9/27/24,1,Juniper Haus,498.26,0,,498.26,,9/19/24,Airbnb (API),,Confirmed,Unknown,,,Unknown,,,,,,,,,,,,,,,,,,,60,441,7,Airbnb,Juniper Haus,441
Onera Fredericksburg,Juan Martinez,Navi1212128@gmail.com,8178965826,,N/A,2.27E+12,,7056 Meadowview Terrace,,North Richland Hills,,76182,2,0,WAL(1),1695,1971.85,9/26/24,9/29/24,3,Walnut House,1983.15,1971.85,,11.3,,9/25/24,Website/Booking Engine,,Confirmed,Andorra,,,Unknown,,,,,,,,,,,,,,,,,,,60,1755,1,Direct,Walnut House,585
Onera Fredericksburg,Stephen Gates,Gates,,,,10702,,,,,,,,,Spyglass,2058,2432.9,9/27/24,9/29/24,2,Spyglass,2432.9,,,0,,9/6/24,Website,,Checked Out,,,,,,,,,,,,,,,,,,,,,,,95,2153,21,Direct,Spyglass,1077
Onera Fredericksburg,Kristi Clark,Clark,,,,10725,,,,,,,,,Lantana Dome,1582,1895.02,9/27/24,9/29/24,2,Lantana Dome,1895.02,,,1895.02,,9/8/24,Website,,Checked Out,,,,,,,,,,,,,,,,,,,,,,,95,1677,19,Direct,Lantana Dome,839
Onera Fredericksburg,Gabriel Rodriguez,Rodriguez,,,,10868,,,,,,,,,Cocoon,1582,1895.02,9/27/24,9/29/24,2,Cocoon,1895.02,,,0,,9/16/24,Website,,Checked Out,,,,,,,,,,,,,,,,,,,,,,,95,1677,11,Direct,Cocoon,839
Onera Fredericksburg,Luis Nieves,luis.nieves00949@gmail.com,1.21E+10,,N/A,5.41E+12,10901,,,,,,1,0,N/A,1582,1895.02,9/27/24,9/29/24,2,Buckeye Bungalow,1582,1582,,-313.02,,9/17/24,Reservation Import,,Cancelled,United States of America,,9/27/24,Unknown,,,,,,,,,,,,,,,,,,,0,1582,10,Direct,Buckeye Bungalow,791
Onera Fredericksburg,Geovany Gamez,N/A,1.51E+10,,N/A,5.31E+12,HMTRSWR83D,,,,,,1,0,CED(1),737.89,0,9/27/24,9/29/24,2,Cedar Haus,901.63,0,,901.63,,9/19/24,Airbnb (API),,Confirmed,Unknown,,,Unknown,,,,,,,,,,,,,,,,,,,60,798,8,Airbnb,Cedar Haus,399
Onera Fredericksburg,Ana Sandoval,Anacuaevas17@gmail.com,3612904822,,N/A,4.90E+12,,4405 hannigan dr,,Corpus Christi,,78417,2,0,PEC(1),558,587.04,9/27/24,9/29/24,2,Pecan Haus,698.34,687.04,,111.3,,9/19/24,Website/Booking Engine,,Confirmed,United States of America,,,Unknown,,,,,,,,,,,,,,,,,,,60,618,8,Direct,Pecan Haus,309
Onera Fredericksburg,Sivan Horsun,sivanhorson8@gmail.com,1.51E+10,,N/A,4.26E+12,,1330 Shore district Dr.,Apt 2431,Austin,Texas,78741,2,0,JUN(1),259,349.17,9/27/24,9/28/24,1,Juniper Haus,360.47,349.17,,11.3,,9/20/24,Website/Booking Engine,,Confirmed,United States of America,,,Unknown,,,,,,,,,,,,,,,,,,,60,319,7,Direct,Juniper Haus,319
Onera Fredericksburg,Dan Mellinkoff,N/A,1.31E+10,,N/A,7.75E+12,HM3XZNP8Z9,,,,,,2,0,MON(1),2105.11,0,9/27/24,9/29/24,2,Monarch,2446.57,0,,2446.57,,9/22/24,Airbnb (API),,Confirmed,Unknown,,,Unknown,,,,,,,,,,,,,,,,,,,60,2165,5,Airbnb,Monarch,1083
Onera Fredericksburg,Jason DeBlasio,Jason.DeBlasio@hotmail.com,7074376616,,N/A,6.98E+12,,185 Mystery Court,,Spring Branch,,78070,2,0,OAK(1),1598,1862.24,9/27/24,9/29/24,2,Live Oak Lodge,1873.54,1862.24,,11.3,,9/25/24,Website/Booking Engine,,Confirmed,United States of America,,,Unknown,,,,,,,,,,,,,,,,,,,60,1658,2,Direct,Live Oak Lodge,829
Onera Fredericksburg,Qinnan Wu,N/A,1.47E+10,,N/A,7.56E+12,HM3TJKED8P,,,,,,2,0,SAF(1),604.55,0,9/27/24,9/28/24,1,Sage Safari,750.94,0,,750.94,,9/27/24,Airbnb (API),,Confirmed,Unknown,,,Unknown,,,,,,,,,,,,,,,,,,,60,665,0,Airbnb,Sage Safari,665
Onera Fredericksburg,Ewelina Kulikowska,itsewelina@gmail.com,2025496244,,N/A,5.92E+12,,1801 N Pearl St,2714,Dallas,Texas,75201,2,0,BUC(1),978,1172.94,9/27/24,9/29/24,2,Buckeye Bungalow,1172.94,1172.94,,0,,9/27/24,Website/Booking Engine,,Confirmed,United States of America,,,Unknown,,,,,,,,,,,,,,,,,,,60,1038,0,Direct,Buckeye Bungalow,519
OLD CB,Angel Diaz,,,,,9.37E+12,,,,,,,,,JUN(1),858,1183.53,9/28/24,9/30/24,2,Juniper Haus,1183.53,,,,,3/18/24,Website/Booking Engine,,Confirmed,,,,,,,,,,95,94.38,62.84,73.31,,,,,,,,,,,1047,194,Direct,Juniper Haus,524
Onera Fredericksburg,Jennifer Guffey,jenlg26@gmail.com,5127818609,,N/A,5.09E+12,,304 Robertson Rd,,San Marcos,,78666,2,0,SAF(1),489,620.37,9/28/24,9/29/24,1,Sage Safari,620.37,620.37,,0,,9/27/24,Website/Booking Engine,,Confirmed,United States of America,,,Unknown,,,,,,,,,,,,,,,,,,,60,549,1,Direct,Sage Safari,549
Onera Fredericksburg,Jason DeBlasio,Jason.DeBlasio@hotmail.com,7074376616,,N/A,4.54E+12,,185 Mystery Court,,Spring Branch,Texas,78070,2,0,BLU(1),848,1026.04,9/28/24,9/30/24,2,Bluebonnet,1026.04,1026.04,,0,,9/27/24,Website/Booking Engine,,Confirmed,United States of America,,,Unknown,,,,,,,,,,,,,,,,,,,60,908,1,Direct,Bluebonnet,454
OLD Track,Baylor Bresemann,baylorbres@gmail.com,Baylor Bresemann baylorbres@gmail.com,,,9654,,,,,,,,,Lantana Dome,1398,1666.29,7/25/24,7/27/24,2,,,,,0,,6/28/24,Website,,Checked Out,,,,,,,,,,,,,,Rack Rate,Friends & Family,209.7,0,291.07,186.92,0,channel,,,1689,27,Direct,Lantana Dome,845
Onera Fredericksburg,Bobby Hominick,Hominick,,,,10914,,,,,,,,,Sage Safari,678,884.8,9/29/24,10/1/24,2,Sage Safari,884.8,,,0,,9/18/24,Website,,Checked Out,,,,,,,,,,,,,,,,,,,,,,,105,783,11,Direct,Sage Safari,392
Onera Fredericksburg,Luke Shanahan,Shanahan,,,,10912,,,,,,,,,Live Oak Lodge (Pet Friendly),728,941.3,9/29/24,10/1/24,2,Live Oak Lodge (Pet Friendly),941.3,,,0,,9/18/24,Website,,Checked Out,,,,,,,,,,,,,,,,,,,,,,,105,833,11,Direct,Live Oak Lodge,417
Onera Fredericksburg,Ellen Edgington,Merebellen@gmail.com,2148023593,,N/A,9.90E+12,,2804 N Surrey Drive,,Carollton,Texas,75006,2,0,CED(1),269,360.47,9/29/24,9/30/24,1,Cedar Haus,371.77,360.47,,11.3,,9/19/24,Website/Booking Engine,,Confirmed,United States of America,,,Unknown,,,,,,,,,,,,,,,,,,,60,329,10,Direct,Cedar Haus,329
Onera Fredericksburg,Khaing Lopez,ksabe11@gmail.com,6263793195,,N/A,7.89E+12,,5810 UTSA Blvd,Apt 4123,San Antonio,Texas,78249,2,0,PEC(1),269,360.47,9/29/24,9/30/24,1,Pecan Haus,371.77,360.47,,11.3,,9/19/24,Website/Booking Engine,,Confirmed,United States of America,,,Unknown,,,,,,,,,,,,,,,,,,,60,329,10,Direct,Pecan Haus,329
Onera Fredericksburg,Thomas Emmons,Tom@fassbrewing.com,7135917410,,N/A,7.77E+12,,1727 Locksford,,Houston,Texas,77007,2,0,MON(1),645,785.35,9/29/24,10/1/24,2,Monarch,796.65,785.35,,11.3,,9/24/24,Website/Booking Engine,,Confirmed,United States of America,,,Unknown,,,,,,,,,,,,,,,,,,,60,705,5,Direct,Monarch,353
OLD Track,Jose Pena Jr,ladym052005@yahoo.com,Jose Pena Jr ladym052005@yahoo.com,,,9855,,,,,,,,,Walnut House (Pet Friendly),758,1101.78,9/30/24,10/2/24,2,,,,,0,,7/21/24,Website,,Checked Out,,,,,,,,,,,,,,Rack Rate,,0,0,220.07,123.71,0,channel,,,978,71,Direct,Walnut House,489
Onera Fredericksburg,Matthew Twomey,twomey2684@gmail.com,2817971150,,N/A,2.75E+12,,811 E 11th Street,Apt 308,Austin,Texas,78702,1,0,BUC(1),179,258.77,9/30/24,10/1/24,1,Buckeye Bungalow,270.07,270.07,,11.3,,9/24/24,Website/Booking Engine,,Confirmed,United States of America,,,Unknown,,,,,,,,,,,,,,,,,,,60,239,6,Direct,Buckeye Bungalow,239
Onera Fredericksburg,Ursula Parson,Ladyknights72@hotmail.com,2142457389,,N/A,6.92E+12,,102 Cozumel Plaza,,Dallas,Texas,75211,2,0,COC(1),229,163.34,9/30/24,10/1/24,1,Cocoon,326.57,326.57,,163.23,,9/27/24,Website/Booking Engine,,Checked Out,United States of America,,,Unknown,,,,,,,,,,,,,,,,,,,60,289,3,Direct,Cocoon,289
Onera Fredericksburg,Marcus Taylor,N/A,1.47E+10,,N/A,5.29E+12,HMYA3X5HDE,,,,,,1,0,JUN(1),361.08,0,9/30/24,10/2/24,2,Juniper Haus,515.37,0,,515.37,,9/28/24,Airbnb (API),,Confirmed,Unknown,,,Unknown,,,,,,,,,,,,,,,,,,,95,456,2,Airbnb,Juniper Haus,228
Onera Fredericksburg,Yevhen Vasylenko,ev8ads@gmail.com,7378080505,,N/A,5.32E+12,,,,Austin,Texas,78723,2,1,N/A,598,0,9/30/24,10/2/24,2,Bluebonnet,783.09,743.54,,783.09,,9/29/24,Website/Booking Engine,,Cancelled,United States of America,,10/1/24,Unknown,,,,,,,,,,,,,,,,,,,95,693,1,Direct,Bluebonnet,347
OLD Track,Heather Fitzenhagen,hfitzenhagen@gmail.com,Heather Fitzenhagen hfitzenhagen@gmail.com,,,9878,,,,,,,,,Live Oak Lodge (Pet Friendly),758,1113.08,10/1/24,10/3/24,2,,,,,0,,7/23/24,Website,,Checked Out,,,,,,,,,,,,,,Rack Rate,,0,0,230.07,125.01,0,channel,,,988,70,Direct,Live Oak Lodge,494
OLD Track,Rachel Gandy,rachelpgandy@gmail.com,Rachel Gandy rachelpgandy@gmail.com,,,9917,,,,,,,,,Spyglass,2536,3434.34,10/1/24,10/5/24,4,,,,,0,,7/28/24,Website,,Checked Out,,,,,,,,,,,,,,Rack Rate,,0,0,513.44,384.9,0,channel,,,3049,65,Direct,Spyglass,762
OLD Track,Taylor Whitley,taylorwhitley2006@yahoo.com,Taylor Whitley taylorwhitley2006@yahoo.com,,,10130,,,,,,,,,Pecan Haus,737,1006.8,10/1/24,10/4/24,3,,,,,0,,8/10/24,Website,,Checked Out,,,,,,,,,,,,,,Rack Rate,,0,0,153.96,115.84,0,channel,,,891,52,Direct,Pecan Haus,297
Onera Fredericksburg,De\'Von Barnes,Barnes,,,,10706,,,,,,,,,Lantana Dome,744,948.08,10/1/24,10/3/24,2,Lantana Dome,948.08,,,0,,9/7/24,Website,,Checked Out,,,,,,,,,,,,,,,,,,,,,,,95,839,24,Direct,Lantana Dome,420
Onera Fredericksburg,Claudia Garcia,Clawarlen88@gmail.com,9563254552,,N/A,7.64E+12,,7835 bermea rd,,Edinburg,Texas,78542,2,0,COC(1),279,315.27,10/1/24,10/2/24,1,Cocoon,315.27,298.32,,0,,9/24/24,Website/Booking Engine,,Confirmed,United States of America,,,Unknown,,,,,,,,,,,,,,,,,,,35,314,7,Direct,Cocoon,314
Onera Fredericksburg,Leyani Trujillo,N/A,1.75E+10,,N/A,5.83E+12,HMXDMCWBXC,,,,,,2,0,MON(1),717.55,0,10/1/24,10/3/24,2,Monarch,889.93,0,,889.93,,9/26/24,Airbnb (API),,Confirmed,Unknown,,,Unknown,,,,,,,,,,,,,,,,,,,70,788,5,Airbnb,Monarch,394
Onera Fredericksburg,Tiffany Czerwinski,Tiffany330@comcast.net,7087047771,,N/A,6.39E+12,,842 N Campbell Ave,Apt 3N,Chicago,Illinois,60622-4701,2,0,SAF(1),684,840.72,10/1/24,10/4/24,3,Sage Safari,891.57,840.72,,50.85,,9/27/24,Website/Booking Engine,,Confirmed,United States of America,,,Unknown,,,,,,,,,,,,,,,,,,,105,789,4,Direct,Sage Safari,263
Onera Fredericksburg,Alfonso Alfonsi,alf.rafa@gmail.com,8329805268,,N/A,1.75E+12,,2495 Sawdust Rd.,APT 2344,The Woodlands,Texas,77380,2,0,BUC(1),229,326.57,10/2/24,10/3/24,1,Buckeye Bungalow,326.57,298.32,,0,,9/30/24,Website/Booking Engine,,Confirmed,United States of America,,,Unknown,,,,,,,,,,,,,,,,,,,35,264,2,Direct,Buckeye Bungalow,264
OLD Track,Ryan Myers,myanryers@icloud.com,Ryan Myers myanryers@icloud.com,,,9656,,,,,,,,,Cocoon,1998,2728.53,7/26/24,7/28/24,2,,,,,0,,6/28/24,Website,,Checked Out,,,,,,,,,,,,,,Rack Rate,,0,0,424.67,305.86,0,channel,,,2423,28,Direct,Cocoon,1211
Onera Fredericksburg,Quinton Uribe,Quribe1016@gmail.com,2102601858,,N/A,9.76E+12,,616 canterbury hill street,,San antonio,Texas,78209,2,0,WAL(1),2709,3128.97,10/3/24,10/6/24,3,Walnut House,3179.82,3179.82,,50.85,,9/27/24,Website/Booking Engine,,Confirmed,United States of America,,,Unknown,,,,,,,,,,,,,,,,,,,105,2814,6,Direct,Walnut House,938
Onera Fredericksburg,Nelson Tippetts,N/A,1.96E+10,,N/A,9.65E+12,HMSMN3HTQK,,,,,,2,0,MON(1),406.8,0,10/3/24,10/4/24,1,Monarch,499.24,0,,499.24,,10/1/24,Airbnb (API),,Confirmed,Unknown,,,Unknown,,,,,,,,,,,,,,,,,,,35,442,2,Airbnb,Monarch,442
Onera Fredericksburg,Jasmin Moreno,Jasminmoreno1121@yahoo.com,6029100952,,N/A,6.47E+12,,4318 W Wilshire Dr,Phoenix,Phoenix,Arizona,85035,2,0,BUC(1),275,350.3,10/3/24,10/4/24,1,Buckeye Bungalow,350.3,350.3,,0,,10/3/24,Website/Booking Engine,,Confirmed,United States of America,,,Unknown,,,,,,,,,,,,,,,,,,,35,310,0,Direct,Buckeye Bungalow,310
OLD Track,Abigail Arauz,abby@featherplace.com,Abigail Arauz abby@featherplace.com,,,10318,,,,,,,,,Live Oak Lodge (Pet Friendly),2936,3436.34,10/4/24,10/6/24,2,,,,,0,,8/19/24,Website,,Checked Out,,,,,,,,,,,,,,Rack Rate,,0,0,105,395.34,0,channel,,,3041,46,Direct,Live Oak Lodge,1521
OLD Track,Maryanne Dyck,maryannd1991@yahoo.com,Maryanne Dyck maryannd1991@yahoo.com,,,10579,,,,,,,,,Cocoon,992.64,1229.04,10/4/24,10/6/24,2,,,,,0,,8/31/24,Guest,,Checked Out,,,,,,,,,,,,,,Airbnb,,0,0,95,141.4,0,online,,,1088,34,Direct,Cocoon,544
OLD Track,Nancy Peters,nancyp021616@iclod.com,Nancy Peters nancyp021616@iclod.com,,,10577,,,,,,,,,Juniper Haus,1128,1382,10/4/24,10/6/24,2,,,,,0,,8/31/24,Website,,Checked Out,,,,,,,,,,,,,,Rack Rate,,0,0,95,159,0,channel,,,1223,34,Direct,Juniper Haus,612
Onera Fredericksburg,Johseal Rodriguez,Rodriguez,,,,10838,,,,,,,,,Buckeye Bungalow,2258,2658.9,10/4/24,10/6/24,2,Buckeye Bungalow,2658.9,,,0,,9/12/24,Website,,Checked Out,,,,,,,,,,,,,,,,,,,,,,,95,2353,22,Direct,Buckeye Bungalow,1177
Onera Fredericksburg,Simry Ramirez,N/A,1.82E+10,,N/A,3.25E+12,HMDMWM9C3H,,,,,,3,1,SAF(1),548.05,0,10/4/24,10/6/24,2,Sage Safari,698.39,0,,698.39,,9/18/24,Airbnb (API),,Confirmed,Unknown,,,Unknown,,,,,,,,,,,,,,,,,,,70,618,16,Airbnb,Sage Safari,309
Onera Fredericksburg,Jesse James Maldonado,N/A,1.51E+10,,N/A,7.25E+12,HMSNJKHBHD,,,,,,2,0,BLU(1),602.07,0,10/4/24,10/6/24,2,Bluebonnet,759.43,0,,759.43,,9/29/24,Airbnb (API),,Confirmed,Unknown,,,Unknown,,,,,,,,,,,,,,,,,,,70,672,5,Airbnb,Bluebonnet,336
Onera Fredericksburg,Mark Krystopa,Krystopamark@gmail.com,8435403624,,N/A,3.07E+12,,8501 High Summit Lane,,Austin,Texas,78737,2,0,N/A,451,0,10/4/24,10/5/24,1,Cedar Haus,549.18,549.18,,549.18,,10/3/24,Website/Booking Engine,,Cancelled,United States of America,,10/8/24,Unknown,,,,,,,,,,,,,,,,,,,35,486,1,Direct,Cedar Haus,486
Onera Fredericksburg,Grant Blankenau,grantblankenau@gmail.com,9403671124,,N/A,5.51E+12,,600 A Dallas Drive,,Denton,,76205,2,0,CED(1),857,1047.51,10/5/24,10/7/24,2,Cedar Haus,1047.51,1047.51,,0,,10/1/24,Website/Booking Engine,,Confirmed,United States of America,,,Unknown,,,,,,,,,,,,,,,,,,,70,927,4,Direct,Cedar Haus,464
Onera Fredericksburg,Tiffany Kouns,N/A,1.82E+10,,N/A,5.85E+12,HMXY33HDWF,,,,,,2,0,MON(1),749.19,0,10/5/24,10/6/24,1,Monarch,886.13,0,,886.13,,10/5/24,Airbnb (API),,Confirmed,Unknown,,,Unknown,,,,,,,,,,,,,,,,,,,35,784,0,Airbnb,Monarch,784
Onera Fredericksburg,Russ Biggerstaff,N/A,1.33E+10,,N/A,4.26E+12,HMSFYEABR8,,,,,,2,0,SPY(1),1418.15,0,10/5/24,10/6/24,1,Spyglass,1642.06,0,,1642.06,,10/5/24,Airbnb (API),,Confirmed,Unknown,,,Unknown,,,,,,,,,,,,,,,,,,,35,1453,0,Airbnb,Spyglass,1453
OLD Track,Rachel Romero,rachelli.romo@icloud.com,Rachel Romero rachelli.romo@icloud.com,,,9672,,,,,,,,,Monarch,1237,1730.19,10/6/24,10/9/24,3,,,,,0,,7/1/24,Website,,Checked Out,,,,,,,,,,,,,,Rack Rate,,0,0,299.11,194.08,0,channel,,,1536,97,Direct,Monarch,512
OLD Track,Azucena Aranda,azucenaf12@gmail.com,Azucena Aranda azucenaf12@gmail.com,,,10337,,,,,,,,,Juniper Haus,563,743.55,10/6/24,10/8/24,2,,,,,0,,8/20/24,Website,,Checked Out,,,,,,,,,,,,,,Rack Rate,,0,0,95,85.55,0,channel,,,658,47,Direct,Juniper Haus,329
Onera Fredericksburg,Ted Annan,Annan,,,,10913,,,,,,,,,Live Oak Lodge (Pet Friendly),2936,3425.04,10/6/24,10/8/24,2,Live Oak Lodge (Pet Friendly),3425.04,,,-1015.87,,9/18/24,Website,,Checked Out,,,,,,,,,,,,,,,,,,,,,,,95,3031,18,Direct,Live Oak Lodge,1516
Onera Fredericksburg,Lori Fort,Flfort@verizon.net,2816158562,,N/A,1.97E+12,,,,,Texas,75028,3,0,SAF(1),423,534.49,10/6/24,10/7/24,1,Sage Safari,517.54,534.49,,-16.95,,9/24/24,Website/Booking Engine,,Confirmed,United States of America,,,Unknown,,,,,,,,,,,,,,,,,,,35,458,12,Direct,Sage Safari,458
Onera Fredericksburg,Abidemi Awojuyigbe,abidemiawojuyigbe@gmail.com,8329657076,,N/A,1.77E+12,,9415 herons grove lane,,katy,Texas,77494,2,0,BUC(1),270,344.65,10/6/24,10/7/24,1,Buckeye Bungalow,344.65,344.65,,0,,10/4/24,Website/Booking Engine,,Checked Out,United States of America,,,Unknown,,,,,,,,,,,,,,,,,,,35,305,2,Direct,Buckeye Bungalow,305
Onera Fredericksburg,Kelsi Underwood,kelsiunderwood7@gmail.com,9035710676,,N/A,5.88E+12,,147 The Hills Dr.,,The Hills,Texas,78738,2,0,WAL(1),325,406.8,10/6/24,10/7/24,1,Walnut House,406.8,406.8,,0,,10/5/24,Website/Booking Engine,,Confirmed,United States of America,,,Unknown,,,,,,,,,,,,,,,,,,,35,360,1,Direct,Walnut House,360
Onera Fredericksburg,Sheree Reeves,mrsshereebob@gmail.com,2144971801,,N/A,8.40E+12,,115 Woodhaven Lane,,Taylor Lake Village,Texas,77586,2,0,BLU(1),1246,1566.18,10/6/24,10/10/24,4,Bluebonnet,1566.18,1566.18,,0,,10/5/24,Website/Booking Engine,,Confirmed,United States of America,,,Unknown,,,,,,,,,,,,,,,,,,,140,1386,1,Direct,Bluebonnet,347
OLD Track,Tanner Heemsbergen,tannerheemsbergen@gmail.com,Tanner Heemsbergen tannerheemsbergen@gmail.com,,,9709,,,,,,,,,Spyglass,758,1101.78,10/7/24,10/9/24,2,,,,,0,,7/5/24,Website,,Checked Out,,,,,,,,,,,,,,Rack Rate,,0,0,220.07,123.71,0,channel,,,978,94,Direct,Spyglass,489
Onera Fredericksburg,Janet Gary,Gary,,,,10592,,,,,,,,,Cedar Haus (Pet Friendly),810,1022.66,10/7/24,10/10/24,3,Cedar Haus (Pet Friendly),1022.66,,,0,,9/1/24,Website,,Checked Out,,,,,,,,,,,,,,,,,,,,,,,95,905,36,Direct,Cedar Haus,302
Onera Fredericksburg,Daniela Gulmar,Gulmar,,,,10771,,,,,,,,,Sage Safari,0,0,10/7/24,10/9/24,2,Sage Safari,0,,,0,,9/9/24,Owner Guest,,Checked Out,,,,,,,,,,,,,,,,,,,,,,,0,0,28,Direct,Sage Safari,0
Onera Fredericksburg,Alex Najera,Najera,,,,10812,,,,,,,,,Lantana Dome,744,948.08,10/7/24,10/9/24,2,Lantana Dome,948.08,,,0,,9/11/24,Website,,Checked Out,,,,,,,,,,,,,,,,,,,,,,,95,839,26,Direct,Lantana Dome,420
Onera Fredericksburg,Natalia Berestovskaia,natalia.berest@yahoo.com,,5128503202,N/A,2.06E+12,,,,,,,1,0,BUC(1),0,0,10/7/24,10/9/24,2,Buckeye Bungalow,0,0,,0,,10/5/24,Influencers/ Giveaway Winners,,Confirmed,United States of America,,,Unknown,,,,,,,,,,,,,,,,,,,0,0,2,,Buckeye Bungalow,0
Onera Fredericksburg,Kelsi Underwood,Kelsiunderwood7@gmail.com,9035710676,,N/A,1.31E+12,,147 The Hills Dr.,,Texas,Texas,78738,2,0,WAL(1),214,281.37,10/7/24,10/8/24,1,Walnut House,281.37,281.37,,0,,10/6/24,Website/Booking Engine,,Confirmed,United States of America,,,Unknown,,,,,,,,,,,,,,,,,,,35,249,1,Direct,Walnut House,249
OLD Track,Ryan Peters,ryanlatech@yahoo.com,Ryan Peters ryanlatech@yahoo.com,,,10235,,,,,,,,,Walnut House (Pet Friendly),1397,1685.97,10/8/24,10/11/24,3,,,,,0,,8/16/24,Website,,Checked Out,,,,,,,,,,,,,,Rack Rate,,0,0,95,193.97,0,channel,,,1492,53,Direct,Walnut House,497
Onera Fredericksburg,James Hamm,james@lonestardogtrainer.com,2544496993,,N/A,8.09E+12,,10586 Richard Circle,,Forney,Texas,75126,2,0,COC(1),719.6,813.16,10/8/24,10/10/24,2,Cocoon (Thank You First Responders!),813.16,835.76,,0,,9/23/24,Website/Booking Engine,,Confirmed,United States of America,,,Unknown,,,,,,,,,,,,,,,,,,,70,790,15,Direct,Cocoon,395
Onera Fredericksburg,Rachel Coburn,N/A,1.82E+10,,N/A,9.62E+12,HMSBNSYTEH,,,,,,2,0,OAK(1),1134.52,0,10/8/24,10/11/24,3,Live Oak Lodge,1400.65,0,,1400.65,,10/7/24,Airbnb (API),,Confirmed,Unknown,,,Unknown,,,,,,,,,,,,,,,,,,,105,1240,1,Airbnb,Live Oak Lodge,413
OLD Track,Eric Juergen,,Eric Juergen,,,9728,HMH92YQNKA,,,,,,,,Monarch,858,1076.89,10/9/24,10/11/24,2,,,,,-541.26,,7/7/24,AIRBNB,,Checked Out,,,,,Airbnb,,,,,,,,,Rack Rate,,,0,95,123.9,0,channel,,,953,94,Airbnb,Monarch,477
Onera Fredericksburg,Martin Volz,N/A,1.31E+10,,N/A,8.92E+12,HMYMQZSJ82,,,,,,1,0,JUN(1),272.53,0,10/9/24,10/11/24,2,Juniper Haus,387.07,0,,387.07,,10/7/24,Airbnb (API),,Confirmed,Unknown,,,Unknown,,,,,,,,,,,,,,,,,,,70,343,2,Airbnb,Juniper Haus,171
OLD Track,David Gorena,dgorena69@gmail.com,David Gorena dgorena69@gmail.com,,,10315,,,,,,,,,Lantana Dome,2383.92,2801.19,10/10/24,10/13/24,3,,,,,0,,8/19/24,Guest,,Checked Out,,,,,,,,,,,,,,Airbnb,,0,0,95,322.27,0,Concierge,,,2479,52,Direct,Lantana Dome,826
Onera Fredericksburg,Tiara Kirksey,Kirksey,,,,10784,,,,,,,,,Juniper Haus,1128,1254.54,10/11/24,10/13/24,2,Juniper Haus,1254.54,,,0,,9/10/24,Website,,Checked Out,,,,,,,,,,,,,,,,,,,,,,,95,1223,31,Direct,Juniper Haus,612
Onera Fredericksburg,Robert Laird,Robert.laird@cvisd.org,7138548895,,N/A,4.48E+12,,4507 sawgrass Dr,,Baytown,Texas,77521,2,0,PEC(1),1178,1331.14,10/11/24,10/13/24,2,Pecan Haus,1331.14,1353.74,,0,,9/19/24,Website/Booking Engine,,Confirmed,United States of America,,,Unknown,,,,,,,,,,,,,,,,,,,70,1248,22,Direct,Pecan Haus,624
Onera Fredericksburg,Kris Calhoun,KCalhoun22@comcast.net,2817974061,,N/A,8.21E+12,,19710 Raccoon Hollow Way,,Cypress,Texas,77433,2,0,COC(1),2759,3117.67,10/11/24,10/14/24,3,Cocoon,3117.67,3179.82,,0,,9/19/24,Website/Booking Engine,,Confirmed,United States of America,,,Unknown,,,,,,,,,,,,,,,,,,,105,2864,22,Direct,Cocoon,955
Onera Fredericksburg,Fernando Medina,Fernando@futish.com,3463828362,,N/A,8.79E+12,,88 W High Oaks Cir,,Spring,Texas,77380,2,0,SPY(1),661,786.48,10/11/24,10/12/24,1,Spyglass,786.48,786.48,,0,,10/7/24,Website/Booking Engine,,Confirmed,United States of America,,,Unknown,,,,,,,,,,,,,,,,,,,35,696,4,Direct,Spyglass,696
Onera Fredericksburg,Fernando Medina,Fernando@futish.com,3463828362,,N/A,7.80E+12,,88 W High Oaks Cir,,Spring,Texas,77380,2,0,N/A,661,0,10/11/24,10/12/24,1,Spyglass,786.48,786.48,,786.48,,10/7/24,Website/Booking Engine,,Cancelled,United States of America,,10/8/24,Unknown,,,,,,,,,,,,,,,,,,,35,696,4,Direct,Spyglass,696
Onera Fredericksburg,Manuel Fierro,N/A,1.92E+10,,N/A,8.04E+12,HM94YYQ9MC,,,,,,2,0,CED(1),1189.89,0,10/11/24,10/13/24,2,Cedar Haus,1423.69,0,,1423.69,,10/7/24,Airbnb (API),,Confirmed,Unknown,,,Unknown,,,,,,,,,,,,,,,,,,,70,1260,4,Airbnb,Cedar Haus,630
Onera Fredericksburg,Ortiz Ramirez Isaac Esau,oesau.589724@guest.booking.com,#ERROR!,,N/A,7.08E+12,4342699099,Blueriger 514,,San Antonio,,,2,0,BLU(1),585,661.05,10/11/24,10/12/24,1,Bluebonnet,756.05,700.6,,95,Mastercard,10/9/24,Booking.com (Channel Collect Booking),,Confirmed,United States of America,,,6:00 AM,,,,,,,,,,,,,,,,,,,35,620,2,Booking.com,Bluebonnet,620
Onera Fredericksburg,Erica Carothers-Moss,N/A,1.25E+10,,N/A,9.28E+12,HMYSXN4R8X,,,,,,2,0,OAK(1),501.72,0,10/11/24,10/12/24,1,Live Oak Lodge,609.07,674.29,,609.07,,10/11/24,Airbnb (API),,Confirmed,Unknown,,,Unknown,,,,,,,,,,,,,,,,,,,35,537,0,Airbnb,Live Oak Lodge,537
Onera Fredericksburg,Courtney Smith,N/A,1.28E+10,,N/A,2.00E+12,HMYNEMB3J3,,,,,,2,0,WAL(1),490.42,0,10/11/24,10/12/24,1,Walnut House,649.18,0,,649.18,,10/11/24,Airbnb (API),,Confirmed,Unknown,,,Unknown,,,,,,,,,,,,,,,,,,,35,525,0,Airbnb,Walnut House,525
Onera Fredericksburg,Brandi Milmo,N/A,1.41E+10,,N/A,8.94E+12,HMWD9CYD92,,,,,,1,0,BUC(1),1257.69,0,10/11/24,10/13/24,2,Buckeye Bungalow,1516.19,0,,1516.19,,10/11/24,Airbnb (API),,Confirmed,Unknown,,,Unknown,,,,,,,,,,,,,,,,,,,70,1328,0,Airbnb,Buckeye Bungalow,664
Onera Fredericksburg,Grayce Weaver,graciellann@yahoo.com,903-238-4154,,N/A,4.48E+12,,2807 Tryon Rd,,Longview,Texas,75605,2,0,MON(1),1998,2336.84,10/11/24,10/13/24,2,Monarch,2336.84,2336.84,,0,,10/11/24,Website/Booking Engine,,Confirmed,United States of America,,,Unknown,,,,,,,,,,,,,,,,,,,70,2068,0,Direct,Monarch,1034
OLD Track,Jay Key,jaykkey1981@gmail.com,Jay Key jaykkey1981@gmail.com,,,9852,,,,,,,,,Spyglass,1778,2439.92,10/12/24,10/14/24,2,,,,,0,,7/21/24,Website,,Checked Out,,,,,,,,,,,,,,Rack Rate,,0,0,388.37,273.55,0,channel,,,2166,83,Direct,Spyglass,1083
Onera Fredericksburg,Britte Terry,Terry,,,,10859,,,,,,,,,Sage Safari,2009,2388.83,10/12/24,10/14/24,2,Sage Safari,2388.83,,,0,,9/15/24,Website,,Checked Out,,,,,,,,,,,,,,,,,,,,,,,105,2114,27,Direct,Sage Safari,1057
Onera Fredericksburg,Will Schwartz,N/A,1.50E+10,,N/A,3.81E+12,HM8W4A8EEP,,,,,,2,0,OAK(1),632.8,0,10/12/24,10/14/24,2,Live Oak Lodge,794.16,0,,794.16,,9/18/24,Airbnb (API),,Confirmed,Unknown,,,Unknown,,,,,,,,,,,,,,,,,,,70,703,24,Airbnb,Live Oak Lodge,351
Onera Fredericksburg,Nick Richards,richardsnick13@gmail.com,2145489422,,N/A,7.96E+12,,5960 Stacy Rd #2121,,McKinney,Texas,75070,4,0,BLU(1),1862,2171.86,10/12/24,10/15/24,3,Bluebonnet,2222.71,2171.86,,50.85,,9/30/24,Website/Booking Engine,,Confirmed,United States of America,,,Unknown,,,,,,,,,,,,,,,,,,,105,1967,12,Direct,Bluebonnet,656
Onera Fredericksburg,Lance Hagdorn,N/A,1.21E+10,,N/A,7.87E+12,HM8FFBEEAM,,,,,,2,0,WAL(1),2075.81,0,10/12/24,10/14/24,2,Walnut House,2424.75,0,,2424.75,,10/7/24,Airbnb (API),,Confirmed,Unknown,,,Unknown,,,,,,,,,,,,,,,,,,,70,2146,5,Airbnb,Walnut House,1073
OLD Track,Kasey Weempe,kasey.weempe@gmail.com,Kasey Weempe kasey.weempe@gmail.com,,,10482,,,,,,,,,Lantana Dome,781,989.89,10/13/24,10/15/24,2,,,,,0,,8/27/24,Website,,Checked Out,,,,,,,,,,,,,,Rack Rate,,0,0,95,113.89,0,Concierge,,,876,47,Direct,Lantana Dome,438
Onera Fredericksburg,Kendall St.Romain,St.Romain,,,,10694,,,,,,,,,Juniper Haus,563,743.55,10/13/24,10/15/24,2,Juniper Haus,743.55,,,0,,9/6/24,Website,,Checked Out,,,,,,,,,,,,,,,,,,,,,,,95,658,37,Direct,Juniper Haus,329
Onera Fredericksburg,John Cahalane,johncahalane007@gmail.com,9039693577,,N/A,9.59E+12,,1405 Woodland Hills Drive,,Whitehouse,,75791,2,0,BUC(1),823,1009.09,10/13/24,10/15/24,2,Buckeye Bungalow,1009.09,1009.09,,0,,10/9/24,Website/Booking Engine,,Confirmed,United States of America,,,Unknown,,,,,,,,,,,,,,,,,,,70,893,4,Direct,Buckeye Bungalow,447
Onera Fredericksburg,Ashly Woods,ms.awoods84@gmail.com,2147721109,,N/A,6.87E+12,,801 Beckleymeade Ave,1112,Dallas,Texas,75232,2,0,N/A,293,370.64,10/13/24,10/14/24,1,Pecan Haus,370.64,370.64,,0,,10/10/24,Website/Booking Engine,,Cancelled,United States of America,,10/13/24,Unknown,,,,,,,,,,,,,,,,,,,35,328,3,Direct,Pecan Haus,328
Onera Fredericksburg,VEACESLAV GURGUROV,gurxpress@gmail.com,2242415901,,N/A,4.03E+12,,8005 ABBOT CT,,MCKINNEY,,75072,2,1,MON(1),541,650.88,10/13/24,10/14/24,1,Monarch,650.88,650.88,,0,,10/11/24,Website/Booking Engine,,Confirmed,United States of America,,,Unknown,,,,,,,,,,,,,,,,,,,35,576,2,Direct,Monarch,576
OLD Track,Priya Roshan,,Priya Roshan,,,9695,HM94S3AFMW,,,,,,,,Monarch,758,963.89,10/14/24,10/16/24,2,,,,,-428.26,,7/4/24,AIRBNB,,Checked Out,,,,,Airbnb,,,,,,,,,Rack Rate,,,0,95,110.9,0,channel,,,853,102,Airbnb,Monarch,427
OLD Track,Thomas Olson,tommy76to@gmail.com,Thomas Olson tommy76to@gmail.com,,,9890,,,,,,,,,Spyglass,910,1301.19,10/14/24,10/16/24,2,,,,,0,,7/25/24,Website,,Checked Out,,,,,,,,,,,,,,Rack Rate,,0,0,245.15,146.04,0,channel,,,1155,81,Direct,Spyglass,578
Onera Fredericksburg,Karlie Deitrick,Deitrick,,,,10635,,,,,,,,,Walnut House (Pet Friendly),0,0,10/14/24,10/16/24,2,Walnut House (Pet Friendly),0,,,0,,9/4/24,Owner Guest,,Checked Out,,,,,,,,,,,,,,,,,,,,,,,0,0,40,Direct,Walnut House,0
Onera Fredericksburg,Maria Torres,martorres01@yahoo.com,3605513451,,N/A,4.31E+12,,5347 Nicholstone St,,Brownsville,,78526,2,0,PEC(1),810,971.8,10/14/24,10/17/24,3,Pecan Haus,1033.95,971.8,,62.15,,9/23/24,Website/Booking Engine,,Confirmed,United States of America,,,Unknown,,,,,,,,,,,,,,,,,,,105,915,21,Direct,Pecan Haus,305
Onera Fredericksburg,Angel Guebara,guebara2019@yahoo.com,4326610912,,N/A,2.95E+12,,609 W. Cowden Ave,,Midland,Texas,79701,2,0,OAK(1),1284,1569.57,10/14/24,10/17/24,3,Live Oak Lodge,1569.57,1569.57,,0,,10/3/24,Website/Booking Engine,,Confirmed,United States of America,,,Unknown,,,,,,,,,,,,,,,,,,,105,1389,11,Direct,Live Oak Lodge,463
OLD Track,Alexis Taylor,alexisrtaylor@gmail.com,Alexis Taylor alexisrtaylor@gmail.com,,,10412,,,,,,,,,Buckeye Bungalow,744,948.08,10/15/24,10/17/24,2,,,,,0,,8/22/24,Website,,Checked Out,,,,,,,,,,,,,,Rack Rate,,0,0,95,109.08,0,channel,,,839,54,Direct,Buckeye Bungalow,420
Onera Fredericksburg,Edgard Villaverd,N/A,1.51E+10,,N/A,9.30E+12,HM3JSPXSRW,,,,,,1,0,JUN(1),348.81,0,10/15/24,10/17/24,2,Juniper Haus,489.15,0,,489.15,,10/12/24,Airbnb (API),,Confirmed,Unknown,,,Unknown,,,,,,,,,,,,,,,,,,,70,419,3,Airbnb,Juniper Haus,209
OLD Track,Ulises Zertuche,ulizertuche10@gmail.com,Ulises Zertuche ulizertuche10@gmail.com,,,9650,,,,,,,,,Juniper Haus,573,859.08,8/11/24,8/13/24,2,,,,,0,,6/28/24,Website,,Checked Out,,,,,,,,,,,,,,Rack Rate,,0,0,189.55,96.53,0,channel,,,763,44,Direct,Juniper Haus,381
Onera Fredericksburg,Kirk Henf,Henf,,,,10878,,,,,,,,,Sage Safari,1024,1275.78,10/16/24,10/18/24,2,Sage Safari,1275.78,,,0,,9/16/24,Website,,Checked In,,,,,,,,,,,,,,,,,,,,,,,105,1129,30,Direct,Sage Safari,565
Onera Fredericksburg,Demetric Woods,demetric_woods@yahoo.com,6158396830,,N/A,3.50E+12,,324 Pin Cherry Pass,,San Marcos,Texas,78666,2,0,DOM(1),918,0,10/16/24,10/18/24,2,Lantana Dome,1037.34,1059.94,,1037.34,,9/24/24,Website/Booking Engine,,Confirmed,United States of America,,,Unknown,,,,,,,,,,,,,,,,,,,70,988,22,Direct,Lantana Dome,494
Onera Fredericksburg,Julian Rodriguez,Jrodriguezkl17@gmail.com,2544987466,,N/A,9.73E+12,,1701 Connor,,Waco,Texas,76706,2,0,WAL(1),428,523.19,10/16/24,10/17/24,1,Walnut House,523.19,523.19,,0,,10/14/24,Website/Booking Engine,,Confirmed,United States of America,,,Unknown,,,,,,,,,,,,,,,,,,,35,463,2,Direct,Walnut House,463
OLD Track,Shirley Garrett,shirleygarrett0829@gmail.com,Shirley Garrett shirleygarrett0829@gmail.com,,,9760,,,,,,,,,Pecan Haus,568,852.52,10/17/24,10/19/24,2,,,,,0,,7/11/24,Website,,Checked Out,,,,,,,,,,,,,,Rack Rate,,0,0,188.72,95.8,0,channel,,,757,98,Direct,Pecan Haus,378
OLD Track,Phoebe Udomsri,phoebe.udomsri@gmail.com,Phoebe Udomsri phoebe.udomsri@gmail.com,,,10139,,,,,,,,,Juniper Haus,568,800.55,10/17/24,10/19/24,2,,,,,0,,8/11/24,Website,,Checked Out,,,,,,,,,,,,,,Rack Rate,,0,0,140.44,92.11,0,channel,,,708,67,Direct,Juniper Haus,354
OLD Track,Samson Ogori,samsonogori@gmail.com,Samson Ogori samsonogori@gmail.com,,,10429,,,,,,,,,Cedar Haus (Pet Friendly),991,1227.19,10/17/24,10/20/24,3,,,,,0,,8/23/24,Website,,Checked Out,,,,,,,,,,,,,,Rack Rate,,0,0,95,141.19,0,channel,,,1086,55,Direct,Cedar Haus,362
Onera Fredericksburg,Benjamin Kemmy,ben@kemmyfirm.com,2107711436,,N/A,7.25E+12,,,,,,,2,0,SPY(1),596,729.98,10/17/24,10/18/24,1,Spyglass,713.03,729.98,,-16.95,,9/25/24,Website/Booking Engine,,Confirmed,United States of America,,,Unknown,,,,,,,,,,,,,,,,,,,35,631,22,Direct,Spyglass,631
Onera Fredericksburg,Maya Herring,ugc@mayaherring.com,(210)-303-7173,,Female,2.69E+12,,,,,,,2,0,WAL(1),0,0,10/17/24,10/18/24,1,Walnut House,0,0,,0,,9/30/24,Influencers/ Giveaway Winners,,Confirmed,United States of America,,,Unknown,,,,,,,,,,,,,,,,,,,0,0,17,,Walnut House,0
Onera Fredericksburg,Christian Barajas,christian.barajas75@gmail.com,(214) 335-7550,,N/A,8.07E+12,,3600 N Edwards St,Apt 2315,Midland,Texas,79705,4,0,OAK(1),3016,3611.48,10/17/24,10/20/24,3,Live Oak Lodge,3611.48,3611.48,,0,,10/5/24,Website/Booking Engine,,Confirmed,United States of America,,,Unknown,,,,,,,,,,,,,,,,,,,105,3121,12,Direct,Live Oak Lodge,1040
Onera Fredericksburg,Maya Takano,info@texaseatsfirst.com,(325)232-3201,(325)232-3201,N/A,7.72E+12,,515 Austin St,APT 912,Houston,Texas,77002,1,0,COC(1),0,0,10/17/24,10/18/24,1,Cocoon,0,0,,0,,10/17/24,Influencers/ Giveaway Winners,,Confirmed,United States of America,,,Unknown,,,,,,,,,,,,,,,,,,,0,0,0,,Cocoon,0
OLD Track,Austin Evans,austinevans@me.com,Austin Evans austinevans@me.com,,,9196,,,,,,,,,Lantana Dome,1098,1547.82,10/18/24,10/20/24,2,,,,,0,,5/10/24,Website,,Checked Out,,,,,,,,,,,,,,Rack Rate,,0,0,276.17,173.65,0,channel,,,1374,161,Direct,Lantana Dome,687
OLD Track,Elle Godlstein,,Elle Godlstein,,,9233,HMXMNPDHH9,,,,,,,,Sage Safari,1098,1359.39,10/18/24,10/20/24,2,,,,,0,,5/13/24,AIRBNB,,Checked Out,,,,,Airbnb,,,,,,,,,Rack Rate,,,0,105,156.4,0,channel,,,1203,158,Airbnb,Sage Safari,602
OLD Track,Jackie LeVan,doctorlevan@gmail.com,Jackie LeVan doctorlevan@gmail.com,,,9988,,,,,,,,,Spyglass,1498,2072.58,10/18/24,10/20/24,2,,,,,0,,8/2/24,Website,,Checked Out,,,,,,,,,,,,,,Rack Rate,,0,0,342.17,232.41,0,channel,,,1840,77,Direct,Spyglass,920
OLD Track,Stephen Little,shlittle@houstonmethodist.org,Stephen Little shlittle@houstonmethodist.org,,,10519,,,,,,,,,Walnut House (Pet Friendly),2484,2914.28,10/18/24,10/20/24,2,,,,,0,,8/29/24,Website,,Checked Out,,,,,,,,,,,,,,Rack Rate,,0,0,95,335.28,0,channel,,,2579,50,Direct,Walnut House,1290
Onera Fredericksburg,Coan Calabrese,ccalabrese@nicksonliving.com,214-629-5044,,N/A,2.72E+12,10645,,,,,,1,0,COC(1),1364,1648.68,10/18/24,10/20/24,2,Cocoon,1620.42,1364,,-28.26,,9/4/24,Reservation Import,,Confirmed,United States of America,,,Unknown,,,,,,,,,,,,,,,,,,,70,1434,44,Direct,Cocoon,717
Onera Fredericksburg,Nickson Living,Living,,,,10645,,,,,,,,,Cocoon,1364,1648.68,10/18/24,10/20/24,2,Cocoon,1648.68,,,0,,9/4/24,Website,,Confirmed,,,,,,,,,,,,,,,,,,,,,,,95,1459,44,Direct,Cocoon,730
Onera Fredericksburg,Lucas Morgan,N/A,1.82E+10,,N/A,5.88E+12,HMNAQ8DX22,,,,,,2,1,MON(1),1282.55,0,10/18/24,10/19/24,1,Monarch,1488.83,0,,1488.83,,10/5/24,Airbnb (API),,Confirmed,Unknown,,,Unknown,,,,,,,,,,,,,,,,,,,35,1318,13,Airbnb,Monarch,1318
Onera Fredericksburg,Jeff Nelson,jeff_oif6@yahoo.com,3617748347,,N/A,6.41E+12,,,,,Texas,,2,1,BLU(1),1998,2336.84,10/18/24,10/20/24,2,Bluebonnet,2336.84,2336.84,,0,,10/9/24,Website/Booking Engine,,Confirmed,United States of America,,,Unknown,,,,,,,,,,,,,,,,,,,70,2068,9,Direct,Bluebonnet,1034
Onera Fredericksburg,Kimberly Hill,kimberlyhill158@gmail.com,2546302030,,N/A,6.38E+12,,1102 Chaucer Lane,,Harker Heights,Texas,76548,3,1,SAF(1),1598,1884.84,10/18/24,10/20/24,2,Sage Safari,1884.84,1884.84,,0,,10/11/24,Website/Booking Engine,,Confirmed,United States of America,,,Unknown,,,,,,,,,,,,,,,,,,,70,1668,7,Direct,Sage Safari,834
Onera Fredericksburg,Karen Trevino,N/A,1.83E+10,,N/A,1.86E+12,HMWYKN3EEF,,,,,,2,0,BUC(1),490.42,0,10/18/24,10/19/24,1,Buckeye Bungalow,649.18,0,,649.18,,10/16/24,Airbnb (API),,Confirmed,Unknown,,,Unknown,,,,,,,,,,,,,,,,,,,35,525,2,Airbnb,Buckeye Bungalow,525
OLD Track,David J. Neff,,David J. Neff,,,9657,HMD3CHWKCQ,,,,,,,,Monarch,1228,1494.99,10/19/24,10/21/24,2,,,,,-541.26,,6/28/24,AIRBNB,,Checked Out,,,,,Airbnb,,,,,,,,,Rack Rate,,,0,95,172,0,channel,,,1323,113,Airbnb,Monarch,662
Onera Fredericksburg,Benito Hernandez,N/A,1.21E+10,,N/A,6.87E+12,HM4KZKP5H4,,,,,,2,0,PEC(1),441.83,0,10/19/24,10/20/24,1,Pecan Haus,538.82,0,,538.82,,10/9/24,Airbnb (API),,Confirmed,Unknown,,,Unknown,,,,,,,,,,,,,,,,,,,35,477,10,Airbnb,Pecan Haus,477
Onera Fredericksburg,Dave Johnsen,N/A,1.51E+10,,N/A,1.54E+12,HMFBXDWPYA,,,,,,2,0,JUN(1),622.18,0,10/19/24,10/21/24,2,Juniper Haus,798.08,0,,798.08,,10/19/24,Airbnb (API),,Confirmed,Unknown,,,Unknown,,,,,,,,,,,,,,,,,,,70,692,0,Airbnb,Juniper Haus,346
Onera Fredericksburg,Felipe Contreras,Contreras,,,,10907,,,,,,,,,Pecan Haus,661,854.29,10/20/24,10/22/24,2,Pecan Haus,854.29,,,0,,9/18/24,Website,,Confirmed,,,,,,,,,,,,,,,,,,,,,,,95,756,32,Direct,Pecan Haus,378
OLD Track,Michelle Baker,,Michelle Baker,,,9801,HMQMZE3SSM,,,,,,,,Monarch,918,1144.69,10/21/24,10/23/24,2,,,,,-518.66,,7/16/24,AIRBNB,,Checked Out,,,,,Airbnb,,,,,,,,,Rack Rate,,,0,95,131.7,0,channel,,,1013,97,Airbnb,Monarch,507
OLD Track,Rob Miller,robmilleremail@gmail.com,Rob Miller robmilleremail@gmail.com,,,10362,,,,,,,,,Live Oak Lodge (Pet Friendly),1557,1878.06,10/21/24,10/24/24,3,,,,,0,,8/21/24,Website,,Checked Out,,,,,,,,,,,,,,Rack Rate,,0,0,105,216.06,0,channel,,,1662,61,Direct,Live Oak Lodge,554
OLD Track,NATAYA MCCOY,NMCCOYE@GMAIL.COM,NATAYA MCCOY NMCCOYE@GMAIL.COM,,,10477,,,,,,,,,Sage Safari,1557,1878.06,10/21/24,10/24/24,3,,,,,0,,8/26/24,Website,,Checked Out,,,,,,,,,,,,,,Rack Rate,,0,0,105,216.06,0,channel,,,1662,56,Direct,Sage Safari,554
Onera Fredericksburg,Bernice Padilla,Padilla,,,,10636,,,,,,,,,Spyglass,0,0,10/21/24,10/23/24,2,Spyglass,0,,,0,,9/4/24,Owner Guest,,Confirmed,,,,,,,,,,,,,,,,,,,,,,,0,0,47,Direct,Spyglass,0
Onera Fredericksburg,Andrea Andrade,theandreaandrade@gmail.com,662-380-6096,,N/A,6.46E+12,,768 United Ave se Apt 5,,Atlanta,Georgia,GA 30312,1,0,N/A,0,0,10/21/24,10/23/24,2,Buckeye Bungalow,0,0,,0,,9/27/24,Influencers/ Giveaway Winners,,Cancelled,United States of America,,10/15/24,Unknown,,,,,,,,,,,,,,,,,,,0,0,24,,Buckeye Bungalow,0
Onera Fredericksburg,Joe Markley,MarkleyFam1@gmail.com,8168724238,,N/A,6.73E+12,,402 17th Ave S,,Greenwood,Missouri,64034,2,0,DOM(1),1241.65,1470.88,10/21/24,10/25/24,4,Lantana Dome (Thank You First Responders!),1470.88,1561.28,,0,,9/28/24,Website/Booking Engine,,Confirmed,United States of America,,,Unknown,,,,,,,,,,,,,,,,,,,140,1382,23,Direct,Lantana Dome,345
Onera Fredericksburg,Randal Brown,rbrown75elcid@yahoo.com,210-854-0570,,N/A,5.03E+12,,26303 Reyglen Drive,,San Antonio,Texas,78255,2,0,COC(1),1488,1800.09,10/21/24,10/24/24,3,Cocoon,1800.09,1800.09,,0,,10/10/24,Website/Booking Engine,,Confirmed,United States of America,,,Unknown,,,,,,,,,,,,,,,,,,,105,1593,11,Direct,Cocoon,531
Onera Fredericksburg,Rachel Hooper,rhooper@bakerlaw.com,7132407184,,N/A,9.78E+12,,811 Main,Suite 1100,Houston,Texas,77002,2,0,WAL(1),778,958.24,10/21/24,10/23/24,2,Walnut House,958.24,958.24,,0,,10/18/24,Website/Booking Engine,,Confirmed,United States of America,,,Unknown,,,,,,,,,,,,,,,,,,,70,848,3,Direct,Walnut House,424
Onera Fredericksburg,Lola Mack (INFLUENCER),loren@iamlola.co,4693632019,,N/A,3.94E+12,,,,,,,1,0,N/A,0,0,10/21/24,10/23/24,2,Lantana Dome,0,0,,0,,10/20/24,Influencers/ Giveaway Winners,,Cancelled,United States of America,,10/21/24,Unknown,,,,,,,,,,,,,,,,,,,0,0,1,,Lantana Dome,0
Onera Fredericksburg,Tom Test,tom@stayoasi.com,8623547873,,N/A,3.99E+12,,1007 S Congress Ave,211,Austin,Texas,78704,2,0,N/A,0.06,0,10/22/24,10/24/24,2,Cedar Haus (99.99OFFTESTCODE2),79.16,56.56,,79.16,,9/18/24,Website/Booking Engine,,Cancelled,United States of America,,9/18/24,Unknown,,,,,,,,,,,,,,,,,,,70,70,34,Direct,Cedar Haus,35
Onera Fredericksburg,Ross Scott,N/A,1.82E+10,,N/A,1.32E+12,HMDCHSZ5SC,,,,,,2,0,JUN(1),480.81,0,10/22/24,10/25/24,3,Juniper Haus,638.33,0,,638.33,,10/17/24,Airbnb (API),,Confirmed,Unknown,,,Unknown,,,,,,,,,,,,,,,,,,,105,586,5,Airbnb,Juniper Haus,195
Onera Fredericksburg,Jesus Salazar,jesseframer@gmail.com,8065482464,,N/A,5.96E+12,,705 S. 17th,,Slaton,Texas,79364,2,0,BUC(1),518,664.44,10/22/24,10/24/24,2,Buckeye Bungalow,664.44,664.44,,0,,10/22/24,Website/Booking Engine,,Confirmed,United States of America,,,Unknown,,,,,,,,,,,,,,,,,,,70,588,0,Direct,Buckeye Bungalow,294
Onera Fredericksburg,Uyen Hoang,Uyenkh0106@yahoo.com,8185854605,,N/A,6.28E+12,,17726 kinzie street,3,Northridge,California,91325,2,0,MON(1),259,332.22,10/23/24,10/24/24,1,Monarch,332.22,332.22,,0,,10/22/24,Website/Booking Engine,,Confirmed,United States of America,,,Unknown,,,,,,,,,,,,,,,,,,,35,294,1,Direct,Monarch,294
Onera Fredericksburg,Jordan Dysart,hmab7qgmx3@m.expediapartnercentral.com,1.21E+10,,N/A,7.13E+12,346424966,,,,,,2,0,CED(1),178.33,0,10/23/24,10/24/24,1,Cedar Haus,201.51,201.51,,201.51,,10/23/24,Expedia (Channel Collect Booking),,Confirmed,Unknown,,,Unknown,Hotels.com,,,,,,,,,,,,,,,,,,35,213,0,Expedia,Cedar Haus,213
Onera Fredericksburg,Fizza Naqvi,Naqvi,,,,10656,,,,,,,,,Spyglass,3477,4036.37,10/24/24,10/27/24,3,Spyglass,4036.37,,,0,,9/5/24,Guest,,Confirmed,,,,,,,,,,,,,,,,,,,,,,,95,3572,49,Direct,Spyglass,1191
Onera Fredericksburg,Daniel Barrera,danielbarrera2009@yahoo.com,,832-868-7951,N/A,9.92E+12,,,,,,,1,0,MON(1),0,0,10/24/24,10/25/24,1,Monarch,0,0,,0,,10/2/24,Influencers/ Giveaway Winners,,Confirmed,United States of America,,,Unknown,,,,,,,,,,,,,,,,,,,0,0,22,,Monarch,0
Onera Fredericksburg,Wioleta Bednarek,violetabednarek@gmail.com,773-600-7501,,N/A,5.60E+12,,74 Lincolnshire,,Lincolnshire,Illinois,,6,0,"COC(1), OAK(1), SAF(1)",3245.4,3872.51,10/24/24,10/26/24,2,"Cocoon, Live Oak Lodge, Sage Safari",3872.51,3241.97,,0,,10/2/24,Website/Booking Engine,,Confirmed,United States of America,,,Unknown,,,,,,,,,,,,,,,,,,,70,3315,22,Direct,"Cocoon, Live Oak Lodge, Sage Safari",1658
Onera Fredericksburg,Mary Remke,Mmrem518@gmail.com,5135058647,,N/A,4.66E+12,,6821 Old Orchard Court,,Cincinnati,Ohio,45230,2,0,PEC(1),179,241.82,10/24/24,10/25/24,1,Pecan Haus,241.82,241.82,,0,,10/23/24,Website/Booking Engine,,Confirmed,United States of America,,,Unknown,,,,,,,,,,,,,,,,,,,35,214,1,Direct,Pecan Haus,214
Onera Fredericksburg,Viridiana Aguirre,soteloviridiana@yahoo.com,4325564372,,N/A,4.80E+12,,5602 SCR 1214,,Midland,,79706,4,0,OAK(1),2936,3385.48,10/25/24,10/27/24,2,Live Oak Lodge,3385.48,3396.78,,0,,9/30/24,Website/Booking Engine,,Confirmed,United States of America,,,Unknown,,,,,,,,,,,,,,,,,,,70,3006,25,Direct,Live Oak Lodge,1503
Onera Fredericksburg,James Robuck,jrrobuc@icloud.com,8328196141,,N/A,7.50E+12,,18802 Peachleaf Willow Trace,,Cypress,Texas,77429,2,0,BUC(1),2258,2630.64,10/25/24,10/27/24,2,Buckeye Bungalow,2630.64,2630.64,,0,,10/6/24,Website/Booking Engine,,Confirmed,United States of America,,,Unknown,,,,,,,,,,,,,,,,,,,70,2328,19,Direct,Buckeye Bungalow,1164
Onera Fredericksburg,Randy Anderson,N/A,1.82E+10,,N/A,8.74E+12,HMMMKF8393,,,,,,2,0,JUN(1),1053.38,0,10/25/24,10/27/24,2,Juniper Haus,1285.32,0,,1285.32,,10/19/24,Airbnb (API),,Confirmed,Unknown,,,Unknown,,,,,,,,,,,,,,,,,,,70,1123,6,Airbnb,Juniper Haus,562
Onera Fredericksburg,Logan Tompkins,ltompkins96@yahoo.com,3619354756,,N/A,7.55E+12,,3445 State HWY 35 S,,Port Lavaca,Texas,77979,2,0,CED(1),550,700.6,10/25/24,10/27/24,2,Cedar Haus,700.6,700.6,,0,,10/23/24,Website/Booking Engine,,Confirmed,United States of America,,,Unknown,,,,,,,,,,,,,,,,,,,70,620,2,Direct,Cedar Haus,310
Onera Fredericksburg,Drew Michel,crwd22iigw@m.expediapartnercentral.com,5127610292,,N/A,2.16E+12,346199120,,,,,,2,0,PEC(1),547.98,0,10/25/24,10/27/24,2,Pecan Haus,619.22,547.98,,619.22,,10/23/24,Expedia (Channel Collect Booking),,Confirmed,Unknown,,,Unknown,Hotels.com,,,,,,,,,,,,,,,,,,70,618,2,Expedia,Pecan Haus,309
Onera Fredericksburg,Trevor Marioni,N/A,1.50E+10,,N/A,7.10E+12,HMNA5J2MBK,,,,,,2,0,MON(1),582,0,10/25/24,10/26/24,1,Monarch,657.66,0,,657.66,,10/24/24,Airbnb (API),,Confirmed,Unknown,,,Unknown,,,,,,,,,,,,,,,,,,,35,617,1,Airbnb,Monarch,617
Onera Fredericksburg,Mary Moore,marykmooore@gmail.com,9038162467,,N/A,1.29E+12,,5709 North county Road 1600,,Shallowater,Texas,79363,2,0,DOM(1),1102,1324.36,10/25/24,10/27/24,2,Lantana Dome,1324.36,1324.36,,0,,10/24/24,Website/Booking Engine,,Confirmed,United States of America,,,Unknown,,,,,,,,,,,,,,,,,,,70,1172,1,Direct,Lantana Dome,586
Onera Fredericksburg,Charlie Kriegel,charliekriegeljr@gmail.com,8324962614,,N/A,1.46E+12,,2418 Richton Street,,Houston,,77098,2,0,WAL(1),1432,1782.01,10/25/24,10/27/24,2,Walnut House,1782.01,1782.01,,0,,10/24/24,Website/Booking Engine,,Confirmed,United States of America,,,Unknown,,,,,,,,,,,,,,,,,,,70,1502,1,Direct,Walnut House,751
Onera Fredericksburg,Christopher Quiroz,quirozchris25@yahoo.com,2818408002,,N/A,7.23E+12,,7206 Halfpenny Rd,,Houston,Texas,77095,2,0,SAF(1),2009,2349.27,10/26/24,10/28/24,2,Sage Safari,2349.27,2349.27,,0,,10/19/24,Website/Booking Engine,,Confirmed,United States of America,,,Unknown,,,,,,,,,,,,,,,,,,,70,2079,7,Direct,Sage Safari,1040
Onera Fredericksburg,Zack Taylor,z.taylor0710@gmail.com,8323857416,,N/A,5.53E+12,,2109 County Road 795,,Alvin,,77511,2,0,BLU(1),299,377.42,10/26/24,10/27/24,1,Bluebonnet,377.42,377.42,,0,,10/26/24,Website/Booking Engine,,Confirmed,United States of America,,,Unknown,,,,,,,,,,,,,,,,,,,35,334,0,Direct,Bluebonnet,334
Onera Fredericksburg,Amaris Menchaca,N/A,1.43E+10,,N/A,9.96E+12,HM4FQHHK8J,,,,,,1,0,COC(1),383,0,10/26/24,10/27/24,1,Cocoon,432.79,0,,432.79,,10/26/24,Airbnb (API),,Confirmed,Unknown,,,Unknown,,,,,,,,,,,,,,,,,,,35,418,0,Airbnb,Cocoon,418
Onera Fredericksburg,Xavier White,N/A,1.82E+10,,N/A,7.67E+12,HMYBBCPTSZ,,,,,,3,0,MON(1),475,0,10/26/24,10/27/24,1,Monarch,536.75,0,,536.75,,10/26/24,Airbnb (API),,Confirmed,Unknown,,,Unknown,,,,,,,,,,,,,,,,,,,35,510,0,Airbnb,Monarch,510
OLD Track,Dallas Stark,dstark.241117@guest.booking.com,Dallas Stark dstark.241117@guest.booking.com,,,10798,4621029989:352,,,,,,,,Monarch,1397,1673.61,10/27/24,10/30/24,3,,,,,0,,9/10/24,Booking.com,,Checked Out,,,,,Booking.com,,,,,,,,,Rack Rate,,,0,95,193.97,0,channel,,,1492,47,Booking.com,Monarch,497
Onera Fredericksburg,Dallas Stark,Stark,,,,10798,4621029989:352,,,,,,,,Monarch,1397,1673.61,10/27/24,10/30/24,3,Monarch,1673.61,,,0,,9/10/24,AIRBNB,,Confirmed,,,,,,,,,,,,,,,,,,,,,,,95,1492,47,Airbnb,Monarch,497
Onera Fredericksburg,Ruth Balarbar,jbalarbar@gmail.com,512-799-9640,,N/A,4.66E+12,,12012 Mira Mesa Dr,,Austin,Texas,78732,2,0,PEC(1),833,1059.94,10/27/24,10/30/24,3,Pecan Haus,1059.94,1059.94,,0,,10/4/24,Website/Booking Engine,,Confirmed,United States of America,,,Unknown,,,,,,,,,,,,,,,,,,,105,938,23,Direct,Pecan Haus,313
Onera Fredericksburg,Monica Lopez,N/A,1.83E+10,,N/A,4.40E+12,HMS9WKZZNA,,,,,,2,0,JUN(1),297.64,0,10/27/24,10/29/24,2,Juniper Haus,415.44,0,,415.44,,10/10/24,Airbnb (API),,Confirmed,Unknown,,,Unknown,,,,,,,,,,,,,,,,,,,70,368,17,Airbnb,Juniper Haus,184
Onera Fredericksburg,Evy Paulino,evydramos@gmail.com,3104881590,,N/A,4.55E+12,,151 Da Vinci,,San Antonio,Texas,78258,2,0,"WAL(1), SPY(1)",1452,1798.96,10/27/24,10/31/24,4,"Walnut House, Spyglass",1798.96,1798.96,,0,,10/22/24,Website/Booking Engine,,Confirmed,United States of America,,,Unknown,,,,,,,,,,,,,,,,,,,140,1592,5,Direct,"Walnut House, Spyglass",398
Onera Fredericksburg,Michael Snyder,mikesnyder@gmail.com,9137423981,,N/A,9.87E+12,,5600 Sombria Ct,,Austin,,78738,4,0,"SPY(1), BLU(1)",1458,1805.74,10/27/24,10/29/24,2,"Spyglass, Bluebonnet",1805.74,1805.74,,0,,10/26/24,Website/Booking Engine,,Confirmed,United States of America,,,Unknown,,,,,,,,,,,,,,,,,,,70,1528,1,Direct,"Spyglass, Bluebonnet",764
Onera Fredericksburg,Frank Villarreal,N/A,1.43E+10,,N/A,2.62E+12,HM8PBNENQ2,,,,,,2,2,OAK(1),473,0,10/27/24,10/28/24,1,Live Oak Lodge,534.49,0,,534.49,,10/27/24,Airbnb (API),,Confirmed,Unknown,,,Unknown,,,,,,,,,,,,,,,,,,,35,508,0,Airbnb,Live Oak Lodge,508
Onera Fredericksburg,Jamie Guzman,jguzman9@hawaii.edu,9567924062,,N/A,4.60E+12,,5117 Grande Circle,,Palm Valley,,78552,2,0,DOM(1),228,297.19,10/27/24,10/28/24,1,Lantana Dome,297.19,297.19,,0,,10/27/24,Website/Booking Engine,,Confirmed,United States of America,,,Unknown,,,,,,,,,,,,,,,,,,,35,263,0,Direct,Lantana Dome,263
Onera Fredericksburg,Janae Short,Short,,,,10696,,,,,,,,,Live Oak Lodge (Pet Friendly),0,0,10/28/24,10/30/24,2,Live Oak Lodge (Pet Friendly),0,,,0,,9/6/24,Owner Guest,,Confirmed,,,,,,,,,,,,,,,,,,,,,,,0,0,52,Direct,Live Oak Lodge,0
Onera Fredericksburg,Jesse Hancock,N/A,1.24E+10,,N/A,5.79E+12,HMJZ2Y4Z3Y,,,,,,2,0,JUN(1),361.24,0,10/29/24,10/31/24,2,Juniper Haus,487.3,0,,487.3,,10/3/24,Airbnb (API),,Confirmed,Unknown,,,Unknown,,,,,,,,,,,,,,,,,,,70,431,26,Airbnb,Juniper Haus,216
Onera Fredericksburg,William Meier,meierw6@gmail.com,2142025235,,N/A,7.60E+12,,5838 Joyce Way,,Dallas,Texas,75225,2,0,COC(1),1124,1388.77,10/29/24,11/1/24,3,Cocoon,1388.77,1388.77,,0,,10/21/24,Website/Booking Engine,,Confirmed,United States of America,,,Unknown,,,,,,,,,,,,,,,,,,,105,1229,8,Direct,Cocoon,410
Onera Fredericksburg,Marissa Lopez,N/A,1.90E+10,,N/A,9.53E+12,HM4W8RW4MB,,,,,,2,0,DOM(1),631,0,10/29/24,10/31/24,2,Lantana Dome,713.03,0,,713.03,,10/24/24,Airbnb (API),,Confirmed,Unknown,,,Unknown,,,,,,,,,,,,,,,,,,,70,701,5,Airbnb,Lantana Dome,351
Onera Fredericksburg,Dallas Stark,Dallasstephenstark@aol.com,3374993474,,N/A,1.49E+12,,1714 granger st,,Lake charles,Louisiana,70601,2,0,MON(1),364,450.87,10/30/24,10/31/24,1,Monarch,450.87,450.87,,0,,10/29/24,Website/Booking Engine,,Confirmed,United States of America,,,Unknown,,,,,,,,,,,,,,,,,,,35,399,1,Direct,Monarch,399
Onera Fredericksburg,Nancy Amador,adanbarrios512@gmail.com,5127920513,,N/A,1.41E+12,,12800 Harrisglenn Dr,1514,Austin,,78753,2,0,CED(1),230,299.45,10/30/24,10/31/24,1,Cedar Haus,299.45,299.45,,0,,10/30/24,Website/Booking Engine,,Confirmed,United States of America,,,Unknown,,,,,,,,,,,,,,,,,,,35,265,0,Direct,Cedar Haus,265
Onera Fredericksburg,Blas Dominguez,dericdominguez@yahoo.com,4322908711,,N/A,2.31E+12,,1801 W 7th St,,Fort Stockton,Texas,79735,2,0,PEC(1),230,299.45,10/30/24,10/31/24,1,Pecan Haus,299.45,299.45,,0,,10/30/24,Website/Booking Engine,,Confirmed,United States of America,,,Unknown,,,,,,,,,,,,,,,,,,,35,265,0,Direct,Pecan Haus,265
Onera Fredericksburg,Dustin Tarter,N/A,1.56E+10,,N/A,4.07E+12,HMZHTP28N3,,,,,,2,0,JUN(1),935.28,0,10/31/24,11/3/24,3,Juniper Haus,1175.52,0,,1175.52,,10/6/24,Airbnb (API),,Confirmed,Unknown,,,Unknown,,,,,,,,,,,,,,,,,,,105,1040,25,Airbnb,Juniper Haus,347
Onera Fredericksburg,Brady Closson,bjclosson@gmail.com,6197464587,,N/A,8.83E+12,,2184 Reeh Rd,,Fredericksburg,Texas,78624,2,0,SPY(1),343,427.14,10/31/24,11/1/24,1,Spyglass,427.14,427.14,,0,,10/30/24,Website/Booking Engine,,Confirmed,United States of America,,,Unknown,,,,,,,,,,,,,,,,,,,35,378,1,Direct,Spyglass,378
Onera Fredericksburg,Alison Baecker,alisonbaecker@me.com,2816399503,,N/A,9.89E+12,,3147 Waters Lake Bend,,Missouri City,Texas,77459,2,0,MON(1),1150,1378.6,10/31/24,11/2/24,2,Monarch,1378.6,1378.6,,0,,10/31/24,Website/Booking Engine,,Confirmed,United States of America,,,Unknown,,,,,,,,,,,,,,,,,,,70,1220,0,Direct,Monarch,610
Onera Fredericksburg,Luke Lagor,lukelagor10@gmail.com,6302773480,,N/A,6.60E+12,,1 Devon Ridge Court,,Burr Ridge,Illinois,60527,2,0,PEC(1),1128,1331.14,11/1/24,11/3/24,2,Pecan Haus,1353.74,1331.14,,22.6,,9/19/24,Website/Booking Engine,,Confirmed,United States of America,,,Unknown,,,,,,,,,,,,,,,,,,,70,1198,43,Direct,Pecan Haus,599
Onera Fredericksburg,Jenna Bien,Jennamichelebien@gmail.com,9494665344,,N/A,7.70E+12,,12407 Mesa Verde Dr,,Austin,,78737,2,0,CED(1),846,1035.08,11/1/24,11/3/24,2,Cedar Haus,1035.08,1035.08,,0,,10/12/24,Website/Booking Engine,,Confirmed,United States of America,,,Unknown,,,,,,,,,,,,,,,,,,,70,916,20,Direct,Cedar Haus,458
Onera Fredericksburg,Robert Throop,N/A,1.95E+10,,N/A,6.36E+12,HMYXKTNSKY,,,,,,2,0,SPY(1),1465,0,11/1/24,11/3/24,2,Spyglass,1655.45,0,,1655.45,,10/26/24,Airbnb (API),,Confirmed,Unknown,,,Unknown,,,,,,,,,,,,,,,,,,,70,1535,6,Airbnb,Spyglass,768
Onera Fredericksburg,Leendert van Doorn,leendert@paramecium.org,5127392067,,N/A,3.26E+12,,2142 Rivina Drive,,Austin,Texas,78733,2,0,WAL(1),1614,1902.92,11/1/24,11/3/24,2,Walnut House,1902.92,1902.92,,0,,10/26/24,Website/Booking Engine,,Confirmed,United States of America,,,Unknown,,,,,,,,,,,,,,,,,,,70,1684,6,Direct,Walnut House,842
Onera Fredericksburg,Ryan Griffin,Rcgriffin11@gmail.com,5122304001,,N/A,2.59E+12,,174 Noah‚Äôs court,,Austin,Texas,78737,2,0,N/A,1212,0,11/1/24,11/3/24,2,Sage Safari,1448.66,1448.66,,1448.66,,10/27/24,Website/Booking Engine,,Cancelled,United States of America,,11/1/24,Unknown,,,,,,,,,,,,,,,,,,,70,1282,5,Direct,Sage Safari,641
Onera Fredericksburg,Jon Warren,warren.jonathon@gmail.com,9195380211,,N/A,5.48E+12,,17212 Flagler Dr,,Austin,Texas,78738,2,0,DOM(1),1102,1324.36,11/1/24,11/3/24,2,Lantana Dome,1324.36,1324.36,,0,,10/27/24,Website/Booking Engine,,Confirmed,United States of America,,,Unknown,,,,,,,,,,,,,,,,,,,70,1172,5,Direct,Lantana Dome,586
Onera Fredericksburg,Harry Kelly,N/A,1.83E+10,,N/A,2.49E+12,HM9SSB8HJK,,,,,,1,0,BUC(1),423,0,11/1/24,11/2/24,1,Buckeye Bungalow,477.99,0,,477.99,,10/30/24,Airbnb (API),,Confirmed,Unknown,,,Unknown,,,,,,,,,,,,,,,,,,,35,458,2,Airbnb,Buckeye Bungalow,458
Onera Fredericksburg,Lanette Matthews,lanettelmatthews@gmail.com,5124844250,,N/A,8.95E+12,,1915 Rue de st. Tropez,,Austin,,78746,2,0,COC(1),386,475.73,11/1/24,11/2/24,1,Cocoon,475.73,475.73,,0,,10/30/24,Website/Booking Engine,,Confirmed,United States of America,,,Unknown,,,,,,,,,,,,,,,,,,,35,421,2,Direct,Cocoon,421
Onera Fredericksburg,Constantin Whitmire,constantinwhitmire@gmail.com,7373262627,,N/A,9.56E+12,,,,,,,2,0,BLU(1),1298,1545.84,11/1/24,11/3/24,2,Bluebonnet,1545.84,1545.84,,0,,10/30/24,Website/Booking Engine,,Confirmed,United States of America,,,Unknown,,,,,,,,,,,,,,,,,,,70,1368,2,Direct,Bluebonnet,684
Onera Fredericksburg,Monica Ayala,moniann2499@yahoo.com,3104809149,,N/A,4.81E+12,,311 Bowie Street,1402,Austin,Texas,78703,1,0,OAK(1),399,490.42,11/1/24,11/2/24,1,Live Oak Lodge,490.42,490.42,,0,,11/1/24,Website/Booking Engine,,Confirmed,United States of America,,,Unknown,,,,,,,,,,,,,,,,,,,35,434,0,Direct,Live Oak Lodge,434
Onera Fredericksburg,Avinash Vyas,avinash.vyas@gmail.com,4147028397,,N/A,3.51E+12,,11603 Bryson Creek Ct.,,Cypress,,77433,2,0,N/A,1397,64.95,11/2/24,11/4/24,2,Sage Safari,1657.71,1657.71,,1592.76,,10/4/24,Website/Booking Engine,,Cancelled,United States of America,,10/17/24,Unknown,,,,,,,,,,,,,,,,,,,70,1467,29,Direct,Sage Safari,734
Onera Fredericksburg,Diane Burkes,dianeburkes@yahoo.com,5753906627,,N/A,9.37E+12,,PO Box 921,,Fredericksburg,Texas,78624,2,0,MON(1),1862,2183.16,11/2/24,11/4/24,2,Monarch,2183.16,2183.16,,0,,10/15/24,Website/Booking Engine,,Confirmed,United States of America,,,Unknown,,,,,,,,,,,,,,,,,,,70,1932,18,Direct,Monarch,966
Onera Fredericksburg,Alfredo Valdez,cplvaldez97@gmail.com,2818313089,,N/A,2.94E+12,,8729 Garrett St,,Needville,Texas,77461,2,0,OAK(1),1334,1586.52,11/2/24,11/4/24,2,Live Oak Lodge,1586.52,1586.52,,0,,10/25/24,Website/Booking Engine,,Confirmed,United States of America,,,Unknown,,,,,,,,,,,,,,,,,,,70,1404,8,Direct,Live Oak Lodge,702
Onera Fredericksburg,Darian Hernandez,darianhernandez_11@yahoo.com,2104166967,,N/A,1.09E+12,,213 Beechwood Ave,,Universal City,Texas,78148,2,0,COC(1),874,1066.72,11/2/24,11/4/24,2,Cocoon,1066.72,1066.72,,0,,10/27/24,Website/Booking Engine,,Confirmed,United States of America,,,Unknown,,,,,,,,,,,,,,,,,,,70,944,6,Direct,Cocoon,472
Onera Fredericksburg,Daniel Cruzan,robind_09@yahoo.com,2103654718,,N/A,3.08E+12,,460 Durian Loop,,Mustang Ridge,Texas,78610,2,0,BUC(1),874,1066.72,11/2/24,11/4/24,2,Buckeye Bungalow,1066.72,1066.72,,0,,10/29/24,Website/Booking Engine,,Confirmed,United States of America,,,Unknown,,,,,,,,,,,,,,,,,,,70,944,4,Direct,Buckeye Bungalow,472
Onera Fredericksburg,Daniel Dodd,tcfs.daniel@gmail.com,9794765818,,N/A,7.85E+12,,268 that way,,Bay city,Texas,77414,2,0,SAF(1),606,724.33,11/2/24,11/3/24,1,Sage Safari,724.33,724.33,,0,,11/2/24,Website/Booking Engine,,Confirmed,United States of America,,,Unknown,,,,,,,,,,,,,,,,,,,35,641,0,Direct,Sage Safari,641
OLD Track,Bryan Aranda,Bryanaranda683@gmail.com,Bryan Aranda Bryanaranda683@gmail.com,,,9997,HM4HMX4J5Q,,,,,,,,Spyglass,2085,2463.4,11/3/24,11/8/24,5,,,,,0,,8/2/24,AIRBNB,,Checked Out,,,,,Airbnb,,,,,,,,,Rack Rate,,,0,95,283.4,0,channel,,,2180,93,Airbnb,Spyglass,436
Onera Fredericksburg,aaron MALDONADO,JESSIJANET1@GMAIL.COM,9563728860,,N/A,4.65E+12,,8642 BELLAGIO CIR,,HARLINGEN,Texas,78552,2,0,PEC(1),773,992.14,11/3/24,11/6/24,3,Pecan Haus,992.14,992.14,,0,,10/23/24,Website/Booking Engine,,Checked Out,United States of America,,,Unknown,,,,,,,,,,,,,,,,,,,105,878,11,Direct,Pecan Haus,293
Onera Fredericksburg,Hector Trevino,Zigma996@gmail.com,2108109405,,N/A,8.50E+12,,11910 Orsinger Ln,220,San Antonio,Texas,78230,2,0,SAF(1),767,945.81,11/3/24,11/5/24,2,Sage Safari,945.81,945.81,,0,,10/30/24,Website/Booking Engine,,Checked Out,United States of America,,,Unknown,,,,,,,,,,,,,,,,,,,70,837,4,Direct,Sage Safari,419
Onera Fredericksburg,Amy Pankenier,N/A,1.35E+10,,N/A,1.15E+12,HMQEEB9CJB,,,,,,1,0,BLU(1),271.4,0,11/3/24,11/4/24,1,Bluebonnet,306.68,0,,306.68,,11/3/24,Airbnb (API),,Confirmed,Unknown,,,Unknown,,,,,,,,,,,,,,,,,,,35,306,0,Airbnb,Bluebonnet,306
Onera Fredericksburg,Mathew Reilly,Reilly,,,,10687,,,,,,,,,Live Oak Lodge (Pet Friendly),744,959.38,11/4/24,11/6/24,2,Live Oak Lodge (Pet Friendly),959.38,,,0,,9/6/24,Website,,Confirmed,,,,,,,,,,,,,,,,,,,,,,,105,849,59,Direct,Live Oak Lodge,425
Onera Fredericksburg,Jeffrey Monroe,jjmonroe05@gmail.com,2102961470,,N/A,4.10E+12,,2308 Indian Creek Rd.,,Austin,Texas,78734,2,0,DOM(1),680,768.4,11/4/24,11/6/24,2,Lantana Dome,768.4,791,,0,,9/25/24,Website/Booking Engine,,Checked Out,United States of America,,,Unknown,,,,,,,,,,,,,,,,,,,70,750,40,Direct,Lantana Dome,375
Onera Fredericksburg,john patton,john@concreteondemand.com,7132083500,,N/A,1.66E+12,,302 sweet grass ln,,Austin,Texas,78738,2,0,WAL(1),744,919.82,11/4/24,11/6/24,2,Walnut House,919.82,919.82,,0,,10/13/24,Website/Booking Engine,,Checked Out,United States of America,,,Unknown,,,,,,,,,,,,,,,,,,,70,814,22,Direct,Walnut House,407
Onera Fredericksburg,Leonora Meyerhoff,leonora.meyerhoff@gmail.com,1.20E+10,,N/A,5.49E+12,,880 Pacific Street,Apartment 2154 Escape,Stamford,Connecticut,6902,2,0,JUN(1),494,637.32,11/4/24,11/6/24,2,Juniper Haus,637.32,637.32,,0,,10/21/24,Website/Booking Engine,,Checked Out,United States of America,,,Unknown,,,,,,,,,,,,,,,,,,,70,564,14,Direct,Juniper Haus,282
Onera Fredericksburg,Danielle Dailey,daniellepd@live.com,281 770 9483,,N/A,6.49E+12,,,,,,,1,0,BUC(1),0,0,11/4/24,11/6/24,2,Buckeye Bungalow,0,0,,0,,10/22/24,Influencers/ Giveaway Winners,,Checked Out,United States of America,,,Unknown,,,,,,,,,,,,,,,,,,,0,0,13,,Buckeye Bungalow,0
Onera Fredericksburg,Elizabeth Chio,gomez.smario@gmail.com,3464123673,,N/A,5.48E+12,,19214 Sandy sloth trl,,Cypress,Texas,77433,2,0,BLU(1),247,318.66,11/4/24,11/5/24,1,Bluebonnet,318.66,318.66,,0,,11/4/24,Website/Booking Engine,,Confirmed,United States of America,,,Unknown,,,,,,,,,,,,,,,,,,,35,282,0,Direct,Bluebonnet,282
OLD Track,Richard Koffinke,rkoffinke@gmail.com,Richard Koffinke rkoffinke@gmail.com,,,10067,,,,,,,,,Cedar Haus (Pet Friendly),438,681.98,11/5/24,11/7/24,2,,,,,0,,8/8/24,Website,,Checked Out,,,,,,,,,,,,,,Rack Rate,,0,0,167.27,76.71,0,channel,,,605,89,Direct,Cedar Haus,303
Onera Fredericksburg,Yuleidy Nevarez,yuleidynevarez10@gmail.com,2105714681,,N/A,4.60E+12,,2702 Spokane rd,,San Antonio,,78222,2,0,COC(1),1075,1333.4,11/5/24,11/8/24,3,Cocoon,1333.4,1333.4,,0,,10/1/24,Website/Booking Engine,,Checked Out,United States of America,,,Unknown,,,,,,,,,,,,,,,,,,,105,1180,35,Direct,Cocoon,393
Onera Fredericksburg,Desi Zamarripa Jr,desi.zamarripa@yahoo.com,9727502998,,N/A,4.92E+12,,3234 BUCKSKIN DR,,Dallas,Texas,75241,2,0,N/A,247,318.66,11/5/24,11/6/24,1,Bluebonnet,318.66,318.66,,0,,11/3/24,Website/Booking Engine,,Cancelled,United States of America,,11/4/24,Unknown,,,,,,,,,,,,,,,,,,,35,282,2,Direct,Bluebonnet,282
OLD Track,Ashley Downey,,Ashley Downey,,,10208,HM8NYPY44S,,,,,,,,Lantana Dome,724,925.47,11/6/24,11/8/24,2,,,,,-504.59,,8/15/24,AIRBNB,,Checked Out,,,,,Airbnb,,,,,,,,,Rack Rate,,,0,95,106.48,0,channel,,,819,83,Airbnb,Lantana Dome,410
Onera Fredericksburg,Patience Axmann,N/A,1.32E+10,,N/A,2.53E+12,HMCW38K5KZ,,,,,,1,0,MON(1),411,0,11/6/24,11/7/24,1,Monarch,464.43,0,,464.43,,10/29/24,Airbnb (API),,Checked Out,Unknown,,,Unknown,,,,,,,,,,,,,,,,,,,35,446,8,Airbnb,Monarch,446
Onera Fredericksburg,Hari Kotta,hkotta.855974@guest.booking.com,#ERROR!,,N/A,9.51E+12,4430096001,3002 Indian wells drive,,Harlingen,,,2,0,BLU(1),330.61,369.04,11/6/24,11/7/24,1,Bluebonnet,369.04,373.59,,0,Mastercard,11/5/24,Booking.com (Channel Collect Booking),,Checked Out,United States of America,,,Unknown,,,,,,,,,,,,,,,,,,,35,366,1,Booking.com,Bluebonnet,366
Onera Fredericksburg,Stacey Lane,staceylane617@gmail.com,5085175776,,N/A,2.87E+12,,60 Winthrop Street,3,Charlestown,Massachusetts,2129,2,0,WAL(1),372,459.91,11/6/24,11/7/24,1,Walnut House,459.91,459.91,,0,,11/5/24,Website/Booking Engine,,Checked Out,United States of America,,,Unknown,,,,,,,,,,,,,,,,,,,35,407,1,Direct,Walnut House,407
Onera Fredericksburg,Katherine McQueen,katherine@vineyardsandvoyages.com,3109629205,,N/A,9.14E+12,,,,,,,1,0,SAF(1),0,0,11/7/24,11/9/24,2,Sage Safari,0,0,,0,,10/29/24,Influencers/ Giveaway Winners,,Checked Out,United States of America,,,Unknown,,,,,,,,,,,,,,,,,,,0,0,9,,Sage Safari,0
Onera Fredericksburg,Rhonda Crocker,rhonda@summermoon.coffee,5129408932,,N/A,4.74E+12,,10304 Sausalito Dr,,Austin,Texas,78759,2,0,PEC(1),207,273.46,11/7/24,11/8/24,1,Pecan Haus,273.46,273.46,,0,,11/4/24,Website/Booking Engine,,Checked Out,United States of America,,,Unknown,,,,,,,,,,,,,,,,,,,35,242,3,Direct,Pecan Haus,242
Onera Fredericksburg,Jacob Thiessen,N/A,1.81E+10,,N/A,2.87E+12,HM3JY44YRD,,,,,,2,0,WAL(1),1495.01,0,11/7/24,11/10/24,3,Walnut House,1689.35,0,,1689.35,,11/4/24,Airbnb (API),,Checked Out,Unknown,,,Unknown,,,,,,,,,,,,,,,,,,,105,1600,3,Airbnb,Walnut House,533
Onera Fredericksburg,Selena Rose,selena.a.kowalski@gmail.com,8477144979,,N/A,2.52E+12,,56 Sundown pkwy,,AUSTIN,Texas,78746,2,0,JUN(1),345,429.4,11/7/24,11/8/24,1,Juniper Haus,429.4,429.4,,0,,11/5/24,Website/Booking Engine,,Checked Out,United States of America,,,Unknown,,,,,,,,,,,,,,,,,,,35,380,2,Direct,Juniper Haus,380
Onera Fredericksburg,Kristopher Miller,Miller,,,,10846,,,,,,,,,Live Oak Lodge (Pet Friendly),2484,2925.58,11/8/24,11/10/24,2,Live Oak Lodge (Pet Friendly),2925.58,,,0,,9/13/24,Website,,Confirmed,,,,,,,,,,,,,,,,,,,,,,,105,2589,56,Direct,Live Oak Lodge,1295
Onera Fredericksburg,Ashley McGinity,Ashley.mcginity@gmail.com,2544951853,,N/A,1.16E+12,,18811 Scenic Loop Rd,,Helotes,Texas,78023,2,1,MON(1),2484,2886.02,11/8/24,11/10/24,2,Monarch,2886.02,2886.02,,0,,10/9/24,Website/Booking Engine,,Checked Out,United States of America,,,Unknown,,,,,,,,,,,,,,,,,,,70,2554,30,Direct,Monarch,1277
Onera Fredericksburg,Mauricio Ramos,m.a.ramos13@icloud.com,8329644691,,N/A,1.36E+12,,3527 Daniel Falls,,Katy,Texas,77449,2,0,PEC(1),1128,1353.74,11/8/24,11/10/24,2,Pecan Haus,1353.74,1353.74,,0,,10/26/24,Website/Booking Engine,,Checked Out,United States of America,,,Unknown,,,,,,,,,,,,,,,,,,,70,1198,13,Direct,Pecan Haus,599
Onera Fredericksburg,Phyllis Deitz,pdeitz33@gmail.com,9795744198,,N/A,1.71E+12,,1009 Pond Rd,,Hearne,Texas,77859,2,0,JUN(1),1128,1353.74,11/8/24,11/10/24,2,Juniper Haus,1353.74,1353.74,,0,,11/2/24,Website/Booking Engine,,Checked Out,United States of America,,,Unknown,,,,,,,,,,,,,,,,,,,70,1198,6,Direct,Juniper Haus,599
Onera Fredericksburg,Kelly Dolan,dallashiddengems4@gmail.com,,828-545-5352,N/A,2.56E+12,,,,,,,1,0,SPY(1),0,0,11/8/24,11/9/24,1,Spyglass,0,0,,0,,11/5/24,Influencers/ Giveaway Winners,,Checked Out,United States of America,,,Unknown,,,,,,,,,,,,,,,,,,,35,0,3,,Spyglass,0
Onera Fredericksburg,Jon deVita,devitajon@gmail.com,4258028866,,N/A,5.14E+12,,1125 Salina Street,,Austin,Texas,78702,2,0,CED(1),790,1056.55,11/8/24,11/10/24,2,Cedar Haus,1056.55,1056.55,,0,,11/5/24,Website/Booking Engine,,Checked Out,United States of America,,,Unknown,,,,,,,,,,,,,,,,,,,70,860,3,Direct,Cedar Haus,430
Onera Fredericksburg,Michael Bell,brandonbell_84@yahoo.com,3185723991,,N/A,3.21E+12,,2410 golden pond dr,,Kingwood,Texas,77345,2,0,BUC(1),998,1206.84,11/8/24,11/10/24,2,Buckeye Bungalow,1206.84,1206.84,,0,,11/6/24,Website/Booking Engine,,Checked Out,United States of America,,,Unknown,,,,,,,,,,,,,,,,,,,70,1068,2,Direct,Buckeye Bungalow,534
Onera Fredericksburg,Lisa Catlett,lisacatlett9@gmail.com,8174556684,,N/A,2.47E+12,,2411 Park Run De,,Arlington,Texas,76016,2,0,N/A,998,775.16,11/8/24,11/10/24,2,Cocoon,1206.84,1206.84,,431.68,,11/6/24,Website/Booking Engine,,Cancelled,United States of America,,11/9/24,Unknown,,,,,,,,,,,,,,,,,,,70,1068,2,Direct,Cocoon,534
Onera Fredericksburg,Kirsten Green,LITTLE9011@GMAIL.COM,4437946169,,N/A,4.80E+12,,11518 Meadow Lake Dr,,Houston,,77077,2,0,BLU(1),1337,1589.91,11/9/24,11/11/24,2,Bluebonnet (BBLESS43),1589.91,1589.91,,0,,10/14/24,Website/Booking Engine,,Checked Out,United States of America,,,Unknown,,,,,,,,,,,,,,,,,,,70,1407,26,Direct,Bluebonnet,704
Onera Fredericksburg,Jimmy Walker,N/A,1.21E+10,,N/A,4.20E+12,HM8Y29J5SF,,,,,,2,0,SPY(1),611,0,11/9/24,11/10/24,1,Spyglass,690.43,0,,690.43,,11/4/24,Airbnb (API),,Checked Out,Unknown,,,Unknown,,,,,,,,,,,,,,,,,,,35,646,5,Airbnb,Spyglass,646
Onera Fredericksburg,Erica Alonso,N/A,1.83E+10,,N/A,8.54E+12,HM2WM5CARH,,,,,,2,0,SAF(1),979,0,11/9/24,11/11/24,2,Sage Safari,1106.27,0,,1106.27,,11/4/24,Airbnb (API),,Checked Out,Unknown,,,Unknown,,,,,,,,,,,,,,,,,,,70,1049,5,Airbnb,Sage Safari,525
Onera Fredericksburg,Kelly Dolan,dallashiddengems4@gmail.com,,828-545-5352,N/A,5.37E+12,,,,,,,1,0,DOM(1),0,0,11/9/24,11/10/24,1,Lantana Dome,0,0,,0,,11/5/24,Influencers/ Giveaway Winners,,Checked Out,United States of America,,,Unknown,,,,,,,,,,,,,,,,,,,35,0,4,,Lantana Dome,0
Onera Fredericksburg,Hannah Dann,hannah.lee.dann@gmail.com,4439077611,,N/A,9.44E+12,,11102 Augustine Herman Hwy,,Chestertown,Maryland,21620,2,0,COC(1),417.64,522.06,11/9/24,11/10/24,1,Cocoon,522.06,603.42,,0,,11/6/24,Website/Booking Engine,,Checked Out,United States of America,,,Unknown,,,,,,,,,,,,,,,,,,,35,453,3,Direct,Cocoon,453
Onera Fredericksburg,Gabrielle Porcaro,Porcaro,,,,10881,,,,,,,,,Lantana Dome,822,1036.22,11/10/24,11/12/24,2,Lantana Dome,1036.22,,,0,,9/16/24,Website,,Confirmed,,,,,,,,,,,,,,,,,,,,,,,95,917,55,Direct,Lantana Dome,459
Onera Fredericksburg,Aidan Lister,N/A,6.14E+10,,N/A,2.39E+12,HMD4SZKNJH,,,,,,2,0,SPY(1),1462.22,0,11/10/24,11/13/24,3,Spyglass,1770.95,0,,1770.95,,10/3/24,Airbnb (API),,Checked Out,Unknown,,,Unknown,,,,,,,,,,,,,,,,,,,105,1567,38,Airbnb,Spyglass,522
Onera Fredericksburg,Nathaniel Smith,Nsmith15@live.com,5166934523,,N/A,5.32E+12,,3919 Perrin central blvd,702,San Antonio,Texas,78217,2,0,PEC(1),619,778.57,11/10/24,11/12/24,2,Pecan Haus,778.57,778.57,,0,,10/23/24,Website/Booking Engine,,Checked Out,United States of America,,,Unknown,,,,,,,,,,,,,,,,,,,70,689,18,Direct,Pecan Haus,345
Onera Fredericksburg,Sasha Guslyayev,N/A,1.56E+10,,N/A,7.17E+12,HMQZ2A8SJ3,,,,,,2,0,JUN(1),240.1,0,11/10/24,11/11/24,1,Juniper Haus,271.32,0,,271.32,,11/3/24,Airbnb (API),,Checked Out,Unknown,,,Unknown,,,,,,,,,,,,,,,,,,,35,275,7,Airbnb,Juniper Haus,275
Onera Fredericksburg,Libby Ginsberg,N/A,1.51E+10,,N/A,4.63E+12,HMK3W3RYY2,,,,,,2,0,MON(1),727,0,11/10/24,11/12/24,2,Monarch,821.51,0,,821.51,,11/4/24,Airbnb (API),,Checked Out,Unknown,,,Unknown,,,,,,,,,,,,,,,,,,,70,797,6,Airbnb,Monarch,399
Onera Fredericksburg,Jatziry Morales,Jatzym1@gmail.com,4307759620,,N/A,6.07E+12,,1557 Stanchion Way,,Weatherford,Texas,76087,2,0,COC(1),195,259.9,11/10/24,11/11/24,1,Cocoon,259.9,259.9,,0,,11/8/24,Website/Booking Engine,,Checked Out,United States of America,,,Unknown,,,,,,,,,,,,,,,,,,,35,230,2,Direct,Cocoon,230
Onera Fredericksburg,Brian Thrash,b.thhrash@gmail.com,2819797359,,N/A,3.50E+12,,1581 Wallin Bradley Dr.,Unit 1212,Round Rock,Texas,78665,2,0,OAK(1),298,376.29,11/10/24,11/11/24,1,Live Oak Lodge,376.29,376.29,,0,,11/8/24,Website/Booking Engine,,Checked Out,United States of America,,,Unknown,,,,,,,,,,,,,,,,,,,35,333,2,Direct,Live Oak Lodge,333
Onera Fredericksburg,LaTasya Causey,latasyac4@msn.com,253-345-9597,,N/A,5.47E+12,,119 AVERBECK CT,,Madison,Alabama,35758,2,0,BUC(1),284,360.47,11/10/24,11/11/24,1,Buckeye Bungalow,360.47,360.47,,0,,11/9/24,Website/Booking Engine,,Checked Out,United States of America,,,Unknown,,,,,,,,,,,,,,,,,,,35,319,1,Direct,Buckeye Bungalow,319
Onera Fredericksburg,Tim Jarma,timjarma@yahoo.com,5128442884,,N/A,1.34E+12,,1909 Brentwood Dr,,Leander,Texas,78641,2,0,WAL(1),327,409.06,11/10/24,11/11/24,1,Walnut House,409.06,409.06,,0,,11/10/24,Website/Booking Engine,,Checked Out,United States of America,,,Unknown,,,,,,,,,,,,,,,,,,,35,362,0,Direct,Walnut House,362
OLD Track,Lariza Garza,,Lariza Garza,,,9659,HMK3DM35JD,,,,,,,,Live Oak Lodge (Pet Friendly),507,691.56,6/29/24,6/30/24,1,,,,,0,,6/29/24,AIRBNB,,Checked Out,,,,,Airbnb,,,,,,,,,Rack Rate,,,0,105,79.56,0,channel,,,612,0,Airbnb,Live Oak Lodge,612
OLD Track,Will Duff,willduff@me.com,Will Duff willduff@me.com,,,10350,,,,,,,,,Juniper Haus,1475.76,1774.97,11/11/24,11/16/24,5,,,,,0,,8/20/24,Guest,,Checked Out,,,,,,,,,,,,,,Airbnb,Onera Auto-approved Discount (5% OFF - FriSat),0,0,95,204.21,0,online,,,1571,83,Direct,Juniper Haus,314
Onera Fredericksburg,Md Satil,Mdsatilislam@gmail.com,#ERROR!,,N/A,4.81E+12,,1401 Satellite View,Apt - 6202,Round Rock,Texas,78665,2,0,BUC(1),630,768.4,11/11/24,11/13/24,2,Buckeye Bungalow,791,768.4,,22.6,,9/23/24,Website/Booking Engine,,Checked Out,United States of America,,,Unknown,,,,,,,,,,,,,,,,,,,70,700,49,Direct,Buckeye Bungalow,350
Onera Fredericksburg,Sudheer Konduru,Sudheerkonduru2@gmail.com,6096085279,,N/A,3.99E+12,,2410 Yacht Harbor Dr,,,Texas,77565,4,0,OAK(1),744,897.22,11/11/24,11/13/24,2,Live Oak Lodge,919.82,897.22,,22.6,,9/25/24,Website/Booking Engine,,Checked Out,United States of America,,,Unknown,,,,,,,,,,,,,,,,,,,70,814,47,Direct,Live Oak Lodge,407
Onera Fredericksburg,Brennan Buitron,brennanbuitron@yahoo.com,3158576361,,N/A,8.19E+12,,26210 Dakota Chief,,San Antonio,Texas,78261-2137,2,0,WAL(1),744,919.82,11/11/24,11/13/24,2,Walnut House,919.82,919.82,,0,,10/5/24,Website/Booking Engine,,Checked Out,United States of America,,,Unknown,,,,,,,,,,,,,,,,,,,70,814,37,Direct,Walnut House,407
Onera Fredericksburg,Adriana Kucia,adriana@travelwithherstyle.com,2102043460,2102043460,N/A,6.54E+12,,PO BOX 1171 TX Georgetown 78627,,,,,1,0,SAF(1),0,0,11/11/24,11/13/24,2,Sage Safari,0,0,,0,,10/17/24,Influencers/ Giveaway Winners,,Checked Out,United States of America,,,Unknown,,,,,,,,,,,,,,,,,,,0,0,25,,Sage Safari,0
Onera Fredericksburg,Gene Grant III,qnifmxf13b@m.expediapartnercentral.com,5204446168,,N/A,6.50E+12,357162084,,,,,,2,0,N/A,246.09,0,11/11/24,11/12/24,1,Bluebonnet,278.09,278.09,,278.09,,11/10/24,Expedia (Channel Collect Booking),,Cancelled,Unknown,,11/10/24,Unknown,Hotels.com,,,,,,,,,,,,,,,,,,35,281,1,Expedia,Bluebonnet,281
OLD Track,Jasmin Mickens,,Jasmin Mickens,,,9660,HME93TRNJE,,,,,,,,Lantana Dome,292,437.31,7/4/24,7/5/24,1,,,,,0,,6/29/24,AIRBNB,,Checked Out,,,,,Airbnb,,,,,,,,,Rack Rate,,,0,95,50.31,0,channel,,,387,5,Airbnb,Lantana Dome,387
Onera Fredericksburg,Christopher Chapa,christopherchapa92@gmail.com,2103887961,,N/A,7.25E+12,,12015 Sampson Creek,,San Antonio,Texas,78245,2,0,DOM(1),630,791,11/12/24,11/14/24,2,Lantana Dome,791,791,,0,,10/17/24,Website/Booking Engine,,Checked Out,United States of America,,,Unknown,,,,,,,,,,,,,,,,,,,70,700,26,Direct,Lantana Dome,350
Onera Fredericksburg,Tristan Ngo,mr.ttungngo@yahoo.com,2629998899,,N/A,3.81E+12,,14839 Vance Jackson Rd,321,San Antonio,Texas,78249,2,0,PEC(1),247,318.66,11/12/24,11/13/24,1,Pecan Haus,318.66,318.66,,0,,10/28/24,Website/Booking Engine,,Checked Out,United States of America,,,Unknown,,,,,,,,,,,,,,,,,,,35,282,15,Direct,Pecan Haus,282
Onera Fredericksburg,Mary Greenwood,mcgreenw@gmail.com,214 537 1705,,N/A,3.03E+12,,1634 Chippeway,,Austin,,78745,2,0,BLU(1),247,318.66,11/12/24,11/13/24,1,Bluebonnet,318.66,318.66,,0,,11/6/24,Website/Booking Engine,,Checked Out,United States of America,,,Unknown,,,,,,,,,,,,,,,,,,,35,282,6,Direct,Bluebonnet,282
Onera Fredericksburg,Russell Borgman,Russell.l.borgman@gmail.com,7133827924,,N/A,3.20E+12,,58 cottondale rd,,The hills,Texas,78738,2,0,CED(1),247,318.66,11/12/24,11/13/24,1,Cedar Haus,318.66,318.66,,0,,11/7/24,Website/Booking Engine,,Checked Out,United States of America,,,Unknown,,,,,,,,,,,,,,,,,,,35,282,5,Direct,Cedar Haus,282
Onera Fredericksburg,Karlee Scheel,karleescheel15@gmail.com,830-560-6093,,N/A,5.87E+12,,,,,,,2,0,N/A,0,0,11/13/24,11/14/24,1,Spyglass,0,0,,0,,11/4/24,Influencers/ Giveaway Winners,,Cancelled,United States of America,,11/5/24,Unknown,,,,,,,,,,,,,,,,,,,35,0,9,,Spyglass,0
Onera Fredericksburg,B Styblinski,b.styblinski@gmail.com,9792507909,,N/A,7.32E+12,,2012 Langford,,College Station,Texas,77840,2,0,BLU(1),247,318.66,11/13/24,11/14/24,1,Bluebonnet,318.66,318.66,,0,,11/8/24,Website/Booking Engine,,Checked Out,United States of America,,,Unknown,,,,,,,,,,,,,,,,,,,35,282,5,Direct,Bluebonnet,282
Onera Fredericksburg,Rachel Epperly,btincident@gmail.com,5122341973,,N/A,4.67E+12,,6913 Poncha Pass,,AUSTIN,,78749,2,0,OAK(1),628,788.74,11/13/24,11/15/24,2,Live Oak Lodge,788.74,788.74,,0,,11/8/24,Website/Booking Engine,,Checked Out,United States of America,,,Unknown,,,,,,,,,,,,,,,,,,,70,698,5,Direct,Live Oak Lodge,349
Onera Fredericksburg,Elisabeth Villa,elisabeth.cvilla@gmail.com,979-313-8335,,N/A,1.76E+12,,,,,,,1,0,MON(1),0,0,11/14/24,11/15/24,1,Monarch,0,0,,0,,10/1/24,Influencers/ Giveaway Winners,,Checked Out,United States of America,,,Unknown,,,,,,,,,,,,,,,,,,,0,0,44,,Monarch,0
Onera Fredericksburg,Ashley Danielson,Ashleyadanielson@yahoo.com,9364948550,,N/A,9.92E+12,,12711 Kingsride Ln,,Houston,Texas,77024,2,0,COC(1),1500,1813.65,11/14/24,11/17/24,3,Cocoon,1813.65,1813.65,,0,,10/8/24,Website/Booking Engine,,Checked Out,United States of America,,,Unknown,,,,,,,,,,,,,,,,,,,105,1605,37,Direct,Cocoon,535
Onera Fredericksburg,Cammie Garcia,N/A,1.21E+10,,N/A,9.41E+12,HMWHYX9N49,,,,,,2,0,BUC(1),1168,0,11/14/24,11/16/24,2,Buckeye Bungalow,1319.84,0,,1319.84,,11/11/24,Airbnb (API),,Checked Out,Unknown,,,Unknown,,,,,,,,,,,,,,,,,,,70,1238,3,Airbnb,Buckeye Bungalow,619
Onera Fredericksburg,Anna Buchanan,Amcbuchanan@gmail.com,8173003439,,N/A,9.83E+12,,6529 Trinity Heights Blvd,,,Texas,76132,2,0,WAL(1),1434,1699.52,11/14/24,11/16/24,2,Walnut House,1699.52,1699.52,,0,,11/12/24,Website/Booking Engine,,Checked Out,United States of America,,,Unknown,,,,,,,,,,,,,,,,,,,70,1504,2,Direct,Walnut House,752
Onera Fredericksburg,Adriana Oxford,Oxford.adriana@gmail.com,4097909192,,N/A,1.97E+12,,4810 Calder Ave,,Beaumont,Texas,77706,2,0,SPY(1),434,275.97,11/14/24,11/15/24,1,Spyglass,529.97,529.97,,254,,11/13/24,Website/Booking Engine,,Checked Out,United States of America,,,Unknown,,,,,,,,,,,,,,,,,,,35,469,1,Direct,Spyglass,469
Onera Fredericksburg,Ethan Hawkins,Bejatodd@yahoo.com,5125570426,,N/A,7.51E+12,,12001 Callie Christina Ct,,Salado,Texas,76571,2,0,CED(1),537,770.66,11/14/24,11/16/24,2,Cedar Haus,770.66,770.66,,0,,11/13/24,Website/Booking Engine,,Checked Out,United States of America,,,Unknown,,,,,,,,,,,,,,,,,,,70,607,1,Direct,Cedar Haus,304
OLD Track,Amanda Thornton,amandat11583@yahoo.com,Amanda Thornton amandat11583@yahoo.com,,,10126,,,,,,,,,Spyglass,2198,2990.91,11/15/24,11/17/24,2,,,,,0,,8/10/24,Website,,Checked Out,,,,,,,,,,,,,,Rack Rate,,0,0,457.67,335.24,0,channel,,,2656,97,Direct,Spyglass,1328
Onera Fredericksburg,Savannah Glasscock,savannahann2021@gmail.com,3255740882,,N/A,6.15E+12,,4505 Fredonia Ave,,Snyder,,79549,3,0,MON(1),2484,2863.42,11/15/24,11/17/24,2,Monarch,2886.02,2863.42,,22.6,,9/26/24,Website/Booking Engine,,Checked Out,United States of America,,,Unknown,,,,,,,,,,,,,,,,,,,70,2554,50,Direct,Monarch,1277
Onera Fredericksburg,Erica Davenport,ericadavenport18@gmail.com,3257189790,,N/A,1.54E+12,,360 Private Rd 2883,,Ballinger,Texas,76821,2,0,SAF(1),2856,3306.38,11/15/24,11/17/24,2,Sage Safari,3306.38,3306.38,,0,,10/29/24,Website/Booking Engine,,Checked Out,United States of America,,,Unknown,,,,,,,,,,,,,,,,,,,70,2926,17,Direct,Sage Safari,1463
Onera Fredericksburg,Brant Smith,Brant.smith@berkadia.com,7135940358,,N/A,8.68E+12,,801 Meriden Lane,,Austin,,78703,2,0,BLU(1),1758,2065.64,11/15/24,11/17/24,2,Bluebonnet,2065.64,2065.64,,0,,10/31/24,Website/Booking Engine,,Checked Out,United States of America,,,Unknown,,,,,,,,,,,,,,,,,,,70,1828,15,Direct,Bluebonnet,914
Onera Fredericksburg,Liliana Avalos,N/A,1.83E+10,,N/A,2.97E+12,HMFZT9YTAS,,,,,,3,0,OAK(1),2606,0,11/15/24,11/17/24,2,Live Oak Lodge,2944.78,0,,2944.78,,11/4/24,Airbnb (API),,Checked Out,Unknown,,,Unknown,,,,,,,,,,,,,,,,,,,70,2676,11,Airbnb,Live Oak Lodge,1338
Onera Fredericksburg,Michael Owens,N/A,1.92E+10,,N/A,4.31E+12,HMEZZBBSZH,,,,,,2,0,DOM(1),1639,0,11/15/24,11/17/24,2,Lantana Dome,1852.07,0,,1852.07,,11/9/24,Airbnb (API),,Checked Out,Unknown,,,Unknown,,,,,,,,,,,,,,,,,,,70,1709,6,Airbnb,Lantana Dome,855
Onera Fredericksburg,steven overbey,overbey2021@gmail.com,2016632212,,N/A,4.14E+12,,929 bluewood bend,,leander,,78421,2,0,PEC(1),277,352.56,11/15/24,11/16/24,1,Pecan Haus,352.56,352.56,,0,,11/14/24,Website/Booking Engine,,Checked Out,United States of America,,,Unknown,,,,,,,,,,,,,,,,,,,35,312,1,Direct,Pecan Haus,312
Onera Fredericksburg,William Bartek,shuyakbill@gmail.com,5128269697,,N/A,2.92E+12,,12301 Sundara Dr,,Austin,Texas,78739,2,0,CED(1),655,819.25,11/16/24,11/18/24,2,Cedar Haus,819.25,819.25,,0,,11/10/24,Website/Booking Engine,,Checked Out,United States of America,,,Unknown,,,,,,,,,,,,,,,,,,,70,725,6,Direct,Cedar Haus,363
Onera Fredericksburg,Juan Pitty,juandavidpitty@gmail.com,2022865887,,N/A,6.75E+12,,2201 Market St,STE 903,Galveston,,77550,2,0,JUN(1),655,819.25,11/16/24,11/18/24,2,Juniper Haus,819.25,819.25,,0,,11/12/24,Website/Booking Engine,,Checked Out,United States of America,,,Unknown,,,,,,,,,,,,,,,,,,,70,725,4,Direct,Juniper Haus,363
Onera Fredericksburg,Thomas Conroy,thomas.conroyjr@gmail.com,5125079878,,N/A,3.94E+12,,15106 Dorothy Drive,,Austin,Texas,78734,2,0,BUC(1),636,758.23,11/16/24,11/17/24,1,Buckeye Bungalow,758.23,758.23,,0,,11/14/24,Website/Booking Engine,,Checked Out,United States of America,,,Unknown,,,,,,,,,,,,,,,,,,,35,671,2,Direct,Buckeye Bungalow,671
Onera Fredericksburg,Aisha Solano,N/A,1.96E+10,,N/A,6.43E+12,HMTTNBTKEA,,,,,,2,0,WAL(1),1097,0,11/16/24,11/18/24,2,Walnut House,1239.61,0,,1239.61,,11/14/24,Airbnb (API),,Checked Out,Unknown,,,Unknown,,,,,,,,,,,,,,,,,,,70,1167,2,Airbnb,Walnut House,584
Onera Fredericksburg,Alexis Temple,alexistemple2014@gmail.com,325-998-5481,,N/A,3.66E+12,,127 Allen Dr,,Early,,76802,2,0,"DOM(1), PEC(1)",582,736.76,11/16/24,11/18/24,2,"Lantana Dome, Pecan Haus",736.76,736.76,,0,,11/15/24,Website/Booking Engine,,Checked Out,United States of America,,,Unknown,,,,,,,,,,,,,,,,,,,70,652,1,Direct,"Lantana Dome, Pecan Haus",326
Onera Fredericksburg,Louisa Pierce,louisa@pierceandward.com,#ERROR!,,N/A,6.48E+12,,2960 Glenmanor Pl,,Los Angeles,California,90039,1,0,SPY(1),1476,1786.53,11/17/24,11/20/24,3,Spyglass,1786.53,1786.53,,0,,10/11/24,Website/Booking Engine,,Checked Out,United States of America,,,Unknown,,,,,,,,,,,,,,,,,,,105,1581,37,Direct,Spyglass,527
Onera Fredericksburg,Carmen Jean,sadie@pierceandward.com,3108902611,,N/A,4.60E+12,,2960 Glenmanor Pl,,Los Angeles,California,,2,0,MON(1),1326,1617.03,11/17/24,11/20/24,3,Monarch,1617.03,1617.03,,0,,10/21/24,Website/Booking Engine,,Checked Out,United States of America,,,Unknown,,,,,,,,,,,,,,,,,,,105,1431,27,Direct,Monarch,477
Onera Fredericksburg,Ben Jones,benjones985@gmail.com,(512) 913-7892,,N/A,4.97E+12,,2941 Sussex Gardens Lane,,78748,Texas,78748,2,0,OAK(1),423,517.54,11/17/24,11/18/24,1,Live Oak Lodge,517.54,517.54,,0,,11/8/24,Website/Booking Engine,,Checked Out,United States of America,,,Unknown,,,,,,,,,,,,,,,,,,,35,458,9,Direct,Live Oak Lodge,458
Onera Fredericksburg,Silvestre Marin,marin.silvestre23@gmail.com,9565367002,,N/A,9.50E+12,,240 park place blvd,6104,Waxahachie,Texas,75165,2,0,SAF(1),757,934.51,11/17/24,11/19/24,2,Sage Safari,934.51,934.51,,0,,11/12/24,Website/Booking Engine,,Checked Out,United States of America,,,Unknown,,,,,,,,,,,,,,,,,,,70,827,5,Direct,Sage Safari,414
Onera Fredericksburg,angelica Cron angelica Cron,angelica_cron@yahoo.com,8324956193,,N/A,8.83E+12,,601 enterprise ave,,league city,,77573,2,0,OAK(1),1284,1507.42,11/18/24,11/21/24,3,Live Oak Lodge,1569.57,1569.57,,62.15,,9/25/24,Website/Booking Engine,,Checked Out,United States of America,,,Unknown,,,,,,,,,,,,,,,,,,,105,1389,54,Direct,Live Oak Lodge,463
Onera Fredericksburg,NaTasha Thomas,Thomas_d_natasha@yahoo.com,210-269-9482,,N/A,2.66E+12,,11723 PADDLEBROOK,,San Antonio,Texas,,2,0,JUN(1),540,689.3,11/19/24,11/21/24,2,Juniper Haus,689.3,689.3,,0,,10/16/24,Website/Booking Engine,,Checked Out,United States of America,,,Unknown,,,,,,,,,,,,,,,,,,,70,610,34,Direct,Juniper Haus,305
Onera Fredericksburg,Lacey Daugherty,laceyj_2@yahoo.com,5126264722,,N/A,9.26E+12,,"195 Patience Cove, Austin TX",,Austin,Texas,78737,2,0,WAL(1),856,1046.38,11/19/24,11/21/24,2,Walnut House,1046.38,1046.38,,0,,11/12/24,Website/Booking Engine,,Checked Out,United States of America,,,Unknown,,,,,,,,,,,,,,,,,,,70,926,7,Direct,Walnut House,463
Onera Fredericksburg,Taha Kazi,tahakazi1@gmail.com,8326809849,,N/A,9.95E+12,,15414 Marlowe Grove Dr,,Sugar Land,Texas,77498,2,0,DOM(1),335,418.1,11/19/24,11/20/24,1,Lantana Dome,418.1,418.1,,0,,11/16/24,Website/Booking Engine,,Checked Out,United States of America,,,Unknown,,,,,,,,,,,,,,,,,,,35,370,3,Direct,Lantana Dome,370
Onera Fredericksburg,Mateus Ribeiro,mateus.ribeiro@gmail.com,7374443252,,N/A,7.56E+12,,10113 Loxley Ln,,Austin,Texas,78717,2,0,SAF(1),969,1162.77,11/20/24,11/22/24,2,Sage Safari,1174.07,1162.77,,11.3,,9/28/24,Website/Booking Engine,,Checked Out,United States of America,,,Unknown,,,,,,,,,,,,,,,,,,,70,1039,53,Direct,Sage Safari,520
Onera Fredericksburg,Tyler Grady,grady.tyler@gmail.com,3032508169,,N/A,9.54E+12,,2630 Xavier St.,,Denver,Colorado,80212,1,0,BLU(1),270,344.65,11/20/24,11/21/24,1,Bluebonnet,344.65,344.65,,0,,11/8/24,Website/Booking Engine,,Checked Out,United States of America,,,Unknown,,,,,,,,,,,,,,,,,,,35,305,12,Direct,Bluebonnet,305
Onera Fredericksburg,Joanne Salaz,JSalaz@cs.com,6199138050,,N/A,4.49E+12,,527 CURVATURA,,New Braunfels,Texas,78132-2961,2,0,MON(1),406.6,499.01,11/20/24,11/21/24,1,Monarch (5%OFFMONARCH),499.01,499.01,,0,,11/8/24,Website/Booking Engine,,Checked Out,United States of America,,,Unknown,,,,,,,,,,,,,,,,,,,35,442,12,Direct,Monarch,442
Onera Fredericksburg,Garrett Leger,Ggleger@outlook.com,5124969128,,N/A,9.59E+12,,1329 Solitaire,,Round Rock,Texas,78665,2,0,DOM(1),417,550.31,11/20/24,11/22/24,2,Lantana Dome,550.31,550.31,,0,,11/18/24,Website/Booking Engine,,Checked Out,United States of America,,,Unknown,,,,,,,,,,,,,,,,,,,70,487,2,Direct,Lantana Dome,244
Onera Fredericksburg,Paul Celis,pcelis08@gmail.com,8324579245,,N/A,3.36E+12,,822 Mcdaniel Dr,,Magnolia,Texas,77354,2,0,BUC(1),1691,2029.48,11/21/24,11/24/24,3,Buckeye Bungalow,2029.48,2029.48,,0,,10/21/24,Website/Booking Engine,,Checked Out,United States of America,,,Unknown,,,,,,,,,,,,,,,,,,,105,1796,31,Direct,Buckeye Bungalow,599
Onera Fredericksburg,Shannon Hammond,s.hammond316@gmail.com,7163168105,,N/A,8.89E+12,,8300 Bluff Springs Road,Apartment 1015,Austin,Texas,78743,2,0,SPY(1),1387,1646.41,11/21/24,11/23/24,2,Spyglass,1646.41,1646.41,,0,,11/1/24,Website/Booking Engine,,Checked Out,United States of America,,,Unknown,,,,,,,,,,,,,,,,,,,70,1457,20,Direct,Spyglass,729
Onera Fredericksburg,MaryKate Kopsky,mkopsky14@gmail.com,3146810220,,N/A,8.51E+12,,11119 Alterra Pkwy,Apt 2395,Austin,Texas,78758,2,0,BLU(1),222.3,290.75,11/21/24,11/22/24,1,Bluebonnet (5%OFFBB),290.75,290.75,,0,,11/19/24,Website/Booking Engine,,Checked Out,United States of America,,,Unknown,,,,,,,,,,,,,,,,,,,35,257,2,Direct,Bluebonnet,257
Onera Fredericksburg,Marsha Stone,Marsha.stone@ymail.com,512-779-9923,,N/A,3.62E+12,,1911 Plantation Cove,,Round Rock,Texas,,2,0,COC(1),785,966.15,11/21/24,11/23/24,2,Cocoon,966.15,966.15,,0,,11/19/24,Website/Booking Engine,,Checked Out,United States of America,,,Unknown,,,,,,,,,,,,,,,,,,,70,855,2,Direct,Cocoon,428
Onera Fredericksburg,Austin Hafner,ahafner3235@gmail.com,4327700051,,N/A,6.93E+12,,5306 Quicksand Cove,,Midland,Texas,79707,2,0,PEC(1),698,867.84,11/22/24,11/24/24,2,Pecan Haus,867.84,867.84,,0,,9/19/24,Website/Booking Engine,,Checked Out,United States of America,,,Unknown,,,,,,,,,,,,,,,,,,,70,768,64,Direct,Pecan Haus,384
Onera Fredericksburg,Amanda Matheaus,Mandi1833@hotmail.com,8303911896,,N/A,7.05E+12,,172 plainview dr,,,,78147,2,0,N/A,698,25.47,11/22/24,11/24/24,2,Pecan Haus,867.84,867.84,,842.37,,10/7/24,Website/Booking Engine,,Cancelled,United States of America,,10/8/24,Unknown,,,,,,,,,,,,,,,,,,,70,768,46,Direct,Pecan Haus,384
Onera Fredericksburg,Amanda Matheaus,Mandi1833@hotmail.com,8303911896,,N/A,2.81E+12,,172 plainview dr,,,Texas,78147,2,0,JUN(1),698,867.84,11/22/24,11/24/24,2,Juniper Haus,867.84,867.84,,0,,10/7/24,Website/Booking Engine,,Checked Out,United States of America,,,Unknown,,,,,,,,,,,,,,,,,,,70,768,46,Direct,Juniper Haus,384
Onera Fredericksburg,Leslie Perkins,leslieperkins00@gmail.com,5857466664,,N/A,7.86E+12,,1208 Kinney Ave,,Austin,Texas,78704,2,0,BLU(1),1298,1545.84,11/22/24,11/24/24,2,Bluebonnet,1545.84,1545.84,,0,,10/11/24,Website/Booking Engine,,Checked Out,United States of America,,,Unknown,,,,,,,,,,,,,,,,,,,70,1368,42,Direct,Bluebonnet,684
Onera Fredericksburg,Will Staney,N/A,1.51E+10,,N/A,9.07E+12,HMZZKEEWMY,,,,,,2,0,CED(1),776.31,0,11/22/24,11/24/24,2,Cedar Haus,972.23,0,,972.23,,10/12/24,Airbnb (API),,Checked Out,Unknown,,,Unknown,,,,,,,,,,,,,,,,,,,70,846,41,Airbnb,Cedar Haus,423
Onera Fredericksburg,Walter Ballenger,walter.ballenger@gmail.com,8433249204,,N/A,3.61E+12,,10425 Hess Drive,,Austin,Texas,78748,2,0,DOM(1),1240,1480.3,11/22/24,11/24/24,2,Lantana Dome,1480.3,1480.3,,0,,10/17/24,Website/Booking Engine,,Checked Out,United States of America,,,Unknown,,,,,,,,,,,,,,,,,,,70,1310,36,Direct,Lantana Dome,655
Onera Fredericksburg,Dylan Genasci Smith,dylangsmith@gmail.com,2076913181,,N/A,8.70E+12,,,,,,,2,0,SAF(1),846,995.53,11/22/24,11/23/24,1,Sage Safari,995.53,995.53,,0,,10/30/24,Website/Booking Engine,,Checked Out,United States of America,,,Unknown,,,,,,,,,,,,,,,,,,,35,881,23,Direct,Sage Safari,881
OLD Track,Crystal Lozano,clozano1320@gmail.com,Crystal Lozano clozano1320@gmail.com,,,10266,,,,,,,,,Live Oak Lodge (Pet Friendly),1387,1685.97,11/23/24,11/25/24,2,,,,,0,,8/16/24,Website,,Checked Out,,,,,,,,,,,,,,Rack Rate,,0,0,105,193.97,0,channel,,,1492,99,Direct,Live Oak Lodge,746
Onera Fredericksburg,Adam Van Court,adamvancourt@gmail.com,8326226644,,N/A,8.17E+12,,3406 Dry Creek Drive,Dry Creek Drive,Missouri City,Texas,77459,2,0,COC(1),1071,1266.73,11/23/24,11/25/24,2,Cocoon,1289.33,1266.73,,22.6,,9/22/24,Website/Booking Engine,,Checked Out,United States of America,,,Unknown,,,,,,,,,,,,,,,,,,,70,1141,62,Direct,Cocoon,571
Onera Fredericksburg,Edward Piccirillo,mcp0309@gmail.com,(956) 534-1447,,N/A,8.25E+12,,5704 Mile 7 Rd,,Mission,Texas,78573,2,0,MON(1),1387,1646.41,11/23/24,11/25/24,2,Monarch,1646.41,1646.41,,0,,10/3/24,Website/Booking Engine,,Checked Out,United States of America,,,Unknown,,,,,,,,,,,,,,,,,,,70,1457,51,Direct,Monarch,729
Onera Fredericksburg,Martin Ramirez,martinmaquat@gmail.com,956-340-6178,,N/A,6.84E+12,,1413 E. Keeton Ave,7,McAllen,Texas,78503,2,0,SPY(1),1387,1646.41,11/23/24,11/25/24,2,Spyglass,1646.41,1646.41,,0,,10/3/24,Website/Booking Engine,,Checked Out,United States of America,,,Unknown,,,,,,,,,,,,,,,,,,,70,1457,51,Direct,Spyglass,729
Onera Fredericksburg,Dexter Detiveaux,ddetiveaux@msn.com,9856657315,,N/A,5.30E+12,,735 Bayou Dularge Road,,Houma,Louisiana,70363,2,0,SAF(1),2425,2777.2,11/23/24,11/27/24,4,Sage Safari,2898.45,2898.45,,121.25,,10/6/24,Website/Booking Engine,,In-House,United States of America,,,Unknown,,,,,,,,,,,,,,,,,,,140,2565,48,Direct,Sage Safari,641
Onera Fredericksburg,Paula Baumvol Berger,paulinha.berger@gmail.com,5125211920,,N/A,7.13E+12,,3332 Columbus Way,,Round Rock,Texas,78665,2,0,WAL(1),1906,2272.43,11/23/24,11/26/24,3,Walnut House,2272.43,2272.43,,0,,10/15/24,Website/Booking Engine,,Checked Out,United States of America,,,Unknown,,,,,,,,,,,,,,,,,,,105,2011,39,Direct,Walnut House,670
Onera Fredericksburg,Petrella Booker,Bookerpetrella@gmail.com,2148039081,,N/A,5.14E+12,,8650 Southwestern Blvd,Apt 3917,Dallas,Texas,75206,2,0,BLU(1),1257,1539.06,11/24/24,11/27/24,3,Bluebonnet,1539.06,1539.06,,0,,10/11/24,Website/Booking Engine,,In-House,United States of America,,,Unknown,,,,,,,,,,,,,,,,,,,105,1362,44,Direct,Bluebonnet,454
Onera Fredericksburg,Camaura Evans,Camauraevans@gmail.com,4692455770,,N/A,5.82E+12,,1523 Teton Dr.,,Forney,Texas,75126,2,0,BUC(1),902,1098.36,11/24/24,11/26/24,2,Buckeye Bungalow,1098.36,1098.36,,0,,10/31/24,Website/Booking Engine,,Checked Out,United States of America,,,Unknown,,,,,,,,,,,,,,,,,,,70,972,24,Direct,Buckeye Bungalow,486
Onera Fredericksburg,Stephani Connell,sllpub@gmail.com,8324133848,,N/A,5.44E+12,,14611 Azalea Walk Lane,,Houston,Texas,77044,2,0,CED(1),631,792.13,11/24/24,11/26/24,2,Cedar Haus,792.13,792.13,,0,,11/8/24,Website/Booking Engine,,Checked Out,United States of America,,,Unknown,,,,,,,,,,,,,,,,,,,70,701,16,Direct,Cedar Haus,351
Onera Fredericksburg,Adriel Garza,elgordopaz2001@yahoo.com,9563535170,,N/A,2.14E+12,,822 Hummingbird St,,Roma,,78584,2,0,JUN(1),631,792.13,11/24/24,11/26/24,2,Juniper Haus,792.13,792.13,,0,,11/8/24,Website/Booking Engine,,Checked Out,United States of America,,,Unknown,,,,,,,,,,,,,,,,,,,70,701,16,Direct,Juniper Haus,351
Onera Fredericksburg,Priscilla Rodriguez,Priscillarodriguez0518@gmail.com,9564896213,,N/A,3.76E+12,,119 Sima Drive,,Laredo,Texas,78045,2,0,PEC(1),631,792.13,11/24/24,11/26/24,2,Pecan Haus,792.13,792.13,,0,,11/12/24,Website/Booking Engine,,Checked Out,United States of America,,,Unknown,,,,,,,,,,,,,,,,,,,70,701,12,Direct,Pecan Haus,351
Onera Fredericksburg,Adam Klein,Asklein@gmail.com,9257085596,,N/A,2.00E+12,,12407 Simmental dr,,Austin,Texas,78732,2,0,DOM(1),405,497.2,11/24/24,11/25/24,1,Lantana Dome,497.2,497.2,,0,,11/17/24,Website/Booking Engine,,Checked Out,United States of America,,,Unknown,,,,,,,,,,,,,,,,,,,35,440,7,Direct,Lantana Dome,440
Onera Fredericksburg,Sophia Maria Hartfield,Sophiaduplon93@yahoo.com,9079876920,,N/A,3.24E+12,,4706 Joshua Point,,San Antonio,Texas,78251,2,0,DOM(1),902,1098.36,11/25/24,11/27/24,2,Lantana Dome,1098.36,1098.36,,0,,10/6/24,Website/Booking Engine,,In-House,United States of America,,,Unknown,,,,,,,,,,,,,,,,,,,70,972,50,Direct,Lantana Dome,486
Onera Fredericksburg,Tasneem Abbas,taz.abbas@gmail.com,5125764136,,N/A,8.67E+12,,2822 Stonecreek Pl,,Round Rock,Texas,78681,2,0,SPY(1),1038,1252.04,11/25/24,11/27/24,2,Spyglass,1252.04,1252.04,,0,,10/12/24,Website/Booking Engine,,In-House,United States of America,,,Unknown,,,,,,,,,,,,,,,,,,,70,1108,44,Direct,Spyglass,554
Onera Fredericksburg,Bobby Lester,lester18@mac.com,2146978573,,N/A,2.93E+12,,3840 Iron Ore Dr.,,Denison,Texas,75020,2,0,COC(1),902,1098.36,11/25/24,11/27/24,2,Cocoon,1098.36,1098.36,,0,,10/27/24,Website/Booking Engine,,In-House,United States of America,,,Unknown,,,,,,,,,,,,,,,,,,,70,972,29,Direct,Cocoon,486
Onera Fredericksburg,Lola Mack (INFLUENCER),loren@iamlola.co,4693632019,,N/A,6.84E+12,,,,,,,1,0,OAK(1),0,0,11/25/24,11/27/24,2,Live Oak Lodge,0,0,,0,,11/11/24,Influencers/ Giveaway Winners,,Checked Out,United States of America,,,Unknown,,,,,,,,,,,,,,,,,,,70,0,14,,Live Oak Lodge,0
Onera Fredericksburg,kim juneau,kimberly.juneau@gmail.com,3616584313,,N/A,9.45E+12,,7726 Marissa Drive,,Corpus Christi,,78414,2,0,MON(1),1557,1878.06,11/25/24,11/28/24,3,Monarch,1878.06,1878.06,,0,,11/16/24,Website/Booking Engine,,Checked Out,United States of America,,,Unknown,,,,,,,,,,,,,,,,,,,105,1662,9,Direct,Monarch,554
Onera Fredericksburg,Roel Moreno,N/A,1.96E+10,,N/A,1.99E+12,HMBWXZJNKH,,,,,,2,0,CED(1),183.65,0,11/26/24,11/27/24,1,Cedar Haus,207.53,0,,207.53,,11/23/24,Airbnb (API),,Checked Out,Unknown,,,Unknown,,,,,,,,,,,,,,,,,,,35,219,3,Airbnb,Cedar Haus,219
Onera Fredericksburg,Jason boldenow,jason.boldenow@gmail.com,2106121178,,N/A,7.05E+12,,1207 Wellshire Drive,,Katy,,77494,2,0,N/A,1071,1266.73,11/27/24,11/29/24,2,Buckeye Bungalow,1289.33,1266.73,,22.6,,9/19/24,Website/Booking Engine,,Cancelled,United States of America,,10/31/24,Unknown,,,,,,,,,,,,,,,,,,,70,1141,69,Direct,Buckeye Bungalow,571
Onera Fredericksburg,Thomas Harney,N/A,1.71E+10,,N/A,9.43E+12,HMQSZCAPED,,,,,,2,0,CED(1),1087.01,0,11/27/24,11/30/24,3,Cedar Haus,1335.66,0,,1335.66,,10/21/24,Airbnb (API),,Confirmed,Unknown,,,Unknown,,,,,,,,,,,,,,,,,,,105,1192,37,Airbnb,Cedar Haus,397
Onera Fredericksburg,Lear Darocy,N/A,1.21E+10,,N/A,3.16E+12,HMQ3MFDBXZ,,,,,,2,0,WAL(1),3143.58,0,11/27/24,12/1/24,4,Walnut House,3552.22,0,,3552.22,,10/27/24,Airbnb (API),,Confirmed,Unknown,,,Unknown,,,,,,,,,,,,,,,,,,,140,3284,31,Airbnb,Walnut House,821
Onera Fredericksburg,Angela Lawrence,akl.angie.lawrence@gmail.com,(214) 676-3920,,N/A,7.37E+12,,14814 CAROLCREST DR,,HOUSTON,Texas,77079-6312,2,0,DOM(1),451,549.18,11/27/24,11/28/24,1,Lantana Dome,549.18,549.18,,0,,11/19/24,Website/Booking Engine,,Checked Out,United States of America,,,Unknown,,,,,,,,,,,,,,,,,,,35,486,8,Direct,Lantana Dome,486
Onera Fredericksburg,Marta Blackwell,Mcruzblackwell@gmail.com,6612194704,,N/A,9.23E+12,,3817 Ancient Oak Dr,908,Fort Worth,Texas,76040,2,0,BLU(1),766,979.68,11/27/24,11/29/24,2,Bluebonnet,944.68,944.68,,-35,,11/19/24,Website/Booking Engine,,Checked Out,United States of America,,,Unknown,,,,,,,,,,,,,,,,,,,70,836,8,Direct,Bluebonnet,418
Onera Fredericksburg,Amie Youngblood,N/A,1.21E+10,,N/A,3.66E+12,HMH982E8FX,,,,,,2,1,SAF(1),731,0,11/27/24,11/29/24,2,Sage Safari,826.03,0,,826.03,,11/26/24,Airbnb (API),,Checked Out,Unknown,,,Unknown,,,,,,,,,,,,,,,,,,,70,801,1,Airbnb,Sage Safari,401
Onera Fredericksburg,Christie Swanbeck,Christieswanbeck@gmail.com,7135182582,,N/A,9.56E+12,,1321 Uplan drive Ste 3215,,Houston,Texas,77043,2,0,OAK(1),737,996.66,11/27/24,11/29/24,2,Live Oak Lodge,996.66,996.66,,0,,11/26/24,Website/Booking Engine,,Checked Out,United States of America,,,Unknown,,,,,,,,,,,,,,,,,,,70,807,1,Direct,Live Oak Lodge,404
Onera Fredericksburg,Melissa Baker,N/A,1.41E+10,,N/A,2.69E+12,HMZ4NMDSDR,,,,,,2,0,SPY(1),353,0,11/27/24,11/28/24,1,Spyglass,398.89,0,,398.89,,11/27/24,Airbnb (API),,Checked Out,Unknown,,,Unknown,,,,,,,,,,,,,,,,,,,35,388,0,Airbnb,Spyglass,388
Onera Fredericksburg,Dimas Martinez,N/A,1.21E+10,,N/A,5.65E+12,HMABJZ5ZQE,,,,,,2,0,N/A,565,0,11/27/24,11/29/24,2,Buckeye Bungalow,638.45,0,,638.45,,11/28/24,Airbnb (API),,Cancelled,Unknown,,11/28/24,Unknown,,,,,,,,,,,,,,,,,,,70,635,0,Airbnb,Buckeye Bungalow,318
Onera Fredericksburg,Colin Stone,colinstone95@gmail.com,2103157531,,N/A,5.60E+12,,347 Northridge Drive,,San Antonio,Texas,78209,2,0,PEC(1),743,896.09,11/28/24,11/30/24,2,Pecan Haus,918.69,896.09,,22.6,,9/21/24,Website/Booking Engine,,Confirmed,United States of America,,,Unknown,,,,,,,,,,,,,,,,,,,70,813,68,Direct,Pecan Haus,407
Onera Fredericksburg,Matthew Leeder,mattleeder1@gmail.com,7373417813,,N/A,5.80E+12,,300 N Lamar Blvd Apt 434,,Austin,Texas,78703-4659,2,0,DOM(1),1127,1352.61,11/28/24,11/30/24,2,Lantana Dome,1352.61,1352.61,,0,,11/6/24,Website/Booking Engine,,Checked Out,United States of America,,,Unknown,,,,,,,,,,,,,,,,,,,70,1197,22,Direct,Lantana Dome,599
Onera Fredericksburg,Khalida Harun,N/A,1.33E+10,,N/A,9.42E+12,HMDD5TKWHS,,,,,,2,1,MON(1),531,0,11/28/24,11/29/24,1,Monarch,600.03,0,,600.03,,11/20/24,Airbnb (API),,Checked Out,Unknown,,,Unknown,,,,,,,,,,,,,,,,,,,35,566,8,Airbnb,Monarch,566
Onera Fredericksburg,Kowshik Chandrasekar,N/A,1.65E+10,,N/A,8.65E+12,HMXQKPD3DD,,,,,,2,0,JUN(1),231.19,0,11/28/24,11/29/24,1,Juniper Haus,261.24,0,,261.24,,11/26/24,Airbnb (API),,Checked Out,Unknown,,,Unknown,,,,,,,,,,,,,,,,,,,35,266,2,Airbnb,Juniper Haus,266
Onera Fredericksburg,Jiachen Xie,xiejiachen9928@gmail.com,7732907065,,N/A,1.09E+12,,,,,,,2,0,SPY(1),407,499.46,11/28/24,11/29/24,1,Spyglass,499.46,499.46,,0,,11/26/24,Website/Booking Engine,,Checked Out,United States of America,,,Unknown,,,,,,,,,,,,,,,,,,,35,442,2,Direct,Spyglass,442
OLD Track,Ryan Gibson,,Ryan Gibson,,,9658,HM2W8RB43T,,,,,,,,Lantana Dome,1458,1754.89,7/12/24,7/14/24,2,,,,,-823.76,,6/29/24,AIRBNB,,Checked Out,,,,,Airbnb,,,,,,,,,Rack Rate,,,0,95,201.9,0,channel,,,1553,13,Airbnb,Lantana Dome,777
OLD Track,Shelley Hough,houghshelleymsn@gmail.com,Shelley Hough houghshelleymsn@gmail.com,,,9792,,,,,,,,,Juniper Haus,558,839.4,11/29/24,12/1/24,2,,,,,0,,7/16/24,Website,,Checked Out,,,,,,,,,,,,,,Rack Rate,,0,0,187.07,94.33,0,channel,,,745,136,Direct,Juniper Haus,373
Onera Fredericksburg,Chris Dunn,ctdunn86@gmail.com,9728354318,,N/A,9.63E+12,,305 Ringtail Stream Drive,,LAKEWAY,Texas,78738,4,0,SAF(1),1692,1968.46,11/29/24,12/1/24,2,Sage Safari,1991.06,1968.46,,22.6,,9/24/24,Website/Booking Engine,,Confirmed,United States of America,,,Unknown,,,,,,,,,,,,,,,,,,,70,1762,66,Direct,Sage Safari,881
Onera Fredericksburg,Ashley Velazquez,Ashmvela4@gmail.com,7133844736,,N/A,7.46E+12,,15927 Copper Oak Ln,,Houston,Texas,77084,2,0,BUC(1),1014,1202.32,11/29/24,12/1/24,2,Buckeye Bungalow,1224.92,1202.32,,22.6,,9/25/24,Website/Booking Engine,,Confirmed,United States of America,,,Unknown,,,,,,,,,,,,,,,,,,,70,1084,65,Direct,Buckeye Bungalow,542
Onera Fredericksburg,Lindsay Augerinos,l_augerinos@yahoo.com,8324749199,,N/A,4.86E+12,,16051 Lockdale Lane,,Cypress,Texas,77429,2,0,COC(1),1014,1202.32,11/29/24,12/1/24,2,Cocoon,1224.92,1202.32,,22.6,,9/25/24,Website/Booking Engine,,Confirmed,United States of America,,,Unknown,,,,,,,,,,,,,,,,,,,70,1084,65,Direct,Cocoon,542
Onera Fredericksburg,John Andrade,N/A,#ERROR!,,N/A,3.54E+12,346425049,,,,,,2,0,OAK(1),1763.46,0,11/29/24,12/1/24,2,Live Oak Lodge,1992.7,1992.7,,1992.7,,10/23/24,Expedia (Channel Collect Booking),,Confirmed,Unknown,,,Unknown,American Express Travel,,,,,,,,,,,,,,,,,,70,1833,37,Expedia,Live Oak Lodge,917
Onera Fredericksburg,Emily Juen,ejtxpeaceandlove@gmail.com,2102869494,,N/A,5.38E+12,,21626 Stonewall Pkwy,APT 1407,San Antonio,Texas,78256-1690,2,0,BLU(1),1358,1613.64,11/29/24,12/1/24,2,Bluebonnet,1613.64,1613.64,,0,,10/28/24,Website/Booking Engine,,Confirmed,United States of America,,,Unknown,,,,,,,,,,,,,,,,,,,70,1428,32,Direct,Bluebonnet,714
Onera Fredericksburg,Patricia Jeffers,pjeffers68@outlook.com,2102405924,,N/A,5.85E+12,,7922 Kings Reach,,,Texas,78209,2,0,SPY(1),2398,2788.84,11/29/24,12/1/24,2,Spyglass,2788.84,2788.84,,0,,11/23/24,Website/Booking Engine,,Checked Out,United States of America,,,Unknown,,,,,,,,,,,,,,,,,,,70,2468,6,Direct,Spyglass,1234
OLD Track,Kayla Hunt,,Kayla Hunt,,,10584,HM9WJ5CBBB,,,,,,,,Lantana Dome,675,870.1,11/30/24,12/2/24,2,,,,,-257.89,,8/31/24,AIRBNB,,Checked Out,,,,,Airbnb,,,,,,,,,Rack Rate,,,0,95,100.11,0,channel,,,770,91,Airbnb,Lantana Dome,385
Onera Fredericksburg,Daniel Espinoza,cdkiimcer7@m.expediapartnercentral.com,#ERROR!,,N/A,7.18E+12,362847543,,,,,,2,0,PEC(1),313.84,0,11/30/24,12/1/24,1,Pecan Haus,354.64,354.64,,354.64,,11/19/24,Expedia (Channel Collect Booking),,Checked Out,Unknown,,,Unknown,Expedia,,,,,,,,,,,,,,,,,,35,349,11,Expedia,Pecan Haus,349
Onera Fredericksburg,Emily Parsutt,N/A,1.83E+10,,N/A,6.67E+12,HMEEFQ9WYK,,,,,,2,0,CED(1),310.3,0,11/30/24,12/1/24,1,Cedar Haus,350.64,0,,350.64,,11/20/24,Airbnb (API),,Checked Out,Unknown,,,Unknown,,,,,,,,,,,,,,,,,,,35,345,10,Airbnb,Cedar Haus,345
OLD Track,Troy Spader,gina19940228@gmail.com,Troy Spader gina19940228@gmail.com,,,9886,,,,,,,,,Monarch,747,1087.36,12/1/24,12/4/24,3,,,,,0,,7/24/24,Website,,Checked Out,,,,,,,,,,,,,,Rack Rate,,0,0,218.26,122.1,0,channel,,,965,130,Direct,Monarch,322
OLD Track,Carlos Rivas,carlos.rivas@gmail.com,Carlos Rivas carlos.rivas@gmail.com,,,10328,,,,,,,,,Spyglass,574,755.98,12/1/24,12/3/24,2,,,,,0,,8/19/24,Website,,Checked Out,,,,,,,,,,,,,,Rack Rate,,0,0,95,86.98,0,channel,,,669,104,Direct,Spyglass,335
OLD Track,jose arellano,joac21@gmail.com,jose arellano joac21@gmail.com,,,10336,,,,,,,,,Buckeye Bungalow,495,666.71,12/1/24,12/3/24,2,,,,,0,,8/20/24,Website,,Checked Out,,,,,,,,,,,,,,Rack Rate,,0,0,95,76.71,0,channel,,,590,103,Direct,Buckeye Bungalow,295
Onera Fredericksburg,Ty Claussen,tyclaussen@gmail.com,5127346429,,N/A,4.99E+12,,6306 Fallow Cove,,San Antonio,Texas,78252,2,0,SAF(1),642,804.56,12/1/24,12/3/24,2,Sage Safari,804.56,804.56,,0,,10/2/24,Website/Booking Engine,,Confirmed,United States of America,,,Unknown,,,,,,,,,,,,,,,,,,,70,712,60,Direct,Sage Safari,356
Onera Fredericksburg,Joel A Guerra Jr,jbkct8cyet@m.expediapartnercentral.com,#ERROR!,,N/A,1.41E+12,340218346,,,,,,2,0,COC(1),258.04,0,12/1/24,12/2/24,1,Cocoon,291.58,258.04,,291.58,,10/14/24,Expedia (Channel Collect Booking),,Confirmed,Unknown,,,Unknown,Expedia,,,,,,,,,,,,,,,,,,35,293,48,Expedia,Cocoon,293
Onera Fredericksburg,Michael Martinez,4jmranch@gmail.com,7132037561,,N/A,4.51E+12,,7979 Buller Rd,,Pattison,Texas,77423,2,0,WAL(1),304,383.07,12/1/24,12/2/24,1,Walnut House,383.07,383.07,,0,,11/12/24,Website/Booking Engine,,Checked Out,United States of America,,,Unknown,,,,,,,,,,,,,,,,,,,35,339,19,Direct,Walnut House,339
Onera Fredericksburg,Rodolfo Montalvo,rudy@rainbowrgv.com,9562275563,,N/A,2.41E+12,,,,,,,2,0,BLU(1),640,841.85,12/1/24,12/4/24,3,Bluebonnet,841.85,841.85,,0,,11/12/24,Website/Booking Engine,,Checked Out,United States of America,,,Unknown,,,,,,,,,,,,,,,,,,,105,745,19,Direct,Bluebonnet,248
Onera Fredericksburg,ANH NGUYEN,jnguyen1175@yahoo.com,8327448364,,N/A,5.34E+12,,8250 PARK PLACE BLVD,905,HOUSTON,,77017,2,0,CED(1),438,574.04,12/1/24,12/3/24,2,Cedar Haus,574.04,574.04,,0,,11/18/24,Website/Booking Engine,,Checked Out,United States of America,,,Unknown,,,,,,,,,,,,,,,,,,,70,508,13,Direct,Cedar Haus,254
Onera Fredericksburg,Janeth Torres,Janethenr@gmail.com,2103782647,,N/A,8.67E+12,,31932 cast iron cv,,San antonio,Texas,78163,2,0,PEC(1),438,574.04,12/1/24,12/3/24,2,Pecan Haus,574.04,574.04,,0,,11/18/24,Website/Booking Engine,,Checked Out,United States of America,,,Unknown,,,,,,,,,,,,,,,,,,,70,508,13,Direct,Pecan Haus,254
Onera Fredericksburg,Jose Ruiz,Jose.ruizb584@gmail.com,7262060876,,N/A,5.63E+12,,17239 Shavano ranch,8110,San Antonio,Texas,78257,2,0,OAK(1),297,375.16,12/1/24,12/2/24,1,Live Oak Lodge,375.16,375.16,,0,,11/26/24,Website/Booking Engine,,Checked Out,United States of America,,,Unknown,,,,,,,,,,,,,,,,,,,35,332,5,Direct,Live Oak Lodge,332
OLD Track,Lenora McWilliams,leemcwilliams2@hotmail.com,Lenora McWilliams leemcwilliams2@hotmail.com,,,10434,,,,,,,,,Live Oak Lodge (Pet Friendly),810,1033.95,12/2/24,12/5/24,3,,,,,0,,8/24/24,Website,,Checked In,,,,,,,,,,,,,,Rack Rate,,0,0,105,118.95,0,channel,,,915,100,Direct,Live Oak Lodge,305
Onera Fredericksburg,Jhonatan Flores,jhonatanmendoza808@gmail.com,8328970749,,N/A,4.25E+12,,10054 Ash Fork Dr,,Houston,Texas,77064,2,0,COC(1),708,856.54,12/2/24,12/5/24,3,Cocoon,918.69,856.54,,62.15,,9/19/24,Website/Booking Engine,,Confirmed,United States of America,,,Unknown,,,,,,,,,,,,,,,,,,,105,813,74,Direct,Cocoon,271
Onera Fredericksburg,Trenton Holden,cai@caiworldwide.com,8322361434,8322361434,N/A,5.42E+12,,2425 Capitol St,,Houston,Texas,77003,1,0,WAL(1),0,0,12/2/24,12/4/24,2,Walnut House,0,0,,0,,10/10/24,Influencers/ Giveaway Winners,,Confirmed,United States of America,,,Unknown,,,,,,,,,,,,,,,,,,,0,0,53,,Walnut House,0
Onera Fredericksburg,Sanjeev Jashwant,sjashwant@hotmail.com,7133047130,,N/A,5.84E+12,,,,,Texas,77494,2,0,SPY(1),608,766.14,12/3/24,12/5/24,2,Spyglass,766.14,766.14,,0,,10/4/24,Website/Booking Engine,,Confirmed,United States of America,,,Unknown,,,,,,,,,,,,,,,,,,,70,678,60,Direct,Spyglass,339
Onera Fredericksburg,Brandon Cox,brandoncox43@icloud.com,2149188989,,N/A,3.72E+12,,2365 Sunshine Dr,,Little Elm,Texas,75068,2,0,SAF(1),608,766.14,12/3/24,12/5/24,2,Sage Safari,766.14,766.14,,0,,11/7/24,Website/Booking Engine,,Checked Out,United States of America,,,Unknown,,,,,,,,,,,,,,,,,,,70,678,26,Direct,Sage Safari,339
Onera Fredericksburg,Jasmynn Sellers,kasjasmine@yahoo.com,5122841722,,N/A,2.49E+12,,201 Mandan st,,Buda,Texas,78610,2,0,CED(1),404,535.62,12/3/24,12/5/24,2,Cedar Haus,535.62,535.62,,0,,11/15/24,Website/Booking Engine,,Checked Out,United States of America,,,Unknown,,,,,,,,,,,,,,,,,,,70,474,18,Direct,Cedar Haus,237
Onera Fredericksburg,Kayla Ayala,Kayla.danielle.padilla@gmail.com,4699780142,,N/A,1.71E+12,,1321 Hill View Trail,,Wylie,Texas,75098,2,0,DOM(1),585,728.85,12/4/24,12/6/24,2,Lantana Dome,740.15,728.85,,11.3,,9/29/24,Website/Booking Engine,,Confirmed,United States of America,,,Unknown,,,,,,,,,,,,,,,,,,,70,655,66,Direct,Lantana Dome,328
Onera Fredericksburg,Cameron Aschenbeck,caschenbeck123@gmail.com,2819234806,,N/A,9.15E+12,,910 Blue Spring Cir.,,Round Rock,,78681,2,0,MON(1),698,867.84,12/4/24,12/6/24,2,Monarch,867.84,867.84,,0,,10/22/24,Website/Booking Engine,,Confirmed,United States of America,,,Unknown,,,,,,,,,,,,,,,,,,,70,768,43,Direct,Monarch,384
Onera Fredericksburg,An Nguyen,Aileenf820@gmail.com,9039529945,,N/A,4.13E+12,,4346 Hemlock Grove Ln,,Manvel,Texas,77578,2,0,BUC(1),585,740.15,12/4/24,12/6/24,2,Buckeye Bungalow,740.15,740.15,,0,,11/18/24,Website/Booking Engine,,Checked Out,United States of America,,,Unknown,,,,,,,,,,,,,,,,,,,70,655,16,Direct,Buckeye Bungalow,328
Onera Fredericksburg,Kevin Neave,N/A,1.83E+10,,N/A,2.56E+12,HMDPYK3MDS,,,,,,1,0,JUN(1),223.9,0,12/4/24,12/5/24,1,Juniper Haus,253,0,,253,,12/4/24,Airbnb (API),,Checked Out,Unknown,,,Unknown,,,,,,,,,,,,,,,,,,,35,259,0,Airbnb,Juniper Haus,259
Onera Fredericksburg,Emily Purcell,ebpurcell90@gmail.com,3012046455,,N/A,1.77E+12,,530 Foster Street,UNIT 340,Durham,North Carolina,27701,1,0,PEC(1),461,600.03,12/4/24,12/6/24,2,Pecan Haus,600.03,600.03,,0,,12/4/24,Website/Booking Engine,,Checked Out,United States of America,,,Unknown,,,,,,,,,,,,,,,,,,,70,531,0,Direct,Pecan Haus,266
Onera Fredericksburg,Maryam Ambrosini,Msamavati72@gmail.com,8304994081,,N/A,7.72E+12,,115 Blue Bonnet Street,,San Antonio,Texas,78202,2,0,SPY(1),428,523.19,12/5/24,12/6/24,1,Spyglass,523.19,523.19,,0,,10/18/24,Website/Booking Engine,,Confirmed,United States of America,,,Unknown,,,,,,,,,,,,,,,,,,,35,463,48,Direct,Spyglass,463
Onera Fredericksburg,Matthew Lamson,mplamson85@gmail.com,5128311278,,N/A,5.79E+12,,20713 Meridian Blvd,,Pflugerville,Texas,78660,2,0,OAK(1),378,466.69,12/5/24,12/6/24,1,Live Oak Lodge,466.69,466.69,,0,,11/24/24,Website/Booking Engine,,Checked Out,United States of America,,,Unknown,,,,,,,,,,,,,,,,,,,35,413,11,Direct,Live Oak Lodge,413
Onera Fredericksburg,Anna Leigh Wilson,thebucketlistvagabond@gmail.com,,#ERROR!,N/A,6.55E+12,,,,,,,1,0,CED(1),0,0,12/5/24,12/6/24,1,Cedar Haus,0,0,,0,,12/5/24,Influencers/ Giveaway Winners,,Checked Out,United States of America,,,Unknown,,,,,,,,,,,,,,,,,,,35,0,0,,Cedar Haus,0
Onera Fredericksburg,Toni Nash,toniln201@outlook.com,8179038210,,N/A,8.06E+12,,201 Man O War Ct,,Dallas,,76028,2,0,DOM(1),1240,1480.3,12/6/24,12/8/24,2,Lantana Dome,1480.3,1480.3,,0,,10/6/24,Website/Booking Engine,,Confirmed,United States of America,,,Unknown,,,,,,,,,,,,,,,,,,,70,1310,61,Direct,Lantana Dome,655
Onera Fredericksburg,Sandra Jenkins,Sandyj24@ymail.com,3863076338,,N/A,1.65E+12,,1107 Lott Avenue,Unit A,Austin,Texas,,2,0,JUN(1),698,867.84,12/6/24,12/8/24,2,Juniper Haus,867.84,867.84,,0,,10/7/24,Website/Booking Engine,,Confirmed,United States of America,,,Unknown,,,,,,,,,,,,,,,,,,,70,768,60,Direct,Juniper Haus,384
Onera Fredericksburg,Hannah Harriott,hannahmhodges29@gmail.com,2108370346,,N/A,9.15E+12,,3802 Saratoga Blvd,935,Corpus Christi,Texas,78415,2,0,SPY(1),1692,1991.06,12/6/24,12/8/24,2,Spyglass,1991.06,1991.06,,0,,10/15/24,Website/Booking Engine,,Confirmed,United States of America,,,Unknown,,,,,,,,,,,,,,,,,,,70,1762,52,Direct,Spyglass,881
Onera Fredericksburg,Kathleen Daly,kathleen.daly37@gmail.com,2103327125,,N/A,1.30E+12,,12013 Cabana Lane,,Austin,Texas,78727,2,0,MON(1),1692,1991.06,12/6/24,12/8/24,2,Monarch,1991.06,1991.06,,0,,10/16/24,Website/Booking Engine,,Confirmed,United States of America,,,Unknown,,,,,,,,,,,,,,,,,,,70,1762,51,Direct,Monarch,881
Onera Fredericksburg,Kendra Keller,kendrakeller@sbcglobal.net,5124225086,,N/A,9.89E+12,,2408 Butler National Dr,,Pflugerville,Texas,78660,2,0,COC(1),1240,1480.3,12/6/24,12/8/24,2,Cocoon,1480.3,1480.3,,0,,10/29/24,Website/Booking Engine,,Confirmed,United States of America,,,Unknown,,,,,,,,,,,,,,,,,,,70,1310,38,Direct,Cocoon,655
Onera Fredericksburg,Lisa Caples,9oauk6xbuk@m.expediapartnercentral.com,8326948558,,N/A,4.27E+12,353441866,,,,,,2,0,PEC(1),695.42,0,12/6/24,12/8/24,2,Pecan Haus,785.82,785.82,,785.82,,11/4/24,Expedia (Channel Collect Booking),,Checked Out,Unknown,,,Unknown,Hotels.com,,,,,,,,,,,,,,,,,,70,765,32,Expedia,Pecan Haus,383
Onera Fredericksburg,Walter Naekrsz,Wnaekrsz@gmail.com,2623089153,,N/A,9.65E+12,,2102 Downing St,,Belton,Texas,76513,2,0,BLU(1),698,650.88,12/6/24,12/8/24,2,Bluebonnet,867.84,867.84,,216.96,,11/7/24,Website/Booking Engine,,Checked Out,United States of America,,,Unknown,,,,,,,,,,,,,,,,,,,70,768,29,Direct,Bluebonnet,384
Onera Fredericksburg,James Pruitt,jpruk9@gmail.com,5402706418,,N/A,7.88E+12,,16 Lightning Maple Lane,,Fredericksburg,Virginia,22405,2,0,CED(1),698,867.84,12/6/24,12/8/24,2,Cedar Haus,867.84,867.84,,0,,11/10/24,Website/Booking Engine,,Checked Out,United States of America,,,Unknown,,,,,,,,,,,,,,,,,,,70,768,26,Direct,Cedar Haus,384
Onera Fredericksburg,David Fox,Foxdavid127@gmail.com,9033680899,,N/A,3.60E+12,,299 Vz County Road 2163,,Canton,Texas,75103,2,0,OAK(1),2198,2562.84,12/6/24,12/8/24,2,Live Oak Lodge,2562.84,2562.84,,0,,11/19/24,Website/Booking Engine,,Checked Out,United States of America,,,Unknown,,,,,,,,,,,,,,,,,,,70,2268,17,Direct,Live Oak Lodge,1134
Onera Fredericksburg,Pedro Bazan,Pedrobazan.realtor@gmail.com,9568880786,,N/A,4.95E+12,,3002 N Los Ebanos Rd,,Mission,,78574,1,0,SAF(1),2398,2788.84,12/6/24,12/8/24,2,Sage Safari,2788.84,2788.84,,0,,11/29/24,Website/Booking Engine,,Checked Out,United States of America,,,Unknown,,,,,,,,,,,,,,,,,,,70,2468,7,Direct,Sage Safari,1234
Onera Fredericksburg,Jose Zapata,jose_a_zapata@yahoo.com,2546408758,,N/A,4.94E+12,,405 Sagebrush Ln,,McGregor,Texas,76657,2,0,WAL(1),1798,2110.84,12/6/24,12/8/24,2,Walnut House,2110.84,2110.84,,0,,12/2/24,Website/Booking Engine,,Checked Out,United States of America,,,Unknown,,,,,,,,,,,,,,,,,,,70,1868,4,Direct,Walnut House,934
Onera Fredericksburg,Amber Roberson,N/A,1.36E+10,,N/A,4.41E+12,HMWKKWEBB3,,,,,,2,0,BUC(1),768.4,0,12/8/24,12/10/24,2,Buckeye Bungalow,947.38,0,,947.38,,9/22/24,Airbnb (API),,Confirmed,Unknown,,,Unknown,,,,,,,,,,,,,,,,,,,70,838,77,Airbnb,Buckeye Bungalow,419
Onera Fredericksburg,Christina Dower,Christina.dower2617@gmail.com,2107104825,,N/A,9.15E+12,,1827 FM 1077,,BANDERA,Texas,78003,2,0,DOM(1),821,1046.38,12/8/24,12/11/24,3,Lantana Dome,1046.38,1046.38,,0,,10/30/24,Website/Booking Engine,,Confirmed,United States of America,,,Unknown,,,,,,,,,,,,,,,,,,,105,926,39,Direct,Lantana Dome,309
Onera Fredericksburg,Jame Sealey,Jame.sealey@yahoo.com,9035043000,,N/A,8.12E+12,,6445 CR 3715,,Athens,Texas,75752,2,0,CED(1),663,867.84,12/8/24,12/11/24,3,Cedar Haus,867.84,867.84,,0,,11/3/24,Website/Booking Engine,,Checked Out,United States of America,,,Unknown,,,,,,,,,,,,,,,,,,,105,768,35,Direct,Cedar Haus,256
Onera Fredericksburg,Sean Weaver,sweaver5000@gmail.com,9498879975,,N/A,1.32E+12,,21915 US Hwy 281 N,Apt 5007,San Antonio,Texas,78258-2649,2,0,OAK(1),567,719.81,12/8/24,12/10/24,2,Live Oak Lodge,719.81,719.81,,0,,11/24/24,Website/Booking Engine,,Checked Out,United States of America,,,Unknown,,,,,,,,,,,,,,,,,,,70,637,14,Direct,Live Oak Lodge,319
Onera Fredericksburg,Shelby Mills,samiamshelby@gmail.com,817-614-6113,,N/A,6.59E+12,,4535 Tin Top Rd,,Weatherford,Texas,76087,2,0,COC(1),496,639.58,12/8/24,12/10/24,2,Cocoon,639.58,639.58,,0,,12/3/24,Website/Booking Engine,,Checked Out,United States of America,,,Unknown,,,,,,,,,,,,,,,,,,,70,566,5,Direct,Cocoon,283
Onera Fredericksburg,Regan Riddle,reganriddle62@att.net,9723450032,,N/A,1.93E+12,,3663 Washington Ave,Apt. 5049,Houston,Texas,77007,2,0,WAL(1),259,332.22,12/8/24,12/9/24,1,Walnut House,332.22,332.22,,0,,12/5/24,Website/Booking Engine,,Checked Out,United States of America,,,Unknown,,,,,,,,,,,,,,,,,,,35,294,3,Direct,Walnut House,294
Onera Fredericksburg,Mauricio Etienne,metienne@grupoetienne.com,3058773735,,N/A,6.34E+12,,8701 bluffstone CV,6204,,Texas,71759,2,0,MON(1),428,523.19,12/8/24,12/9/24,1,Monarch,523.19,523.19,,0,,12/8/24,Website/Booking Engine,,Checked Out,United States of America,,,Unknown,,,,,,,,,,,,,,,,,,,35,463,0,Direct,Monarch,463
Onera Fredericksburg,Devin Farrar,Devin.farrar@icloud.com,4436606229,,N/A,3.49E+12,,600 E FM 1626,9107,Austin,Texas,78748,2,0,MON(1),540,689.3,12/9/24,12/11/24,2,Monarch,689.3,689.3,,0,,10/14/24,Website/Booking Engine,,Confirmed,United States of America,,,Unknown,,,,,,,,,,,,,,,,,,,70,610,56,Direct,Monarch,305
Onera Fredericksburg,William Bowden,willbwdn@gmail.com,5126807958,,N/A,5.48E+12,,700 E. 11th St.,Apt. 1710,Austin,Texas,78701,2,0,SPY(1),540,689.3,12/9/24,12/11/24,2,Spyglass,689.3,689.3,,0,,12/6/24,Website/Booking Engine,,Checked Out,United States of America,,,Unknown,,,,,,,,,,,,,,,,,,,70,610,3,Direct,Spyglass,305
Onera Fredericksburg,Zain Sattarr,zain@padelprostore.com,9175977225,,N/A,5.34E+12,,977 East 10th street,,Brooklyn,,11230,2,0,JUN(1),202,267.81,12/9/24,12/10/24,1,Juniper Haus,267.81,267.81,,0,,12/9/24,Website/Booking Engine,,Checked Out,United States of America,,,Unknown,,,,,,,,,,,,,,,,,,,35,237,0,Direct,Juniper Haus,237
Onera Fredericksburg,Ronnie Withers,ronnie.withers@gmail.com,9032754757,,N/A,7.82E+12,,925 Redbud Ln,,Bullard,Texas,75757,2,0,OAK(1),864,1094.97,12/10/24,12/13/24,3,Live Oak Lodge,1094.97,1094.97,,0,,10/16/24,Website/Booking Engine,,Confirmed,United States of America,,,Unknown,,,,,,,,,,,,,,,,,,,105,969,55,Direct,Live Oak Lodge,323
Onera Fredericksburg,Colin Cady,N/A,1.27E+10,,N/A,2.79E+12,HM88XRP8FB,,,,,,2,0,JUN(1),377.82,0,12/10/24,12/12/24,2,Juniper Haus,426.92,0,,426.92,,11/11/24,Airbnb (API),,Checked Out,Unknown,,,Unknown,,,,,,,,,,,,,,,,,,,70,448,29,Airbnb,Juniper Haus,224
Onera Fredericksburg,Alison Forster,Alisoneforster@gmail.com,4.48E+11,,N/A,4.73E+12,,8 Park Hill,Ealing,London,,W5 2JN,3,0,SAF(1),918,1155.99,12/10/24,12/13/24,3,Sage Safari,1155.99,1155.99,,0,,11/14/24,Website/Booking Engine,,Checked Out,United Kingdom,,,Unknown,,,,,,,,,,,,,,,,,,,105,1023,26,Direct,Sage Safari,341
Onera Fredericksburg,Jason Everett,tskh49a5vh@m.expediapartnercentral.com,#ERROR!,,N/A,7.14E+12,362933838,,,,,,2,0,BLU(1),402.5,0,12/10/24,12/12/24,2,Bluebonnet,454.84,454.84,,454.84,,11/19/24,Expedia (Channel Collect Booking),,Checked Out,Unknown,,,Unknown,Hotels.com,,,,,,,,,,,,,,,,,,70,473,21,Expedia,Bluebonnet,236
Onera Fredericksburg,Martha Alonso,eb6i3jmn0f@m.expediapartnercentral.com,#ERROR!,,N/A,3.77E+12,365854323,,,,,,2,0,PEC(1),402.5,0,12/10/24,12/12/24,2,Pecan Haus,454.84,454.84,,454.84,,11/24/24,Expedia (Channel Collect Booking),,Checked Out,Unknown,,,Unknown,Expedia,,,,,,,,,,,,,,,,,,70,473,16,Expedia,Pecan Haus,236
Onera Fredericksburg,Thy Tran,phichi1106@gmail.com,7328874662,,N/A,4.67E+12,,16812 Casa Anna Dr,,Pflugerville,Texas,78660,2,0,SPY(1),698,867.84,12/11/24,12/13/24,2,Spyglass,867.84,867.84,,0,,10/24/24,Website/Booking Engine,,Confirmed,United States of America,,,Unknown,,,,,,,,,,,,,,,,,,,70,768,48,Direct,Spyglass,384
Onera Fredericksburg,Jem Mixon,mima.mixon@gmail.com,9724001985,,N/A,5.54E+12,,1100 Brook Ridge Avenue,,,Texas,75002,2,0,DOM(1),236,306.23,12/11/24,12/12/24,1,Lantana Dome,306.23,306.23,,0,,12/2/24,Website/Booking Engine,,Checked Out,United States of America,,,Unknown,,,,,,,,,,,,,,,,,,,35,271,9,Direct,Lantana Dome,271
Onera Fredericksburg,Miguel Cespedes,Macjr1319@gmail.com,9567140669,,N/A,1.28E+12,,6935 Heritage Oak Dr.,,Brownsville,Texas,78526,2,0,COC(1),236,306.23,12/11/24,12/12/24,1,Cocoon,306.23,306.23,,0,,12/9/24,Website/Booking Engine,,Checked Out,United States of America,,,Unknown,,,,,,,,,,,,,,,,,,,35,271,2,Direct,Cocoon,271
Onera Fredericksburg,Audrey Chavana,Djgh6328@yahoo.com,3617037330,,N/A,7.69E+12,,218 Flint Rock Court,,Victoria,Texas,77904,2,0,CED(1),608,766.14,12/12/24,12/14/24,2,Cedar Haus,766.14,766.14,,0,,11/7/24,Website/Booking Engine,,Checked Out,United States of America,,,Unknown,,,,,,,,,,,,,,,,,,,70,678,35,Direct,Cedar Haus,339
Onera Fredericksburg,Michael Marshall,llandmm@yahoo.com,4693632686,,N/A,7.86E+12,,6234 Pineview Rd,,Dallas,Texas,75248,2,1,BLU(1),608,766.14,12/12/24,12/14/24,2,Bluebonnet,766.14,766.14,,0,,11/11/24,Website/Booking Engine,,Checked Out,United States of America,,,Unknown,,,,,,,,,,,,,,,,,,,70,678,31,Direct,Bluebonnet,339
Onera Fredericksburg,Michel Bunning,mikebunning@me.com,6184094926,,N/A,4.03E+12,,1421 Wiltshire Ave,,San Antonio,Texas,78209,4,0,"JUN(1), PEC(1)",518,664.44,12/12/24,12/13/24,1,"Juniper Haus, Pecan Haus",664.44,664.44,,0,,12/3/24,Website/Booking Engine,,Checked Out,United States of America,,,Unknown,,,,,,,,,,,,,,,,,,,35,553,9,Direct,"Juniper Haus, Pecan Haus",553
OLD Track,Robert Waldrip,robert.waldrip@yahoo.com,Robert Waldrip robert.waldrip@yahoo.com,,,10436,,,,,,,,,Sage Safari,1692,2030.62,12/13/24,12/15/24,2,,,,,0,,8/24/24,Website,,Confirmed,,,,,,,,,,,,,,Rack Rate,,0,0,105,233.62,0,channel,,,1797,111,Direct,Sage Safari,899
Onera Fredericksburg,Nicolle Thibodeaux,nicollethibodeaux38@gmail.com,2817829362,,N/A,8.86E+12,,5002 Colson ln,,Baytown,,77521,2,0,DOM(1),1240,1457.7,12/13/24,12/15/24,2,Lantana Dome,1480.3,1457.7,,22.6,,9/23/24,Website/Booking Engine,,Confirmed,United States of America,,,Unknown,,,,,,,,,,,,,,,,,,,70,1310,81,Direct,Lantana Dome,655
Onera Fredericksburg,Ashlee Frost,Ashlee.frost@gehealthcare.com,9133331189,,N/A,1.88E+12,,14212 Nieman Rd,,Overland Park,Kansas,66221,2,0,N/A,698,34.15,12/13/24,12/15/24,2,Juniper Haus,867.84,867.84,,833.69,,10/8/24,Website/Booking Engine,,Cancelled,United States of America,,10/16/24,Unknown,,,,,,,,,,,,,,,,,,,70,768,66,Direct,Juniper Haus,384
Onera Fredericksburg,Cesylea Knight,Cesylea.Knight@gehealthcare.com,8303028388,,N/A,2.22E+12,,1425 W 26th Street,Unit E,Houston,Texas,77008,2,0,N/A,1692,77.95,12/13/24,12/15/24,2,Live Oak Lodge,1991.06,1991.06,,1913.11,,10/8/24,Website/Booking Engine,,Cancelled,United States of America,,10/16/24,Unknown,,,,,,,,,,,,,,,,,,,70,1762,66,Direct,Live Oak Lodge,881
Onera Fredericksburg,dawn moore,dmoore@civicinterest.com,5125179333,,N/A,4.32E+12,,1404 birchwood,,austin,Texas,78745,2,0,BUC(1),1240,1480.3,12/13/24,12/15/24,2,Buckeye Bungalow,1480.3,1480.3,,0,,10/11/24,Website/Booking Engine,,Confirmed,United States of America,,,Unknown,,,,,,,,,,,,,,,,,,,70,1310,63,Direct,Buckeye Bungalow,655
Onera Fredericksburg,Cherry Ybarra,N/A,1.51E+10,,N/A,5.82E+12,HMZW4STHKD,,,,,,2,0,JUN(1),602.81,0,12/13/24,12/15/24,2,Juniper Haus,681.17,0,,681.17,,10/25/24,Airbnb (API),,Confirmed,Unknown,,,Unknown,,,,,,,,,,,,,,,,,,,70,673,49,Airbnb,Juniper Haus,336
Onera Fredericksburg,Ivan Riveron,riveronivan@gmail.com,9562127210,,N/A,7.71E+12,,2416 Oriole Ave,,McAllen,Texas,78504,2,0,COC(1),1240,1480.3,12/13/24,12/15/24,2,Cocoon,1480.3,1480.3,,0,,10/28/24,Website/Booking Engine,,Confirmed,United States of America,,,Unknown,,,,,,,,,,,,,,,,,,,70,1310,46,Direct,Cocoon,655
Onera Fredericksburg,Logan Liles,N/A,1.25E+10,,N/A,3.16E+12,HMM33J9QZP,,,,,,2,0,N/A,2411.92,0,12/13/24,12/16/24,3,Spyglass,2725.48,0,,2725.48,,10/29/24,Airbnb (API),,Cancelled,Unknown,,10/31/24,Unknown,,,,,,,,,,,,,,,,,,,105,2517,45,Airbnb,Spyglass,839
Onera Fredericksburg,Misty Davis,mistified.1@outlook.com,7138299059,,N/A,7.99E+12,,10522 Trinity Springs Dr,,Cypress,Texas,77433,2,0,PEC(1),698,867.84,12/13/24,12/15/24,2,Pecan Haus,867.84,867.84,,0,,11/3/24,Website/Booking Engine,,Checked Out,United States of America,,,Unknown,,,,,,,,,,,,,,,,,,,70,768,40,Direct,Pecan Haus,384
Onera Fredericksburg,Jake Friedman,N/A,1.51E+10,,N/A,7.23E+12,HMSRA9F29M,,,,,,1,0,WAL(1),2208,0,12/13/24,12/15/24,2,Walnut House,2495.04,0,,2495.04,,12/10/24,Airbnb (API),,Checked Out,Unknown,,,Unknown,,,,,,,,,,,,,,,,,,,70,2278,3,Airbnb,Walnut House,1139
Onera Fredericksburg,Eric Herrera,eric@maverickbiometals.com,8305139585,,N/A,2.85E+12,,1518 S Alamo St,Suite 120,San Antonio,Texas,78204,2,0,OAK(1),1438,1704.04,12/13/24,12/15/24,2,Live Oak Lodge,1704.04,1704.04,,0,,12/12/24,Website/Booking Engine,,Checked Out,United States of America,,,Unknown,,,,,,,,,,,,,,,,,,,70,1508,1,Direct,Live Oak Lodge,754
Onera Fredericksburg,Reynaldo Eusebio,reyeusebio3@aol.com,9564544883,,N/A,1.31E+12,,26790 Palomino Ave,,La Feria,,78559,2,0,MON(1),1457,1765.06,12/13/24,12/16/24,3,Monarch,1765.06,1765.06,,0,,12/13/24,Website/Booking Engine,,Checked Out,United States of America,,,Unknown,,,,,,,,,,,,,,,,,,,105,1562,0,Direct,Monarch,521
Onera Fredericksburg,Leah Dickey,leahrachelledickey@gmail.com,5126338115,,N/A,1.53E+12,,10011 Floyd Drive,,Austin,Texas,78753,2,0,BLU(1),608,766.14,12/14/24,12/16/24,2,Bluebonnet,766.14,766.14,,0,,11/7/24,Website/Booking Engine,,Checked Out,United States of America,,,Unknown,,,,,,,,,,,,,,,,,,,70,678,37,Direct,Bluebonnet,339
Onera Fredericksburg,Joseph Gutierrez,Joekamz@sbcglobal.net,(915) 203-4140,,N/A,9.79E+12,,2517 Indian Head Dr,,Fort Worth,,76177,2,0,CED(1),608,766.14,12/14/24,12/16/24,2,Cedar Haus,766.14,766.14,,0,,11/19/24,Website/Booking Engine,,Checked Out,United States of America,,,Unknown,,,,,,,,,,,,,,,,,,,70,678,25,Direct,Cedar Haus,339
Onera Fredericksburg,Vince Page,tpreddove@yahoo.com,6823923314,,N/A,1.36E+12,,5515 Cavalry Post Drive,,,Texas,76017,2,0,SPY(1),1627,1917.61,12/14/24,12/16/24,2,Spyglass,1917.61,1917.61,,0,,12/2/24,Website/Booking Engine,,Checked Out,United States of America,,,Unknown,,,,,,,,,,,,,,,,,,,70,1697,12,Direct,Spyglass,849
Onera Fredericksburg,Pedro Revilla,pedro.revilla22@gmail.com,3614636883,,N/A,9.40E+12,,1413 Metropolitan Dr,,Killeen,Texas,76541,2,0,BUC(1),514,659.92,12/15/24,12/17/24,2,Buckeye Bungalow,659.92,659.92,,0,,12/8/24,Website/Booking Engine,,Checked Out,United States of America,,,Unknown,,,,,,,,,,,,,,,,,,,70,584,7,Direct,Buckeye Bungalow,292
Onera Fredericksburg,Steven Hooper,StevenSHooper@gmail.com,210-473-3023,,N/A,7.63E+12,,749 Rain Dance,,New Braunfels,Texas,78130,2,0,COC(1),208,274.59,12/15/24,12/16/24,1,Cocoon,274.59,274.59,,0,,12/11/24,Website/Booking Engine,,Checked Out,United States of America,,,Unknown,,,,,,,,,,,,,,,,,,,35,243,4,Direct,Cocoon,243
Onera Fredericksburg,Nicholas Zamora,nick.zam716@gmail.com,2106657772,,N/A,9.96E+12,,11631 Culebra Road #501,,San Antonio,Texas,78253,2,0,SAF(1),199,264.42,12/15/24,12/16/24,1,Sage Safari,264.42,264.42,,0,,12/12/24,Website/Booking Engine,,Checked Out,United States of America,,,Unknown,,,,,,,,,,,,,,,,,,,35,234,3,Direct,Sage Safari,234
Onera Fredericksburg,Lauren Weggeman,N/A,1.92E+10,,N/A,6.15E+12,HM4DBATD9W,,,,,,2,0,JUN(1),211.75,0,12/15/24,12/16/24,1,Juniper Haus,239.27,0,,239.27,,12/13/24,Airbnb (API),,Checked Out,Unknown,,,Unknown,,,,,,,,,,,,,,,,,,,35,247,2,Airbnb,Juniper Haus,247
Onera Fredericksburg,Scott Braddock,scott.braddock@yahoo.com,2819236434,,N/A,6.25E+12,,2806 Wingate St.,,Fort Worth,Texas,76107,2,0,DOM(1),469,609.07,12/15/24,12/17/24,2,Lantana Dome,609.07,609.07,,0,,12/13/24,Website/Booking Engine,,Checked Out,United States of America,,,Unknown,,,,,,,,,,,,,,,,,,,70,539,2,Direct,Lantana Dome,270
Onera Fredericksburg,Jorge Bracho,jbracho@ncven.net,8327683660,,N/A,4.89E+12,,23423 Botkins Rd,,Hockley,Texas,77447,2,0,PEC(1),649,852.02,12/15/24,12/18/24,3,Pecan Haus,852.02,852.02,,0,,12/14/24,Website/Booking Engine,,Checked Out,United States of America,,,Unknown,,,,,,,,,,,,,,,,,,,105,754,1,Direct,Pecan Haus,251
Onera Fredericksburg,Josh Patel,N/A,1.96E+10,,N/A,4.70E+12,HM4EQHAQZR,,,,,,2,0,N/A,599,0,12/15/24,12/17/24,2,Walnut House,676.87,0,,676.87,,12/15/24,Airbnb (API),,Cancelled,Unknown,,12/15/24,Unknown,,,,,,,,,,,,,,,,,,,70,669,0,Airbnb,Walnut House,335
OLD Track,Kambry Preston,kambry.preston@gmail.com,Kambry Preston kambry.preston@gmail.com,,,10013,,,,,,,,,Monarch,558,839.4,12/16/24,12/18/24,2,,,,,0,,8/4/24,Website,,Confirmed,,,,,,,,,,,,,,Rack Rate,,0,0,187.07,94.33,0,channel,,,745,134,Direct,Monarch,373
Onera Fredericksburg,Rose Gutierrez,rogutierrez@lamar.com,956-693-1508,,N/A,4.54E+12,,2701 Braids Dr,,Laredo,Texas,78045,2,0,OAK(1),630,791,12/16/24,12/18/24,2,Live Oak Lodge,791,791,,0,,12/6/24,Website/Booking Engine,,Checked Out,United States of America,,,Unknown,,,,,,,,,,,,,,,,,,,70,700,10,Direct,Live Oak Lodge,350
Onera Fredericksburg,Allyson Steele,N/A,1.83E+10,,N/A,8.61E+12,HM8JH5BWZD,,,,,,2,0,CED(1),238.3,0,12/16/24,12/17/24,1,Cedar Haus,269.28,0,,269.28,,12/15/24,Airbnb (API),,Checked Out,Unknown,,,Unknown,,,,,,,,,,,,,,,,,,,35,273,1,Airbnb,Cedar Haus,273
Onera Fredericksburg,Jorge Bezerra Jr,Bezerra Jr,,,,10600,,,,,,,,,Walnut House (Pet Friendly),630,819.26,12/17/24,12/19/24,2,Walnut House (Pet Friendly),819.26,,,0,,9/1/24,Website,,Confirmed,,,,,,,,,,,,,,,,,,,,,,,95,725,107,Direct,Walnut House,363
Onera Fredericksburg,Eric Fantich,ericfantich@gmail.com,9567390412,,N/A,4.24E+12,,131 E Tulip Ave,,McAllen,Texas,78504,2,1,SAF(1),630,527.34,12/17/24,12/19/24,2,Sage Safari,791,791,,263.66,,11/1/24,Website/Booking Engine,,Checked Out,United States of America,,,Unknown,,,,,,,,,,,,,,,,,,,70,700,46,Direct,Sage Safari,350
Onera Fredericksburg,Elaine Reck,ereck.618046@guest.booking.com,#ERROR!,,N/A,2.08E+12,4986058528,545 CR 404,,El Campo,,,2,0,JUN(1),532.32,671.52,12/17/24,12/19/24,2,Juniper Haus,671.52,680.62,,0,Mastercard,11/11/24,Booking.com (Channel Collect Booking),,Checked Out,United States of America,,,Unknown,,,,,,,,,,,,,,,,,,,70,602,36,Booking.com,Juniper Haus,301
Onera Fredericksburg,Anna Mignogna,Ammwbh@gmail.com,7133065368,,N/A,8.01E+12,,10500 Valley Forge Drive,101A,Houston,Texas,77042,2,0,SPY(1),315,395.5,12/17/24,12/18/24,1,Spyglass,395.5,395.5,,0,,12/10/24,Website/Booking Engine,,Checked Out,United States of America,,,Unknown,,,,,,,,,,,,,,,,,,,35,350,7,Direct,Spyglass,350
Onera Fredericksburg,David Zamudio,N/A,1.66E+10,,N/A,6.06E+12,HMCFPNSEXT,,,,,,2,0,CED(1),226.82,0,12/17/24,12/18/24,1,Cedar Haus,256.31,0,,256.31,,12/14/24,Airbnb (API),,Checked Out,Unknown,,,Unknown,,,,,,,,,,,,,,,,,,,35,262,3,Airbnb,Cedar Haus,262
Onera Fredericksburg,Hector Menchaca Villalon,hector.menchaca05@gmail.com,8305700468,,N/A,6.12E+12,,6810 Luckey Path,,San Antonio,Texas,78252,2,0,CED(1),518,664.44,12/18/24,12/20/24,2,Cedar Haus,664.44,664.44,,0,,10/25/24,Website/Booking Engine,,Confirmed,United States of America,,,Unknown,,,,,,,,,,,,,,,,,,,70,588,54,Direct,Cedar Haus,294
Onera Fredericksburg,Ruby Ramon,2bxp9f7jnv@m.expediapartnercentral.com,#ERROR!,,N/A,6.75E+12,355100020,,,,,,2,0,MON(1),313.84,0,12/18/24,12/19/24,1,Monarch,354.64,354.64,,354.64,,11/7/24,Expedia (Channel Collect Booking),,Checked Out,Unknown,,,Unknown,Expedia,,,,,,,,,,,,,,,,,,35,349,41,Expedia,Monarch,349
Onera Fredericksburg,TIENYU HSU,bskk57tyxx@m.expediapartnercentral.com,#ERROR!,,N/A,6.84E+12,374584647,,,,,,2,0,BLU(1),224.17,0,12/18/24,12/19/24,1,Bluebonnet,253.31,253.31,,253.31,,12/8/24,Expedia (Channel Collect Booking),,Checked Out,Unknown,,,Unknown,Expedia,,,,,,,,,,,,,,,,,,35,259,10,Expedia,Bluebonnet,259
Onera Fredericksburg,Amir Alhelwani,Amir.helwani@gmail.com,4692869621,,N/A,3.84E+12,,2710 tea olive dr,,,Texas,75154,2,0,SPY(1),774,953.72,12/18/24,12/20/24,2,Spyglass,953.72,953.72,,0,,12/13/24,Website/Booking Engine,,Checked Out,United States of America,,,Unknown,,,,,,,,,,,,,,,,,,,70,844,5,Direct,Spyglass,422
Onera Fredericksburg,Jessica J. Adams,ak588xlmbd@m.expediapartnercentral.com,3218907706,,N/A,9.48E+12,379559424,,,,,,2,0,OAK(1),313.84,0,12/18/24,12/19/24,1,Live Oak Lodge,354.64,354.64,,354.64,,12/18/24,Expedia (Channel Collect Booking),,Checked Out,Unknown,,,Unknown,Hotels.com,,,,,,,,,,,,,,,,,,35,349,0,Expedia,Live Oak Lodge,349
Onera Fredericksburg,Maisy Johnson,Maisyabbigailjohnson2000@gmail.com,8326062608,,N/A,9.92E+12,,1112 Lawrence st,Apt 8,Houston,Texas,77008,2,0,JUN(1),293,370.64,12/19/24,12/20/24,1,Juniper Haus,370.64,370.64,,0,,11/26/24,Website/Booking Engine,,Checked Out,United States of America,,,Unknown,,,,,,,,,,,,,,,,,,,35,328,23,Direct,Juniper Haus,328
Onera Fredericksburg,Tiffaney Mock,N/A,1.98E+10,,N/A,7.11E+12,HMPCPKTT5F,,,,,,2,0,MON(1),1453,0,12/19/24,12/21/24,2,Monarch,1641.89,0,,1641.89,,12/1/24,Airbnb (API),,Checked Out,Unknown,,,Unknown,,,,,,,,,,,,,,,,,,,70,1523,18,Airbnb,Monarch,762
Onera Fredericksburg,Terri Miller,wilmiller2001@yahoo.com,2544790062,,N/A,3.55E+12,,2033 S Highway 174,,RIO VISTA,,76093,2,1,SAF(1),379,467.82,12/19/24,12/20/24,1,Sage Safari,467.82,467.82,,0,,12/19/24,Website/Booking Engine,,Checked Out,Antarctica,,,Unknown,,,,,,,,,,,,,,,,,,,35,414,0,Direct,Sage Safari,414
Onera Fredericksburg,Leah Fazzio,leahfazzio@icloud.com,7372286417,,N/A,1.68E+12,,235 Rogers Road,,Wimberley,Texas,78676,2,0,DOM(1),316,396.63,12/19/24,12/20/24,1,Lantana Dome,396.63,396.63,,0,,12/19/24,Website/Booking Engine,,Checked Out,United States of America,,,Unknown,,,,,,,,,,,,,,,,,,,35,351,0,Direct,Lantana Dome,351
OLD Track,Natalie Callison,callison.natalie@gmail.com,Natalie Callison callison.natalie@gmail.com,,,10005,,,,,,,,,Spyglass,778,1128.02,12/20/24,12/22/24,2,,,,,0,,8/4/24,Website,,Confirmed,,,,,,,,,,,,,,Rack Rate,,0,0,223.37,126.65,0,channel,,,1001,138,Direct,Spyglass,501
OLD Track,Zachary Miles,,Zachary Miles,,,10070,HMXP3FFXQC,,,,,,,,Juniper Haus,637,827.16,12/20/24,12/23/24,3,,,,,0.01,,8/8/24,AIRBNB,,Confirmed,,,,,Airbnb,,,,,,,,,Rack Rate,,,0,95,95.17,0,channel,,,732,134,Airbnb,Juniper Haus,244
Onera Fredericksburg,Alan Lopez,alanrlopez47@yahoo.com,9402840992,,N/A,7.23E+12,,4906 Knob Hill Dr,,Denton,Texas,76207,2,0,DOM(1),2198,2641.94,12/20/24,12/24/24,4,Lantana Dome,2641.94,2641.94,,0,,10/16/24,Website/Booking Engine,,Confirmed,United States of America,,,Unknown,,,,,,,,,,,,,,,,,,,140,2338,65,Direct,Lantana Dome,585
Onera Fredericksburg,Devi Pennington,N/A,1.97E+10,,N/A,7.56E+12,HMCX5HD2ZW,,,,,,2,0,BLU(1),596.18,0,12/20/24,12/22/24,2,Bluebonnet,673.7,0,,673.7,,11/10/24,Airbnb (API),,Checked Out,Unknown,,,Unknown,,,,,,,,,,,,,,,,,,,70,666,40,Airbnb,Bluebonnet,333
Onera Fredericksburg,Brandon Stroud,bstroud6.5@gmail.com,254-300-2010,,N/A,8.76E+12,,1115 Carnaby Dr,,Temple,Texas,76502,2,0,PEC(1),698,867.84,12/20/24,12/22/24,2,Pecan Haus,867.84,867.84,,0,,11/14/24,Website/Booking Engine,,Checked Out,United States of America,,,Unknown,,,,,,,,,,,,,,,,,,,70,768,36,Direct,Pecan Haus,384
Onera Fredericksburg,Cristina Umana,Cristina.umana88@gmail.com,5125388869,,N/A,6.18E+12,,11310 Spicewood club dr,34,Austin,Texas,78750,2,0,CED(1),698,867.84,12/20/24,12/22/24,2,Cedar Haus,867.84,867.84,,0,,11/16/24,Website/Booking Engine,,Checked Out,United States of America,,,Unknown,,,,,,,,,,,,,,,,,,,70,768,34,Direct,Cedar Haus,384
Onera Fredericksburg,Greg Thomas,greganthonythomas@gmail.com,9726971142,,N/A,4.56E+12,,602 S 3rd St,,Austin,Texas,78704,2,0,OAK(1),445,542.4,12/20/24,12/21/24,1,Live Oak Lodge,542.4,542.4,,0,,12/20/24,Website/Booking Engine,,Checked Out,United States of America,,,Unknown,,,,,,,,,,,,,,,,,,,35,480,0,Direct,Live Oak Lodge,480
Onera Fredericksburg,Danielle Kruger,danielle.a.kruger@gmail.com,8327440995,,N/A,7.72E+12,,5110 Rutherglenn Drive,,Houston,,77096,2,0,OAK(1),2019,2349.27,12/21/24,12/24/24,3,Live Oak Lodge,2400.12,2349.27,,50.85,,9/30/24,Website/Booking Engine,,Confirmed,United States of America,,,Unknown,,,,,,,,,,,,,,,,,,,105,2124,82,Direct,Live Oak Lodge,708
Onera Fredericksburg,Marcos Guerrero,marcos.abygail.guerrero@gmail.com,5756806822,,N/A,5.70E+12,,14715 Running Wolf,,San Antonio,Texas,78245,4,0,SAF(1),1387,1646.41,12/21/24,12/23/24,2,Sage Safari,1646.41,1646.41,,0,,10/27/24,Website/Booking Engine,,Confirmed,United States of America,,,Unknown,,,,,,,,,,,,,,,,,,,70,1457,55,Direct,Sage Safari,729
Onera Fredericksburg,Robin Greenfield,N/A,1.31E+10,,N/A,8.60E+12,HMRSF2TPWN,,,,,,2,0,MON(1),1453,0,12/21/24,12/23/24,2,Monarch,1641.89,0,,1641.89,,12/1/24,Airbnb (API),,Checked Out,Unknown,,,Unknown,,,,,,,,,,,,,,,,,,,70,1523,20,Airbnb,Monarch,762
Onera Fredericksburg,Christy Catalano,arhoa.christy@gmail.com,5126083806,,N/A,9.09E+12,,341 Cathedral Mountain Dr,,Dripping Springs,Texas,78620,2,0,BUC(1),407,0,12/21/24,12/22/24,1,Buckeye Bungalow,499.46,499.46,,499.46,,12/19/24,Website/Booking Engine,,Checked Out,United States of America,,,Unknown,,,,,,,,,,,,,,,,,,,35,442,2,Direct,Buckeye Bungalow,442
Onera Fredericksburg,Adam Lewis,adamlewis8777@gmail.com,6016227498,,N/A,3.50E+12,,7825 Rancho Vistat Blvd. W,,Corpus Christi,Texas,78414,2,0,WAL(1),556,667.83,12/21/24,12/22/24,1,Walnut House,667.83,667.83,,0,,12/21/24,Website/Booking Engine,,Checked Out,United States of America,,,Unknown,,,,,,,,,,,,,,,,,,,35,591,0,Direct,Walnut House,591
Onera Fredericksburg,Angelus McFarlane,bbmtbjj@gmail.com,713-377-8859,,N/A,3.63E+12,,5807 Cartagena St,,Houston,Texas,77035,2,0,N/A,1306,1633.98,12/22/24,12/26/24,4,Bluebonnet,1633.98,1633.98,,0,,11/1/24,Website/Booking Engine,,Cancelled,United States of America,,11/26/24,Unknown,,,,,,,,,,,,,,,,,,,140,1446,51,Direct,Bluebonnet,362
Onera Fredericksburg,Grace Metz,gracejinm@gmail.com,7132528529,,N/A,1.42E+12,,4411 Spicewood Springs Rd.,1906,Austin,,78759,2,0,SPY(1),541,650.88,12/22/24,12/23/24,1,Spyglass,650.88,650.88,,0,,12/10/24,Website/Booking Engine,,Checked Out,United States of America,,,Unknown,,,,,,,,,,,,,,,,,,,35,576,12,Direct,Spyglass,576
Onera Fredericksburg,Carlos Harris,harrisc005@hotmail.com,8174566129,,N/A,7.20E+12,,641 Wales Ct,,Waxahachie,Texas,75167,2,0,WAL(1),379,467.82,12/22/24,12/23/24,1,Walnut House,467.82,467.82,,0,,12/18/24,Website/Booking Engine,,Checked Out,United States of America,,,Unknown,,,,,,,,,,,,,,,,,,,35,414,4,Direct,Walnut House,414
Onera Fredericksburg,Hisham Younis,onera@xohat.com,5044084934,,N/A,3.56E+12,,1306 Darter Ln,,Austin,Texas,78746,2,0,BLU(1),205,271.2,12/22/24,12/23/24,1,Bluebonnet,271.2,271.2,,0,,12/19/24,Website/Booking Engine,,Checked Out,United States of America,,,Unknown,,,,,,,,,,,,,,,,,,,35,240,3,Direct,Bluebonnet,240
Onera Fredericksburg,Veronica Marie,N/A,1.91E+10,,N/A,5.10E+12,HMSPSCFYJ9,,,,,,2,0,CED(1),212.56,0,12/22/24,12/23/24,1,Cedar Haus,240.19,0,,240.19,,12/19/24,Airbnb (API),,Checked Out,Unknown,,,Unknown,,,,,,,,,,,,,,,,,,,35,248,3,Airbnb,Cedar Haus,248
Onera Fredericksburg,Hisham Younis,onera@xohat.com,5044084934,,N/A,5.44E+12,,1306 Darter Ln,,Austin,Texas,78746,2,0,COC(1),823,1009.09,12/22/24,12/24/24,2,Cocoon,1009.09,1009.09,,0,,12/19/24,Website/Booking Engine,,Checked Out,United States of America,,,Unknown,,,,,,,,,,,,,,,,,,,70,893,3,Direct,Cocoon,447
Onera Fredericksburg,Jordan Steubing,N/A,1.21E+10,,N/A,2.81E+12,HMY4MFPQDJ,,,,,,2,0,BUC(1),289,0,12/22/24,12/23/24,1,Buckeye Bungalow,326.57,0,,326.57,,12/20/24,Airbnb (API),,Checked Out,Unknown,,,Unknown,,,,,,,,,,,,,,,,,,,35,324,2,Airbnb,Buckeye Bungalow,324
Onera Fredericksburg,Guadalupe Chavez,lupe0313@gmail.com,3257167277,,N/A,6.58E+12,,14974 Deer Valley Dr,,Carlsbad,,76934,2,0,PEC(1),205,271.2,12/22/24,12/23/24,1,Pecan Haus,271.2,271.2,,0,,12/20/24,Website/Booking Engine,,Checked Out,United States of America,,,Unknown,,,,,,,,,,,,,,,,,,,35,240,2,Direct,Pecan Haus,240
Onera Fredericksburg,kathy chavez,kachavez1424@att.net,2142020639,,N/A,6.57E+12,,6840 Chantilly lane,,Dallas,Texas,75214,2,0,SAF(1),2324,2682.62,12/23/24,12/26/24,3,Sage Safari,2744.77,2682.62,,62.15,,9/22/24,Website/Booking Engine,,Confirmed,United States of America,,,Unknown,,,,,,,,,,,,,,,,,,,105,2429,92,Direct,Sage Safari,810
Onera Fredericksburg,Caroline Brown,carolwbro@gmail.com,5125894300,,N/A,1.18E+12,,215 Brazos street,3407,Austin,Texas,78701,3,0,"COC(1), BLU(1)",664,829.42,12/23/24,12/25/24,2,"Cocoon, Bluebonnet",829.42,829.42,,0,,11/28/24,Website/Booking Engine,,Checked Out,United States of America,,,Unknown,,,,,,,,,,,,,,,,,,,70,734,25,Direct,"Cocoon, Bluebonnet",367
Onera Fredericksburg,Hisham Younis,onera@xohat.com,5044084934,,N/A,3.44E+12,,1306 Darter Ln,,Austin,Texas,78746,2,0,MON(1),632,753.71,12/23/24,12/24/24,1,Monarch,753.71,753.71,,0,,12/19/24,Website/Booking Engine,,Checked Out,United States of America,,,Unknown,,,,,,,,,,,,,,,,,,,35,667,4,Direct,Monarch,667
Onera Fredericksburg,Jennifer Finney,jennapixels@gmail.com,5127966004,,N/A,9.59E+12,,4424 Gaines Ranch Loop,434,Austin,Texas,78735,2,0,PEC(1),221,289.28,12/23/24,12/24/24,1,Pecan Haus,289.28,289.28,,0,,12/20/24,Website/Booking Engine,,Checked Out,United States of America,,,Unknown,,,,,,,,,,,,,,,,,,,35,256,3,Direct,Pecan Haus,256
Onera Fredericksburg,Ricky Zhao,zhaobiruru@gmail.com,5713535256,,N/A,5.67E+12,,91 Red River Street,2603,Austin,Texas,78701,2,0,CED(1),177,239.56,12/23/24,12/24/24,1,Cedar Haus,239.56,239.56,,0,,12/21/24,Website/Booking Engine,,Checked Out,United States of America,,,Unknown,,,,,,,,,,,,,,,,,,,35,212,2,Direct,Cedar Haus,212
Onera Fredericksburg,Norma Ibarra,N/A,1.21E+10,,N/A,4.88E+12,HMZKR54EWR,,,,,,1,0,JUN(1),292.74,0,12/23/24,12/25/24,2,Juniper Haus,330.8,0,,330.8,,12/21/24,Airbnb (API),,Checked Out,Unknown,,,Unknown,,,,,,,,,,,,,,,,,,,70,363,2,Airbnb,Juniper Haus,181
Onera Fredericksburg,Courtney Diehl,courtneyc.diehl@gmail.com,9.72E+10,,N/A,8.63E+12,,916 W 26 St,,Houston,Texas,77008,2,0,MON(1),1692,1979.76,12/24/24,12/26/24,2,Monarch,1991.06,1979.76,,11.3,,9/28/24,Website/Booking Engine,,Confirmed,United States of America,,,Unknown,,,,,,,,,,,,,,,,,,,70,1762,87,Direct,Monarch,881
Onera Fredericksburg,Muthu Tamizhmani,Informmuthu@yahoo.com,5122164221,,N/A,9.79E+12,,1936 Guntersville bnd,,Leander,Texas,78641,2,0,DOM(1),1240,1480.3,12/24/24,12/26/24,2,Lantana Dome,1480.3,1480.3,,0,,12/9/24,Website/Booking Engine,,Checked Out,United States of America,,,Unknown,,,,,,,,,,,,,,,,,,,70,1310,15,Direct,Lantana Dome,655
Onera Fredericksburg,Josh Mares,N/A,1.30E+10,,N/A,4.95E+12,HMN9RDHYAB,,,,,,2,0,CED(1),165.04,0,12/24/24,12/25/24,1,Cedar Haus,186.49,0,,186.49,,12/21/24,Airbnb (API),,Checked Out,Unknown,,,Unknown,,,,,,,,,,,,,,,,,,,35,200,3,Airbnb,Cedar Haus,200
Onera Fredericksburg,Rutsari Paredes,rutsarip@gmail.com,4699899281,,N/A,7.74E+12,,122 Maravillas Bnd,,Bastrop,,78602,2,0,PEC(1),137,194.36,12/24/24,12/25/24,1,Pecan Haus,194.36,194.36,,0,,12/22/24,Website/Booking Engine,,Checked Out,United States of America,,,Unknown,,,,,,,,,,,,,,,,,,,35,172,2,Direct,Pecan Haus,172
Onera Fredericksburg,Stephen Webster,060d33htup@m.expediapartnercentral.com,#ERROR!,,N/A,4.53E+12,382044396,,,,,,2,0,OAK(1),824.72,0,12/24/24,12/26/24,2,Live Oak Lodge,931.94,931.94,,931.94,,12/22/24,Expedia (Channel Collect Booking),,Checked Out,Unknown,,,Unknown,Expedia,,,,,,,,,,,,,,,,,,70,895,2,Expedia,Live Oak Lodge,447
Onera Fredericksburg,Lexie Lucas,N/A,1.21E+10,,N/A,2.12E+12,HMHTX82QZX,,,,,,2,0,WAL(1),750,0,12/24/24,12/26/24,2,Walnut House,847.5,0,,847.5,,12/23/24,Airbnb (API),,Checked Out,Unknown,,,Unknown,,,,,,,,,,,,,,,,,,,70,820,1,Airbnb,Walnut House,410
Onera Fredericksburg,Vicky Ezell,N/A,1.21E+10,,N/A,6.45E+12,HMKNCJHWYQ,,,,,,2,0,JUN(1),722.04,0,12/25/24,12/28/24,3,Juniper Haus,815.91,0,,815.91,,12/4/24,Airbnb (API),,Checked Out,Unknown,,,Unknown,,,,,,,,,,,,,,,,,,,105,827,21,Airbnb,Juniper Haus,276
Onera Fredericksburg,Rico Wassather,N/A,1.82E+10,,N/A,7.33E+12,HMWPRZZ2X3,,,,,,2,0,PEC(1),613,0,12/25/24,12/27/24,2,Pecan Haus,692.69,0,,692.69,,12/7/24,Airbnb (API),,Checked Out,Unknown,,,Unknown,,,,,,,,,,,,,,,,,,,70,683,18,Airbnb,Pecan Haus,342
Onera Fredericksburg,Damaris Cepeda,N/A,1.96E+10,,N/A,4.33E+12,HM9TE5MMCK,,,,,,2,0,CED(1),191.5,0,12/25/24,12/26/24,1,Cedar Haus,216.39,0,,216.39,,12/20/24,Airbnb (API),,Checked Out,Unknown,,,Unknown,,,,,,,,,,,,,,,,,,,35,227,5,Airbnb,Cedar Haus,227
Onera Fredericksburg,Guilmar Cueva,tfa1pnira5@m.expediapartnercentral.com,#ERROR!,,N/A,3.62E+12,382466673,,,,,,2,0,BLU(1),170.37,0,12/25/24,12/26/24,1,Bluebonnet,192.52,192.52,,192.52,,12/23/24,Expedia (Channel Collect Booking),,Checked Out,Unknown,,,Unknown,Expedia,,,,,,,,,,,,,,,,,,35,205,2,Expedia,Bluebonnet,205
Onera Fredericksburg,Oscar Linares,Linaresoscar53@gmail.com,5128318600,,N/A,9.45E+12,,13 yellow tail,,,Texas,78745,1,0,BUC(1),304,383.07,12/25/24,12/26/24,1,Buckeye Bungalow,383.07,383.07,,0,,12/23/24,Website/Booking Engine,,Checked Out,United States of America,,,Unknown,,,,,,,,,,,,,,,,,,,35,339,2,Direct,Buckeye Bungalow,339
Onera Fredericksburg,Ricardo Arellano,huf9k92im3@m.expediapartnercentral.com,2108311880,,N/A,8.08E+12,383322827,,,,,,2,0,SPY(1),412.47,0,12/25/24,12/26/24,1,Spyglass,466.09,466.09,,466.09,,12/25/24,Expedia (Channel Collect Booking),,Checked Out,Unknown,,,Unknown,Hotels.com,,,,,,,,,,,,,,,,,,35,447,0,Expedia,Spyglass,447
Onera Fredericksburg,Jesus Olvera,koxfcf4pep@m.expediapartnercentral.com,#ERROR!,,N/A,3.16E+12,383333326,,,,,,2,0,COC(1),995.2,0,12/25/24,12/27/24,2,Cocoon,1124.58,1124.58,,1124.58,,12/25/24,Expedia (Channel Collect Booking),,Checked Out,Unknown,,,Unknown,Expedia,,,,,,,,,,,,,,,,,,70,1065,0,Expedia,Cocoon,533
Onera Fredericksburg,debbie sipowicz,debbiesipo@gmail.com,6502288287,,N/A,1.40E+12,,1300 Bluebell Avenue,,Boulder,,80302,2,0,BLU(1),349,433.92,12/26/24,12/27/24,1,Bluebonnet,433.92,433.92,,0,,11/24/24,Website/Booking Engine,,Checked Out,United States of America,,,Unknown,,,,,,,,,,,,,,,,,,,35,384,32,Direct,Bluebonnet,384
Onera Fredericksburg,Gumaro Granados,glq1984@gmail.com,8322287837,,N/A,2.46E+12,,515 Arbor Ct,,Pearland,Texas,77584,2,0,OAK(1),1109,1332.27,12/26/24,12/28/24,2,Live Oak Lodge,1332.27,1332.27,,0,,12/13/24,Website/Booking Engine,,Checked Out,United States of America,,,Unknown,,,,,,,,,,,,,,,,,,,70,1179,13,Direct,Live Oak Lodge,590
Onera Fredericksburg,Doug Schaaf,dougschaaf1@gmail.com,3125012002,,N/A,2.74E+12,,4411 Mirador Dr,,Austin,Texas,78735,3,1,SAF(1),1482,1753.76,12/26/24,12/28/24,2,Sage Safari,1753.76,1753.76,,0,,12/15/24,Website/Booking Engine,,Checked Out,United States of America,,,Unknown,,,,,,,,,,,,,,,,,,,70,1552,11,Direct,Sage Safari,776
Onera Fredericksburg,Robert Malecki,malecki_robert@yahoo.com,6304370947,,N/A,7.99E+12,,1104 Gross St,,Houston,,77019,2,0,SPY(1),1482,1753.76,12/26/24,12/28/24,2,Spyglass,1753.76,1753.76,,0,,12/19/24,Website/Booking Engine,,Checked Out,United States of America,,,Unknown,,,,,,,,,,,,,,,,,,,70,1552,7,Direct,Spyglass,776
Onera Fredericksburg,Victor Ortiz,vctrortz@gmail.com,3613184305,,N/A,9.21E+12,,4125 Azali Dr.,,Corpus Christi,Texas,78414,2,0,MON(1),445,542.4,12/26/24,12/27/24,1,Monarch,542.4,542.4,,0,,12/21/24,Website/Booking Engine,,Checked Out,United States of America,,,Unknown,,,,,,,,,,,,,,,,,,,35,480,5,Direct,Monarch,480
Onera Fredericksburg,Romy Parzick,romyparzick@gmail.com,9197246036,,N/A,1.70E+12,,1128 Linden Street,,Austin,Texas,78702,2,0,CED(1),183,246.34,12/26/24,12/27/24,1,Cedar Haus,246.34,246.34,,0,,12/22/24,Website/Booking Engine,,Checked Out,United States of America,,,Unknown,,,,,,,,,,,,,,,,,,,35,218,4,Direct,Cedar Haus,218
Onera Fredericksburg,Jessica Bromwell,jessicabromwell88@gmail.com,713-320-1674,,N/A,1.14E+12,,14802 bluffridge cir,,Houston,Texas,77095,2,0,DOM(1),326,407.93,12/26/24,12/27/24,1,Lantana Dome,407.93,407.93,,0,,12/22/24,Website/Booking Engine,,Checked Out,United States of America,,,Unknown,,,,,,,,,,,,,,,,,,,35,361,4,Direct,Lantana Dome,361
Onera Fredericksburg,Gabriela Moczygemba,gabrielitapereira03@gmail.com,7264375269,,N/A,9.95E+12,,14638 triple crown lane,,San Antonio,Texas,78248,2,0,WAL(1),445,542.4,12/26/24,12/27/24,1,Walnut House,542.4,542.4,,0,,12/24/24,Website/Booking Engine,,Checked Out,United States of America,,,Unknown,,,,,,,,,,,,,,,,,,,35,480,2,Direct,Walnut House,480
Onera Fredericksburg,William Lisman,wlisman@gmail.com,5706067954,,N/A,9.30E+12,,4609 Rosedale Ave,,Austin,Texas,78756,2,0,BLU(1),902,1098.36,12/27/24,12/29/24,2,Bluebonnet,1098.36,1098.36,,0,,11/10/24,Website/Booking Engine,,Checked Out,United States of America,,,Unknown,,,,,,,,,,,,,,,,,,,70,972,47,Direct,Bluebonnet,486
Onera Fredericksburg,Michael Bily,Kat.michael.bily@gmail.com,2105080142,,N/A,1.31E+12,,,,,,,2,0,PEC(1),902,1098.36,12/27/24,12/29/24,2,Pecan Haus,1098.36,1098.36,,0,,11/20/24,Website/Booking Engine,,Checked Out,United States of America,,,Unknown,,,,,,,,,,,,,,,,,,,70,972,37,Direct,Pecan Haus,486
Onera Fredericksburg,Kristine Gonzalez,kemanglona@gmail.com,4157944399,,N/A,8.49E+12,,224 Baralo St,,Leander,,78641,2,0,DOM(1),1236,1475.78,12/27/24,12/29/24,2,Lantana Dome,1475.78,1475.78,,0,,12/6/24,Website/Booking Engine,,Checked Out,United States of America,,,Unknown,,,,,,,,,,,,,,,,,,,70,1306,21,Direct,Lantana Dome,653
Onera Fredericksburg,Victor E Rodriguez,rodriguez.victore25@gmail.com,2543393044,,N/A,3.65E+12,,6525 Sendero Ln,,Waco,,76712,2,0,CED(1),676,842.98,12/27/24,12/29/24,2,Cedar Haus,842.98,842.98,,0,,12/7/24,Website/Booking Engine,,Checked Out,United States of America,,,Unknown,,,,,,,,,,,,,,,,,,,70,746,20,Direct,Cedar Haus,373
Onera Fredericksburg,Taylor Sauer,t.sauer94@yahoo.com,9496486907,,N/A,7.02E+12,,12600 Avery Ranch Boulevard,Apt 113,Cedar Park,Texas,78613,2,0,COC(1),1236,1475.78,12/27/24,12/29/24,2,Cocoon,1475.78,1475.78,,0,,12/12/24,Website/Booking Engine,,Checked Out,United States of America,,,Unknown,,,,,,,,,,,,,,,,,,,70,1306,15,Direct,Cocoon,653
Onera Fredericksburg,James Dickinson,jamesdickinson62@gmail.com,5127572213,,N/A,3.16E+12,,2025 Ridge View Drive,,SAN MARCOS,Texas,78666,2,0,N/A,1694,0,12/27/24,12/29/24,2,Monarch,1993.32,1993.32,,1993.32,,12/14/24,Website/Booking Engine,,Cancelled,United States of America,,12/14/24,Unknown,,,,,,,,,,,,,,,,,,,70,1764,13,Direct,Monarch,882
Onera Fredericksburg,James Dickinson,jamesdickinson62@gmail.com,5127572213,,N/A,5.26E+12,,2025 Ridge View Drive,,SAN MARCOS,Texas,78666,2,0,MON(1),1694,1993.32,12/27/24,12/29/24,2,Monarch,1993.32,1993.32,,0,,12/14/24,Website/Booking Engine,,Checked Out,United States of America,,,Unknown,,,,,,,,,,,,,,,,,,,70,1764,13,Direct,Monarch,882
Onera Fredericksburg,Chad Byard,cbyard05@gmail.com,2108022900,,N/A,2.52E+12,,11502 Capital Peak,,Helotes,Texas,78023,2,0,WAL(1),1694,1993.32,12/27/24,12/29/24,2,Walnut House,1993.32,1993.32,,0,,12/22/24,Website/Booking Engine,,Checked Out,United States of America,,,Unknown,,,,,,,,,,,,,,,,,,,70,1764,5,Direct,Walnut House,882
Onera Fredericksburg,Bianca Urquia,N/A,1.83E+10,,N/A,5.78E+12,HMDWRFQ245,,,,,,2,0,JUN(1),836,0,12/28/24,12/30/24,2,Juniper Haus,944.68,0,,944.68,,10/13/24,Airbnb (API),,Confirmed,Unknown,,,Unknown,,,,,,,,,,,,,,,,,,,70,906,76,Airbnb,Juniper Haus,453
Onera Fredericksburg,Steven Satter,s.s.satter@gmail.com,9798200290,,N/A,7.63E+12,,5107 Terlingua Dr,,Granbury,,76048,2,0,SPY(1),2258,2630.64,12/28/24,12/30/24,2,Spyglass,2630.64,2630.64,,0,,12/3/24,Website/Booking Engine,,Checked Out,United States of America,,,Unknown,,,,,,,,,,,,,,,,,,,70,2328,25,Direct,Spyglass,1164
Onera Fredericksburg,Laura Elia,le0dgfcldk@m.expediapartnercentral.com,#ERROR!,,N/A,3.64E+12,378650462,,,,,,4,0,OAK(1),1476.52,0,12/28/24,12/30/24,2,Live Oak Lodge,1668.47,1668.47,,1668.47,,12/16/24,Expedia (Channel Collect Booking),,Checked Out,Unknown,,,Unknown,Expedia,,,,,,,,,,,,,,,,,,70,1547,12,Expedia,Live Oak Lodge,773
Onera Fredericksburg,Jennie Howard,Jenniehoward22@gmail.com,7134092874,,N/A,3.70E+12,,8714 Cedardale,,Houston,Texas,77055,2,0,SAF(1),1292,1539.06,12/28/24,12/30/24,2,Sage Safari,1539.06,1539.06,,0,,12/21/24,Website/Booking Engine,,Checked Out,United States of America,,,Unknown,,,,,,,,,,,,,,,,,,,70,1362,7,Direct,Sage Safari,681
Onera Fredericksburg,Burwell Thompson,burwelljthompson@live.com,9036548664,,N/A,7.01E+12,,2604 Zach Scott St,,Austin,Texas,78723,2,0,WAL(1),1736,2125.53,12/29/24,12/31/24,2,Walnut House,2125.53,2125.53,,0,,12/13/24,Website/Booking Engine,,Checked Out,United States of America,,,Unknown,,,,,,,,,,,,,,,,,,,70,1806,16,Direct,Walnut House,903
Onera Fredericksburg,Megan Ezekannagha,megwald@gmail.com,3162143331,,N/A,5.71E+12,,1500 Ruth Ave,Unit A,Austin,Texas,78757,2,0,N/A,254,13.33,12/29/24,12/30/24,1,Pecan Haus,326.57,326.57,,313.24,,12/15/24,Website/Booking Engine,,Cancelled,United States of America,,12/15/24,Unknown,,,,,,,,,,,,,,,,,,,35,289,14,Direct,Pecan Haus,289
Onera Fredericksburg,Christine Di Filippo,Czd1@mac.com,8179668586,,N/A,8.14E+12,,28 Catalonia Drive,,Westlake,Texas,76262,3,0,BLU(1),1325,1615.9,12/29/24,1/1/25,3,Bluebonnet,1615.9,1615.9,,0,,12/17/24,Website/Booking Engine,,Checked Out,United States of America,,,Unknown,,,,,,,,,,,,,,,,,,,105,1430,12,Direct,Bluebonnet,477
Onera Fredericksburg,James Difilippo,Czd1@mac.com,8172239374,,N/A,8.36E+12,,4905 Beldon Trail,,Colleyville,Texas,76034,3,0,MON(1),1546,1826.08,12/29/24,12/31/24,2,Monarch,1826.08,1826.08,,0,,12/19/24,Website/Booking Engine,,Checked Out,United States of America,,,Unknown,,,,,,,,,,,,,,,,,,,70,1616,10,Direct,Monarch,808
Onera Fredericksburg,Darren Bauman,dpbauman@swbell.net,2104224234,,N/A,9.94E+12,,4500 Ridge Canyon Dr,,Schertz,Texas,78154,2,0,BUC(1),278,353.69,12/29/24,12/30/24,1,Buckeye Bungalow,353.69,353.69,,0,,12/20/24,Website/Booking Engine,,Checked Out,United States of America,,,Unknown,,,,,,,,,,,,,,,,,,,35,313,9,Direct,Buckeye Bungalow,313
Onera Fredericksburg,Steve Miller,Steve@maxmillwork.com,9544486155,,N/A,2.40E+12,,2912 Banyan Blvd Cir NW,,Boca Raton,Florida,33431,4,0,"COC(1), DOM(1)",1823,2218.19,12/29/24,12/31/24,2,"Cocoon, Lantana Dome",2218.19,2218.19,,0,,12/23/24,Website/Booking Engine,,Checked Out,United States of America,,,Unknown,,,,,,,,,,,,,,,,,,,70,1893,6,Direct,"Cocoon, Lantana Dome",947
Onera Fredericksburg,Eijiro Tadokoro,3b7733jjb0@m.expediapartnercentral.com,#ERROR!,,N/A,9.78E+12,382957356,,,,,,2,0,PEC(1),228.15,0,12/29/24,12/30/24,1,Pecan Haus,257.81,257.81,,257.81,,12/24/24,Expedia (Channel Collect Booking),,Checked Out,Unknown,,,Unknown,Expedia,,,,,,,,,,,,,,,,,,35,263,5,Expedia,Pecan Haus,263
Onera Fredericksburg,Luke Aguilar,N/A,1.21E+10,,N/A,1.90E+12,HMJCTZYJJS,,,,,,2,0,CED(1),246.88,0,12/29/24,12/30/24,1,Cedar Haus,278.97,0,,278.97,,12/25/24,Airbnb (API),,Checked Out,Unknown,,,Unknown,,,,,,,,,,,,,,,,,,,35,282,4,Airbnb,Cedar Haus,282
Onera Fredericksburg,Brooke Townsend,brooket8@comcast.net,2817552299,,N/A,6.68E+12,,19106 S. Rim Trail,,Spring,Texas,77388,2,0,PEC(1),1128,1342.44,12/30/24,1/1/25,2,Pecan Haus,1353.74,1342.44,,11.3,,9/29/24,Website/Booking Engine,,Confirmed,United States of America,,,Unknown,,,,,,,,,,,,,,,,,,,70,1198,92,Direct,Pecan Haus,599
Onera Fredericksburg,Kristin Sherrill,kshellie10@gmail.com,8173725510,,N/A,6.64E+12,,9631 Sunset Drive,,Lavon,Texas,75166,2,0,OAK(1),2184,2631.77,12/30/24,1/1/25,2,Live Oak Lodge,2631.77,2631.77,,0,,12/20/24,Website/Booking Engine,,Checked Out,United States of America,,,Unknown,,,,,,,,,,,,,,,,,,,70,2254,10,Direct,Live Oak Lodge,1127
Onera Fredericksburg,George Chongris,george.chongris@me.com,2145566000,,N/A,9.87E+12,,301 W Stassney Ln,Unit 5,Austin,Texas,78745,2,0,CED(1),1699,2078.07,12/30/24,1/3/25,4,Cedar Haus,2078.07,2078.07,,0,,12/20/24,Website/Booking Engine,,Checked Out,United States of America,,,Unknown,,,,,,,,,,,,,,,,,,,140,1839,10,Direct,Cedar Haus,460
Onera Fredericksburg,Kylie Madison Stewart,N/A,1.28E+10,,N/A,7.20E+12,HMNFSX42PA,,,,,,2,0,JUN(1),287.8,0,12/30/24,12/31/24,1,Juniper Haus,325.22,0,,325.22,,12/24/24,Airbnb (API),,Checked Out,Unknown,,,Unknown,,,,,,,,,,,,,,,,,,,35,323,6,Airbnb,Juniper Haus,323
Onera Fredericksburg,TIM HENDON,N/A,#ERROR!,,N/A,2.20E+12,386194882,,,,,,2,0,SPY(1),447.31,0,12/30/24,12/31/24,1,Spyglass,505.46,505.46,,505.46,,12/30/24,Expedia (Channel Collect Booking),,Checked Out,Unknown,,,Unknown,American Express Travel,,,,,,,,,,,,,,,,,,35,482,0,Expedia,Spyglass,482
Onera Fredericksburg,Travis Gilpin,travis@critexas.com,5127394677,,N/A,2.37E+12,,1501 Mohle Dr,,Austin,,78703-1935,2,0,MON(1),1896,2221.58,12/31/24,1/2/25,2,Monarch,2221.58,2221.58,,0,,11/13/24,Website/Booking Engine,,Checked Out,United States of America,,,Unknown,,,,,,,,,,,,,,,,,,,70,1966,48,Direct,Monarch,983
Onera Fredericksburg,Eric Hood,Ericmatthewhood@gmail.com,2105359474,,N/A,7.22E+12,,6027 Arbor Hills Way,,The Colony,Texas,75056,2,0,DOM(1),1501,1775.23,12/31/24,1/2/25,2,Lantana Dome,1775.23,1775.23,,0,,11/27/24,Website/Booking Engine,,Checked Out,United States of America,,,Unknown,,,,,,,,,,,,,,,,,,,70,1571,34,Direct,Lantana Dome,786
Onera Fredericksburg,Kelli Jordan,kdjordan@forneyisd.net,9728975207,,N/A,6.68E+12,,1249 MERIDIAN DR,,FORNEY,Texas,75126,2,0,JUN(1),994,1202.32,12/31/24,1/2/25,2,Juniper Haus,1202.32,1202.32,,0,,12/18/24,Website/Booking Engine,,Checked Out,United States of America,,,Unknown,,,,,,,,,,,,,,,,,,,70,1064,13,Direct,Juniper Haus,532
Onera Fredericksburg,Kacy Wozniak,N/A,1.94E+10,,N/A,2.52E+12,HMSJ88R5TC,,,,,,2,0,WAL(1),2501.92,0,12/31/24,1/3/25,3,Walnut House,2827.18,0,,2827.18,,12/19/24,Airbnb (API),,Checked Out,Unknown,,,Unknown,,,,,,,,,,,,,,,,,,,105,2607,12,Airbnb,Walnut House,869
Onera Fredericksburg,Scott Sack,scottmsack@gmail.com,3174428154,,N/A,9.13E+12,,909 Reinli St,229,,Texas,78751,2,0,SPY(1),1468,1698.39,12/31/24,1/1/25,1,Spyglass,1698.39,1698.39,,0,,12/29/24,Website/Booking Engine,,Checked Out,United States of America,,,Unknown,,,,,,,,,,,,,,,,,,,35,1503,2,Direct,Spyglass,1503
Onera Fredericksburg,Randall Chupik,viki@chupik.com,5125772510,,N/A,4.17E+12,,PO Box 50562,,Austin,Texas,78763,2,0,SAF(1),734,868.97,12/31/24,1/1/25,1,Sage Safari,868.97,868.97,,0,,12/30/24,Website/Booking Engine,,Checked Out,United States of America,,,Unknown,,,,,,,,,,,,,,,,,,,35,769,1,Direct,Sage Safari,769
Onera Fredericksburg,Shapor Naghibzadeh,shapor@gmail.com,4158817427,,N/A,7.19E+12,,1981 Funston Ave,Apt A,San Francisco,California,94116,2,0,COC(1),565,678,12/31/24,1/1/25,1,Cocoon,678,678,,0,,12/30/24,Website/Booking Engine,,Checked Out,United States of America,,,Unknown,,,,,,,,,,,,,,,,,,,35,600,1,Direct,Cocoon,600
Onera Fredericksburg,TIM HENDON,N/A,#ERROR!,,N/A,3.68E+12,386332557,,,,,,2,0,BUC(1),596.76,0,12/31/24,1/1/25,1,Buckeye Bungalow,674.34,674.34,,674.34,,12/30/24,Expedia (Channel Collect Booking),,Checked Out,Unknown,,,Unknown,American Express Travel,,,,,,,,,,,,,,,,,,35,632,1,Expedia,Buckeye Bungalow,632
OLD Track,Garrett Kidd,,Garrett Kidd,,,9662,HMBPD5ND3K,,,,,,,,Juniper Haus,1047,1290.46,7/4/24,7/7/24,3,,,,,-489.28,,6/30/24,AIRBNB,,Checked Out,,,,,Airbnb,,,,,,,,,Rack Rate,,,0,95,148.47,0,channel,,,1142,4,Airbnb,Juniper Haus,381
Onera Fredericksburg,Kristin Oja,Kristin@statwellness.com,4047316868,,N/A,4.60E+12,,139 Foxridge Ct SE,,Marietta,Georgia,30067,2,2,SAF(1),856,1046.38,1/1/25,1/3/25,2,Sage Safari,1046.38,1046.38,,0,,10/26/24,Website/Booking Engine,,Confirmed,United States of America,,,Unknown,,,,,,,,,,,,,,,,,,,70,926,67,Direct,Sage Safari,463
Onera Fredericksburg,Dale Cole,dale.cole2@yahoo.com,5055147082,,N/A,2.43E+12,,1300 Plum Tree Way,,Georgetown,Texas,78628,2,0,PEC(1),529,676.87,1/1/25,1/3/25,2,Pecan Haus,676.87,676.87,,0,,11/30/24,Website/Booking Engine,,Checked Out,United States of America,,,Unknown,,,,,,,,,,,,,,,,,,,70,599,32,Direct,Pecan Haus,300
Onera Fredericksburg,Sayeli Sabnis,Sayeli.sushant@gmail.com,6095326126,,N/A,6.94E+12,,27245 Kane Lane,,Conroe,Texas,77385,2,0,COC(1),1184,1417.02,1/1/25,1/3/25,2,Cocoon,1417.02,1417.02,,0,,12/16/24,Website/Booking Engine,,Checked Out,United States of America,,,Unknown,,,,,,,,,,,,,,,,,,,70,1254,16,Direct,Cocoon,627
Onera Fredericksburg,Jason Trotignon,trotignon@live.com,2533357827,,N/A,2.32E+12,,25528 142nd Ave se,,Kent,Washington,98042,2,0,BLU(1),860,1050.9,1/1/25,1/3/25,2,Bluebonnet,1050.9,1050.9,,0,,12/29/24,Website/Booking Engine,,Checked Out,United States of America,,,Unknown,,,,,,,,,,,,,,,,,,,70,930,3,Direct,Bluebonnet,465
Onera Fredericksburg,Kelly Cole,N/A,1.72E+10,,N/A,2.33E+12,HMHT45C2EF,,,,,,2,0,JUN(1),748.6,0,1/2/25,1/5/25,3,Juniper Haus,845.92,0,,845.92,,10/23/24,Airbnb (API),,Confirmed,Unknown,,,Unknown,,,,,,,,,,,,,,,,,,,105,854,71,Airbnb,Juniper Haus,285
Onera Fredericksburg,Heather Louviere Trevizo,N/A,1.34E+10,,N/A,7.29E+12,HM3QAAA4NC,,,,,,2,0,MON(1),995,0,1/2/25,1/4/25,2,Monarch,1124.35,0,,1124.35,,11/24/24,Airbnb (API),,Checked Out,Unknown,,,Unknown,,,,,,,,,,,,,,,,,,,70,1065,39,Airbnb,Monarch,533
Onera Fredericksburg,Skip Hoyt,N/A,1.34E+10,,N/A,2.36E+12,HM9832FMX2,,,,,,2,0,SPY(1),995,0,1/2/25,1/4/25,2,Spyglass,1124.35,0,,1124.35,,11/29/24,Airbnb (API),,Checked Out,Unknown,,,Unknown,,,,,,,,,,,,,,,,,,,70,1065,34,Airbnb,Spyglass,533
Onera Fredericksburg,Parris Todd,Pt@parristodd.com,9494827929,,N/A,1.61E+12,,22007 brookmont drive,,Boca Raton,Florida,33143,2,0,BUC(1),1321,1571.83,1/2/25,1/4/25,2,Buckeye Bungalow,1571.83,1571.83,,0,,12/25/24,Website/Booking Engine,,Checked Out,United States of America,,,Unknown,,,,,,,,,,,,,,,,,,,70,1391,8,Direct,Buckeye Bungalow,696
Onera Fredericksburg,Gabriela Resendez,resendgab2011@gmail.com,7132109902,,N/A,4.07E+12,,2019 Millwood Dr,,Houston,Texas,77008,2,0,PEC(1),630,791,1/3/25,1/5/25,2,Pecan Haus,791,791,,0,,10/27/24,Website/Booking Engine,,Confirmed,United States of America,,,Unknown,,,,,,,,,,,,,,,,,,,70,700,68,Direct,Pecan Haus,350
Onera Fredericksburg,Breanna Kafentzis,N/A,1.51E+10,,N/A,5.63E+12,HMFW44DFSS,,,,,,2,0,CED(1),795.8,0,1/3/25,1/5/25,2,Cedar Haus,899.26,899.26,,899.26,,11/19/24,Airbnb (API),,Checked Out,Unknown,,,Unknown,,,,,,,,,,,,,,,,,,,70,866,45,Airbnb,Cedar Haus,433
Onera Fredericksburg,Jennifer Nield,Jennie.nield72@gmail.com,5124179333,,N/A,9.21E+12,,5604 southwest pkwy,3434,Austin,Texas,78735,2,0,N/A,1692,1991.06,1/3/25,1/5/25,2,Sage Safari,1991.06,1991.06,,0,,12/1/24,Website/Booking Engine,,Cancelled,United States of America,,1/2/25,Unknown,,,,,,,,,,,,,,,,,,,70,1762,33,Direct,Sage Safari,881
Onera Fredericksburg,Chris Mower,chrismower01@gmail.com,4793991792,,N/A,7.14E+12,,14 S Sherwood Drive,,Rogers,,72758,4,0,BLU(1),1116,1340.18,1/3/25,1/5/25,2,Bluebonnet,1340.18,1340.18,,0,,12/8/24,Website/Booking Engine,,Checked Out,United States of America,,,Unknown,,,,,,,,,,,,,,,,,,,70,1186,26,Direct,Bluebonnet,593
Onera Fredericksburg,Hossam Elsherbiny,N/A,1.62E+10,,N/A,3.32E+12,HMHRW99RWM,,,,,,2,0,MON(1),1189,0,1/5/25,1/9/25,4,Monarch,1343.57,0,,1343.57,,12/27/24,Airbnb (API),,Checked Out,Unknown,,,Unknown,,,,,,,,,,,,,,,,,,,140,1329,9,Airbnb,Monarch,332
Onera Fredericksburg,gautam kunwar,rush2dude@yahoo.com,2145189978,,N/A,8.64E+12,,1301 Scarlet Oak drive,,Arlington,,76005,2,2,BLU(1),129,185.32,1/5/25,1/6/25,1,Bluebonnet,185.32,185.32,,0,,12/31/24,Website/Booking Engine,,Checked Out,United States of America,,,Unknown,,,,,,,,,,,,,,,,,,,35,164,5,Direct,Bluebonnet,164
Onera Fredericksburg,Sigifredo Cepeda,sigicepe3@gmail.com,9566618057,,N/A,7.48E+12,,300 Mile 2 West Apt 1003,1003,Edcouch,Texas,78538,2,0,BLU(1),398,528.84,1/6/25,1/8/25,2,Bluebonnet,528.84,528.84,,0,,12/12/24,Website/Booking Engine,,Checked Out,United States of America,,,Unknown,,,,,,,,,,,,,,,,,,,70,468,25,Direct,Bluebonnet,234
Onera Fredericksburg,Katarina Test,katarina.glejtkova@gmail.com,910801986,,N/A,9.89E+12,,Malvern Dr,,Austin,Texas,78745,2,0,N/A,0.04,0,1/6/25,1/8/25,2,Cedar Haus (99.99OFFTESTCODE),79.14,79.14,,79.14,,12/19/24,Website/Booking Engine,,Cancelled,United States of America,,12/19/24,Unknown,,,,,,,,,,,,,,,,,,,70,70,18,Direct,Cedar Haus,35
Onera Fredericksburg,Jennifer Do,nhi_721@yahoo.com,7133038124,,N/A,5.84E+12,,1908 Highland Ridge,,pearland,Texas,77581,4,4,"OAK(1), SAF(1)",593,739.44,1/6/25,1/7/25,1,"Live Oak Lodge, Sage Safari",739.44,664.44,,0,,12/27/24,Website/Booking Engine,,Checked Out,United States of America,,,Unknown,,,,,,,,,,,,,,,,,,,35,628,10,Direct,"Live Oak Lodge, Sage Safari",628
Onera Fredericksburg,Ramsiva Reddy Bayyapureddy,Ramsivaiphone@gmail.com,6823746292,,N/A,8.21E+12,,1250 Hunt Street,Apt 1323,Richardson,Texas,75082,2,0,JUN(1),199,264.42,1/6/25,1/7/25,1,Juniper Haus,264.42,264.42,,0,,12/27/24,Website/Booking Engine,,Checked Out,United States of America,,,Unknown,,,,,,,,,,,,,,,,,,,35,234,10,Direct,Juniper Haus,234
Onera Fredericksburg,Adriana Vargus,addyvargus@yahoo.com,2106062727,,N/A,2.32E+12,,6934 Terra Rye,,San Antonio,,78240,2,0,PEC(1),199,264.42,1/6/25,1/7/25,1,Pecan Haus,264.42,264.42,,0,,12/30/24,Website/Booking Engine,,Checked Out,United States of America,,,Unknown,,,,,,,,,,,,,,,,,,,35,234,7,Direct,Pecan Haus,234
Onera Fredericksburg,Kylie Driver,kymax23@gmail.com,,,N/A,4.52E+12,,,,,,,2,0,JUN(1),199,264.42,1/7/25,1/8/25,1,Juniper Haus,264.42,264.42,,0,,12/12/24,Website/Booking Engine,,Checked Out,United States of America,,,Unknown,,,,,,,,,,,,,,,,,,,35,234,26,Direct,Juniper Haus,234
Onera Fredericksburg,Benjamin Marshall,marsha21@alumni.purdue.edu,8123229684,,N/A,2.41E+12,,2001 Plateau Vista Blvd,Apt 3113,Round Rock,Texas,78665,2,0,DOM(1),890,1084.8,1/8/25,1/10/25,2,Lantana Dome,1084.8,1084.8,,0,,10/6/24,Website/Booking Engine,,Confirmed,United States of America,,,Unknown,,,,,,,,,,,,,,,,,,,70,960,94,Direct,Lantana Dome,480
Onera Fredericksburg,Carla Boerst,carly.boerst@gmail.com,5127845965,,N/A,8.60E+12,,16100 Calloway Cove,,Austin,Texas,78717,2,0,CED(1),199,264.42,1/8/25,1/9/25,1,Cedar Haus,264.42,264.42,,0,,12/24/24,Website/Booking Engine,,Checked Out,United States of America,,,Unknown,,,,,,,,,,,,,,,,,,,35,234,15,Direct,Cedar Haus,234
Onera Fredericksburg,Thomas Vrzal,stmubaseball@yahoo.com,2108355300,,N/A,9.79E+12,,8539 Desert Cove Dr,,San Antonio,,78254,2,0,SAF(1),239,309.62,1/8/25,1/9/25,1,Sage Safari,309.62,309.62,,0,,12/27/24,Website/Booking Engine,,Checked Out,United States of America,,,Unknown,,,,,,,,,,,,,,,,,,,35,274,12,Direct,Sage Safari,274
Onera Fredericksburg,Ashley Rojas,ashley.cooper249@outlook.com,6055219575,,N/A,4.59E+12,,8218 Palace Ave,,McKinney,Texas,75071,2,0,PEC(1),199,264.42,1/8/25,1/9/25,1,Pecan Haus,264.42,264.42,,0,,12/31/24,Website/Booking Engine,,Checked Out,United States of America,,,Unknown,,,,,,,,,,,,,,,,,,,35,234,8,Direct,Pecan Haus,234
Onera Fredericksburg,Stacey Persinger,erianthe@iglou.com,9168046945,,N/A,2.69E+12,,9727 Anderson Village Dr,,Austin,Texas,78729,2,0,BLU(1),558,709.64,1/10/25,1/12/25,2,Bluebonnet,709.64,709.64,,0,,12/3/24,Website/Booking Engine,,Checked Out,United States of America,,,Unknown,,,,,,,,,,,,,,,,,,,70,628,38,Direct,Bluebonnet,314
Onera Fredericksburg,KC Eboh,kelechukwu.eboh@gmail.com,9739600935,,N/A,4.86E+12,,502 Park Blvd,,Austin,Texas,78751,2,0,SPY(1),1118,1342.44,1/10/25,1/12/25,2,Spyglass,1342.44,1342.44,,0,,12/5/24,Website/Booking Engine,,Checked Out,United States of America,,,Unknown,,,,,,,,,,,,,,,,,,,70,1188,36,Direct,Spyglass,594
Onera Fredericksburg,Pedro Martinez,N/A,1.96E+10,,N/A,3.54E+12,HMJ8AWK2SP,,,,,,2,0,JUN(1),496.6,0,1/10/25,1/12/25,2,Juniper Haus,561.16,0,,561.16,,12/8/24,Airbnb (API),,Checked Out,Unknown,,,Unknown,,,,,,,,,,,,,,,,,,,70,567,33,Airbnb,Juniper Haus,283
Onera Fredericksburg,Julio Benavides,juliobemo320@gmail.com,9154973759,,N/A,3.85E+12,,1737 Banks Street,,HOUSTON,Texas,77098,2,0,BUC(1),898,1093.84,1/10/25,1/12/25,2,Buckeye Bungalow,1093.84,1093.84,,0,,12/11/24,Website/Booking Engine,,Checked Out,United States of America,,,Unknown,,,,,,,,,,,,,,,,,,,70,968,30,Direct,Buckeye Bungalow,484
Onera Fredericksburg,joshua hickerson,kjr8m0bpur@m.expediapartnercentral.com,#ERROR!,,N/A,8.26E+12,376100185,,,,,,2,0,OAK(1),1491.45,0,1/10/25,1/13/25,3,Live Oak Lodge,1685.36,1685.36,,1685.36,,12/11/24,Expedia (Channel Collect Booking),,In-House,Unknown,,,Unknown,Expedia,,,,,,,,,,,,,,,,,,105,1596,30,Expedia,Live Oak Lodge,532
Onera Fredericksburg,Chase Williams,chasedogg96@gmail.com,7137159053,,N/A,4.87E+12,,1616 Post Oak Blvd,1404,Houston,Texas,77056,2,0,COC(1),898,1093.84,1/10/25,1/12/25,2,Cocoon,1093.84,1093.84,,0,,12/12/24,Website/Booking Engine,,Checked Out,United States of America,,,Unknown,,,,,,,,,,,,,,,,,,,70,968,29,Direct,Cocoon,484
Onera Fredericksburg,Peyton Randig,N/A,1.51E+10,,N/A,3.61E+12,HMFCAJA4J8,,,,,,2,0,MON(1),1077,0,1/10/25,1/12/25,2,Monarch,1217.01,0,,1217.01,,12/16/24,Airbnb (API),,Checked Out,Unknown,,,Unknown,,,,,,,,,,,,,,,,,,,70,1147,25,Airbnb,Monarch,574
Onera Fredericksburg,Kunal Pasrija,kunal@wickdalecapital.com,7133765117,,N/A,5.28E+12,,11122 Wickdale Dr.,,Houston,Texas,77024,2,0,DOM(1),898,1093.84,1/10/25,1/12/25,2,Lantana Dome,1093.84,1093.84,,0,,12/16/24,Website/Booking Engine,,Checked Out,United States of America,,,Unknown,,,,,,,,,,,,,,,,,,,70,968,25,Direct,Lantana Dome,484
Onera Fredericksburg,Sebastian Velasquez,Velasquezsebastian98@icloud.com,4322584629,,N/A,4.11E+12,,15506 Clove Spice Way,,Von Ormy,,78073,2,0,PEC(1),558,709.64,1/10/25,1/12/25,2,Pecan Haus,709.64,709.64,,0,,12/19/24,Website/Booking Engine,,Checked Out,United States of America,,,Unknown,,,,,,,,,,,,,,,,,,,70,628,22,Direct,Pecan Haus,314
Onera Fredericksburg,Juan Gomez,juan.gomez@staykalm.com,8174030896,,N/A,3.44E+12,,7305 Arbor Oaks Drive,,Dallas,Texas,75248,2,0,N/A,898,1093.84,1/10/25,1/12/25,2,Sage Safari,1093.84,1093.84,,0,,12/19/24,Website/Booking Engine,,Cancelled,United States of America,,1/6/25,Unknown,,,,,,,,,,,,,,,,,,,70,968,22,Direct,Sage Safari,484
Onera Fredericksburg,William Larson,N/A,1.83E+10,,N/A,9.04E+12,HM5Q9QBAWM,,,,,,2,0,CED(1),629.73,0,1/10/25,1/13/25,3,Cedar Haus,711.57,0,,711.57,,12/19/24,Airbnb (API),,In-House,Unknown,,,Unknown,,,,,,,,,,,,,,,,,,,105,735,22,Airbnb,Cedar Haus,245
Onera Fredericksburg,Austin Givens,ajgivens@gmail.com,9728770675,,N/A,5.30E+12,,2119 TWELVE OAKS CT,,ARLINGTON,Texas,76012,2,0,WAL(1),1998,2336.84,1/10/25,1/12/25,2,Walnut House,2336.84,2336.84,,0,,12/31/24,Website/Booking Engine,,Checked Out,United States of America,,,Unknown,,,,,,,,,,,,,,,,,,,70,2068,10,Direct,Walnut House,1034
OLD Track,Robert Brady,robertbradytx@gmail.com,Robert Brady robertbradytx@gmail.com,,,9838,,,,,,,,,Spyglass,674,991.58,1/12/25,1/14/25,2,,,,,0,,7/19/24,Website,,Confirmed,,,,,,,,,,,,,,Rack Rate,,0,0,206.21,111.37,0,channel,,,880,177,Direct,Spyglass,440
Onera Fredericksburg,Bailey Vossen,Baileyboo9000@gmail.com,7194644105,,N/A,1.70E+12,,11585 Alamo Ranch Parkway,Apt#3304,San Antonio,Texas,78253,2,0,COC(1),309,388.72,1/12/25,1/13/25,1,Cocoon,388.72,388.72,,0,,12/21/24,Website/Booking Engine,,In-House,United States of America,,,Unknown,,,,,,,,,,,,,,,,,,,35,344,22,Direct,Cocoon,344
Onera Fredericksburg,Anderson Duckworth,aduckworth75@gmail.com,8653327748,,N/A,7.33E+12,,2490 S Loop 336 W,5210,Conroe,Texas,77304,2,0,DOM(1),727,940.16,1/12/25,1/15/25,3,Lantana Dome,940.16,940.16,,0,,12/22/24,Website/Booking Engine,,In-House,United States of America,,,Unknown,,,,,,,,,,,,,,,,,,,105,832,21,Direct,Lantana Dome,277
Onera Fredericksburg,Jose Roberto Moreno Quezada,robert14m@gmail.com,2148669172,,N/A,8.46E+12,,1609 Williamsburg Dr,,Plano,Texas,75074,2,0,BLU(1),229,298.32,1/12/25,1/13/25,1,Bluebonnet,298.32,298.32,,0,,12/27/24,Website/Booking Engine,,In-House,United States of America,,,Unknown,,,,,,,,,,,,,,,,,,,35,264,16,Direct,Bluebonnet,264
Onera Fredericksburg,Megan O'Cain,N/A,1.40E+10,,N/A,3.34E+12,HMEAMKJT2W,,,,,,2,0,CED(1),343.59,0,1/13/25,1/15/25,2,Cedar Haus,388.27,0,,388.27,,12/10/24,Airbnb (API),,Confirmed,Unknown,,,Unknown,,,,,,,,,,,,,,,,,,,70,414,34,Airbnb,Cedar Haus,207
Onera Fredericksburg,Esther Dorotik,esther75028@yahoo.com,4693238315,,N/A,6.59E+12,,2104 Becket Drive,,Flower Mound,Texas,75028,2,0,COC(1),418,551.44,1/13/25,1/15/25,2,Cocoon,551.44,551.44,,0,,12/12/24,Website/Booking Engine,,Confirmed,United States of America,,,Unknown,,,,,,,,,,,,,,,,,,,70,488,32,Direct,Cocoon,244
Onera Fredericksburg,Barrett Yeager,barrett.yeager@gmail.com,8322471474,,N/A,4.28E+12,,9301 Hog Eye Rd.,#222,Austin,Texas,78724,2,0,MON(1),478,619.24,1/13/25,1/15/25,2,Monarch,619.24,619.24,,0,,12/15/24,Website/Booking Engine,,Confirmed,United States of America,,,Unknown,,,,,,,,,,,,,,,,,,,70,548,29,Direct,Monarch,274
Onera Fredericksburg,Holly A Haney,hhaney95@gmail.com,2083607532,,N/A,4.72E+12,,1810 Maple Avenue,,Austin,,78702,2,0,SPY(1),478,619.24,1/14/25,1/16/25,2,Spyglass,619.24,619.24,,0,,12/5/24,Website/Booking Engine,,Confirmed,United States of America,,,Unknown,,,,,,,,,,,,,,,,,,,70,548,40,Direct,Spyglass,274
Onera Fredericksburg,Paola Rodriguez,paola@mycurlyadventures.com,,254-681-0947,N/A,6.78E+12,,,,,,,1,0,OAK(1),239,0,1/14/25,1/15/25,1,Live Oak Lodge,239,239,,239,,12/17/24,Influencers/ Giveaway Winners,,Confirmed,United States of America,,,Unknown,,,,,,,,,,,,,,,,,,,35,0,28,,Live Oak Lodge,0
Onera Fredericksburg,Maygen Abi Nader,yoltau92yt@m.expediapartnercentral.com,#ERROR!,,N/A,7.27E+12,386074955,,,,,,2,0,SAF(1),179.53,0,1/14/25,1/15/25,1,Sage Safari,202.87,202.87,,202.87,,12/30/24,Expedia (Channel Collect Booking),,Confirmed,Unknown,,,Unknown,Expedia,,,,,,,,,,,,,,,,,,35,215,15,Expedia,Sage Safari,215
Onera Fredericksburg,Tom Test,tom@stayoasi.com,8623547873,,N/A,9.49E+12,,,,,,,1,0,N/A,728,0,1/15/25,1/17/25,2,Buckeye Bungalow,901.74,879.14,,901.74,,9/25/24,Email,,Cancelled,United States of America,,9/25/24,Unknown,,,,,,,,,,,,,,,,,,,70,798,112,Direct,Buckeye Bungalow,399
Onera Fredericksburg,Michael Hearn,emhearn1@gmail.com,5129838186,,N/A,7.73E+12,,6900 Vallecito Drive,,Austin,Texas,78759,2,0,DOM(1),456,594.38,1/15/25,1/17/25,2,Lantana Dome,594.38,594.38,,0,,12/23/24,Website/Booking Engine,,Confirmed,United States of America,,,Unknown,,,,,,,,,,,,,,,,,,,70,526,23,Direct,Lantana Dome,263
Onera Fredericksburg,Leisa Mitchell,ciesxvsjm6@m.expediapartnercentral.com,#ERROR!,,N/A,9.00E+12,384591174,,,,,,2,0,SAF(1),202.66,0,1/15/25,1/16/25,1,Sage Safari,229.01,229.01,,229.01,,12/27/24,Expedia (Channel Collect Booking),,Confirmed,Unknown,,,Unknown,Expedia,,,,,,,,,,,,,,,,,,35,238,19,Expedia,Sage Safari,238
Onera Fredericksburg,Brandon Medina,brandon.medina77@gmail.com,2103873059,,N/A,8.08E+12,,727 Silverado Way,,San Antonio,Texas,78260,2,0,COC(1),456,594.38,1/15/25,1/17/25,2,Cocoon,594.38,594.38,,0,,12/28/24,Website/Booking Engine,,Confirmed,United States of America,,,Unknown,,,,,,,,,,,,,,,,,,,70,526,18,Direct,Cocoon,263
Onera Fredericksburg,Christopher Ray,tipper.ray@gmail.com,8053129030,,N/A,6.61E+12,,2239 Ada Lane,,Round Rock,Texas,78664,2,0,WAL(1),1049,1264.47,1/16/25,1/18/25,2,Walnut House,1264.47,1264.47,,0,,11/17/24,Website/Booking Engine,,Confirmed,United States of America,,,Unknown,,,,,,,,,,,,,,,,,,,70,1119,60,Direct,Walnut House,560
Onera Fredericksburg,Jatashsa Orr,y7hen4duf1@m.expediapartnercentral.com,#ERROR!,,N/A,2.50E+12,374507801,,,,,,2,2,SAF(1),854.82,0,1/16/25,1/18/25,2,Sage Safari,965.95,965.95,,965.95,,12/8/24,Expedia (Channel Collect Booking),,Confirmed,Unknown,,,Unknown,Expedia Affiliate Network,,,,,,,,,,,,,,,,,,70,925,39,Expedia,Sage Safari,462
Onera Fredericksburg,Sara Stenzler,sarastenzler@gmail.com,8179031221,,N/A,8.23E+12,,1705 Harliquin Run,,Austin,Texas,78758,2,0,BLU(1),650.77,854.03,1/16/25,1/19/25,3,Bluebonnet (SARASPECIALOFFER),854.03,854.03,,0,,12/14/24,Website/Booking Engine,,Confirmed,United States of America,,,Unknown,,,,,,,,,,,,,,,,,,,105,756,33,Direct,Bluebonnet,252
Onera Fredericksburg,Jimmy Hosey,N/A,1.72E+10,,N/A,9.60E+12,HMY3AWXCRT,,,,,,4,0,OAK(1),2065.99,0,1/17/25,1/20/25,3,Live Oak Lodge,2334.58,0,,2334.58,,11/3/24,Airbnb (API),,Confirmed,Unknown,,,Unknown,,,,,,,,,,,,,,,,,,,105,2171,75,Airbnb,Live Oak Lodge,724
Onera Fredericksburg,Paul Hrebicek,N/A,1.43E+10,,N/A,9.68E+12,HM4J4ZPAAK,,,,,,2,0,JUN(1),604,0,1/17/25,1/19/25,2,Juniper Haus,682.52,0,,682.52,,12/12/24,Airbnb (API),,Confirmed,Unknown,,,Unknown,,,,,,,,,,,,,,,,,,,70,674,36,Airbnb,Juniper Haus,337
Onera Fredericksburg,Jared Chambers,N/A,1.83E+10,,N/A,3.59E+12,HMNMQ8RZ53,,,,,,2,0,CED(1),557.82,0,1/17/25,1/19/25,2,Cedar Haus,630.32,0,,630.32,,12/13/24,Airbnb (API),,Confirmed,Unknown,,,Unknown,,,,,,,,,,,,,,,,,,,70,628,35,Airbnb,Cedar Haus,314
Onera Fredericksburg,Kayla Cargile,kaylacargile@gmail.com,2147293070,,N/A,6.86E+12,,5805 Hillcroft Street,,Dallas,Texas,75227,2,0,DOM(1),1497,1810.26,1/17/25,1/20/25,3,Lantana Dome,1810.26,1810.26,,0,,12/13/24,Website/Booking Engine,,Confirmed,United States of America,,,Unknown,,,,,,,,,,,,,,,,,,,105,1602,35,Direct,Lantana Dome,534
Onera Fredericksburg,Dane Kolebuck`,danekolebuck@gmail.com,7026220451,,N/A,6.79E+12,,2820 McKinnon Street,Apt 4050,Dallas,Texas,75201,2,0,PEC(1),877,1109.66,1/17/25,1/20/25,3,Pecan Haus,1109.66,1109.66,,0,,12/17/24,Website/Booking Engine,,Confirmed,United States of America,,,Unknown,,,,,,,,,,,,,,,,,,,105,982,31,Direct,Pecan Haus,327
Onera Fredericksburg,Fredericka Jordan,fredericka.jordan@yahoo.com,832-622-7530,,N/A,7.44E+12,,18118 Mendocino Ridge Ln,,Hockley,Texas,77447,2,0,SPY(1),1498,1771.84,1/17/25,1/19/25,2,Spyglass,1771.84,1771.84,,0,,12/18/24,Website/Booking Engine,,Confirmed,United States of America,,,Unknown,,,,,,,,,,,,,,,,,,,70,1568,30,Direct,Spyglass,784
Onera Fredericksburg,Kyland Resor,kkresor@gmail.com,5128003989,,N/A,6.63E+12,,148 Krupp Avenue,,Liberty Hill,Texas,78642,2,0,MON(1),1498,1771.84,1/17/25,1/19/25,2,Monarch,1771.84,1771.84,,0,,12/20/24,Website/Booking Engine,,Confirmed,United States of America,,,Unknown,,,,,,,,,,,,,,,,,,,70,1568,28,Direct,Monarch,784
Onera Fredericksburg,Omkar Sameer Samant,1997omkarsamant@gmail.com,9193493739,,N/A,4.90E+12,,6107 east riverside drive,,Austin,Texas,27606,2,0,COC(1),1098,1319.84,1/17/25,1/19/25,2,Cocoon,1319.84,1319.84,,0,,12/31/24,Website/Booking Engine,,Confirmed,United States of America,,,Unknown,,,,,,,,,,,,,,,,,,,70,1168,17,Direct,Cocoon,584
Onera Fredericksburg,Kevin Schaefer,1991schaefer.kevin@gmail.com,8054280315,,N/A,6.00E+12,,3129 Merrybells,,New Braunfels,Texas,78130,2,0,N/A,1476,52.53,1/18/25,1/20/25,2,Lantana Dome,1746.98,1746.98,,1694.45,,11/29/24,Website/Booking Engine,,Cancelled,United States of America,,12/2/24,Unknown,,,,,,,,,,,,,,,,,,,70,1546,50,Direct,Lantana Dome,773
Onera Fredericksburg,erin manca,erinmanca@msn.com,2069316530,,N/A,3.70E+12,,1739 Northwest Greenbrier Way,,Seattle,Washington,98177,1,0,SAF(1),948,1150.34,1/18/25,1/20/25,2,Sage Safari,1150.34,1150.34,,0,,12/9/24,Website/Booking Engine,,Confirmed,United States of America,,,Unknown,,,,,,,,,,,,,,,,,,,70,1018,40,Direct,Sage Safari,509
Onera Fredericksburg,Kevin Heard,kevin.heard1984@gmail.com,8304564735,,N/A,8.61E+12,,119 Green Meadows Court,,Fredericksburg,Texas,78624,2,0,COC(1),728,901.74,1/19/25,1/21/25,2,Cocoon,901.74,901.74,,0,,12/9/24,Website/Booking Engine,,Confirmed,United States of America,,,Unknown,,,,,,,,,,,,,,,,,,,70,798,41,Direct,Cocoon,399
Onera Fredericksburg,isaac ramos,isaacramo927@gmail.com,2105276364,,N/A,9.60E+12,,3903 SE military dr,apt 10202,san antonio,Texas,78223,2,0,SPY(1),758,935.64,1/20/25,1/22/25,2,Spyglass,935.64,935.64,,0,,12/8/24,Website/Booking Engine,,Confirmed,United States of America,,,Unknown,,,,,,,,,,,,,,,,,,,70,828,43,Direct,Spyglass,414
Onera Fredericksburg,Christi Edelbrock,christiedelbrock@icloud.com,3106780554,,N/A,7.02E+12,,2232 Long Creek Court,,Granbury,Texas,76049,2,0,WAL(1),1137,1488.21,1/20/25,1/23/25,3,Walnut House,1488.21,1403.46,,0,,12/8/24,Website/Booking Engine,,Confirmed,United States of America,,,Unknown,,,,,,,,,,,,,,,,,,,105,1242,43,Direct,Walnut House,414
Onera Fredericksburg,Shanna Speiser,speiser2019@gmail.com,2532985024,,N/A,1.39E+12,,140 Lasso St.,,angleton,Texas,77515,2,0,MON(1),379,467.82,1/20/25,1/21/25,1,Monarch,467.82,467.82,,0,,12/30/24,Website/Booking Engine,,Confirmed,United States of America,,,Unknown,,,,,,,,,,,,,,,,,,,35,414,21,Direct,Monarch,414
Onera Fredericksburg,Carlos Figueroa,clos.fig@gmail.com,7143512290,,N/A,3.02E+12,,8000 bowling street,Unit B,Laughlin AFB,Texas,,2,0,COC(1),1057,1313.06,1/21/25,1/24/25,3,Cocoon,1313.06,1313.06,,0,,12/14/24,Website/Booking Engine,,Confirmed,United States of America,,,Unknown,,,,,,,,,,,,,,,,,,,105,1162,38,Direct,Cocoon,387
Onera Fredericksburg,Courtney Upton,Cmupton18@gmail.com,9374057432,,N/A,8.43E+12,,2830 Olive Avenue,,Schertz,Texas,78154,2,0,MON(1),632,793.26,1/22/25,1/24/25,2,Monarch,793.26,793.26,,0,,11/11/24,Website/Booking Engine,,Confirmed,United States of America,,,Unknown,,,,,,,,,,,,,,,,,,,70,702,72,Direct,Monarch,351
Onera Fredericksburg,Julia Guo,juliazhuyuguo@gmail.com,4088925670,,N/A,4.59E+12,,9829 Prairie Garden Ln,,Houston,Texas,77080,2,0,OAK(1),632,868.26,1/22/25,1/24/25,2,Live Oak Lodge,793.26,793.26,,-75,,11/18/24,Website/Booking Engine,,Confirmed,United States of America,,,Unknown,,,,,,,,,,,,,,,,,,,70,702,65,Direct,Live Oak Lodge,351
Onera Fredericksburg,Ahmad Masad,16amasad@berkeley.edu,8186617010,,N/A,7.60E+12,,4106 Taniguchi St.,,Austin,Texas,78723,2,0,DOM(1),1177,1448.66,1/22/25,1/25/25,3,Lantana Dome,1448.66,1448.66,,0,,12/22/24,Website/Booking Engine,,Confirmed,United States of America,,,Unknown,,,,,,,,,,,,,,,,,,,105,1282,31,Direct,Lantana Dome,427
Onera Fredericksburg,Jose Oduber,N/A,1.79E+10,,N/A,5.48E+12,HMJCWBT495,,,,,,2,0,SPY(1),516,0,1/23/25,1/24/25,1,Spyglass,583.08,0,,583.08,,12/19/24,Airbnb (API),,Confirmed,Unknown,,,Unknown,,,,,,,,,,,,,,,,,,,35,551,35,Airbnb,Spyglass,551
Onera Fredericksburg,Robert McKelvey,Robertmckelvey3@gmail.com,7193396211,,N/A,9.75E+12,,7430 Dillon Cir,,Midlothian,,76065,2,0,OAK(1),1256,1498.38,1/24/25,1/26/25,2,Live Oak Lodge,1498.38,1498.38,,0,,10/30/24,Website/Booking Engine,,Confirmed,United States of America,,,Unknown,,,,,,,,,,,,,,,,,,,70,1326,86,Direct,Live Oak Lodge,663
Onera Fredericksburg,Kendall Strampel,N/A,1.81E+10,,N/A,6.92E+12,HMN4QT8EK4,,,,,,2,0,SPY(1),1045,0,1/24/25,1/26/25,2,Spyglass,1180.85,0,,1180.85,,12/3/24,Airbnb (API),,Confirmed,Unknown,,,Unknown,,,,,,,,,,,,,,,,,,,70,1115,52,Airbnb,Spyglass,558
Onera Fredericksburg,Tracie Gonzalez,N/A,1.51E+10,,N/A,7.00E+12,HMCYKQ2AE4,,,,,,2,0,JUN(1),632.15,0,1/24/25,1/27/25,3,Juniper Haus,714.32,0,,714.32,,12/7/24,Airbnb (API),,Confirmed,Unknown,,,Unknown,,,,,,,,,,,,,,,,,,,105,737,48,Airbnb,Juniper Haus,246
Onera Fredericksburg,Michael Unruh,mrunruh11@gmail.com,,713-501-2361,N/A,4.68E+12,,,,,,,2,0,PEC(1),558,709.64,1/24/25,1/26/25,2,Pecan Haus,709.64,709.64,,0,,12/25/24,Website/Booking Engine,,Confirmed,United States of America,,,Unknown,,,,,,,,,,,,,,,,,,,70,628,30,Direct,Pecan Haus,314
Onera Fredericksburg,Rick Schieni,RSchieni@gmail.com,(732) 379-2924,,N/A,4.13E+12,,10202 TILDON AVE,,Austin,Texas,78754,2,0,BUC(1),898,1093.84,1/24/25,1/26/25,2,Buckeye Bungalow,1093.84,1093.84,,0,,12/28/24,Website/Booking Engine,,Confirmed,United States of America,,,Unknown,,,,,,,,,,,,,,,,,,,70,968,27,Direct,Buckeye Bungalow,484
Onera Fredericksburg,Brian Hutton,Huttonbjr@hotmail.com,8176906926,,N/A,6.64E+12,,14328 Cloudview Way,,Haslet,Texas,76052,2,0,BLU(1),558,709.64,1/24/25,1/26/25,2,Bluebonnet,709.64,709.64,,0,,12/29/24,Website/Booking Engine,,Confirmed,United States of America,,,Unknown,,,,,,,,,,,,,,,,,,,70,628,26,Direct,Bluebonnet,314
Onera Fredericksburg,Tanya Rodriguez,Tanyarod015@gmail.com,9562506468,,N/A,9.70E+12,,4028 SOUTHERN BREEZE AVE,,EDINBURG,Texas,78541,2,0,COC(1),898,1093.84,1/24/25,1/26/25,2,Cocoon,1093.84,1093.84,,0,,12/29/24,Website/Booking Engine,,Confirmed,United States of America,,,Unknown,,,,,,,,,,,,,,,,,,,70,968,26,Direct,Cocoon,484
Onera Fredericksburg,Justin Deaton,Cfonline@icloud.com,9799005955,,N/A,1.97E+12,,502 Spanish Oak Ln,,Salado,Texas,76571,2,0,MON(1),1038,1252.04,1/25/25,1/27/25,2,Monarch,1252.04,1252.04,,0,,12/8/24,Website/Booking Engine,,Confirmed,United States of America,,,Unknown,,,,,,,,,,,,,,,,,,,70,1108,48,Direct,Monarch,554
Onera Fredericksburg,Jenni Clark,N/A,1.94E+10,,N/A,5.46E+12,HM8THNAM4X,,,,,,1,0,CED(1),622.43,0,1/25/25,1/28/25,3,Cedar Haus,703.34,0,,703.34,,12/17/24,Airbnb (API),,Confirmed,Unknown,,,Unknown,,,,,,,,,,,,,,,,,,,105,727,39,Airbnb,Cedar Haus,242
Onera Fredericksburg,Andrew Campbell,Yacelipatino@yahoo.com,2147632228,,N/A,5.82E+12,,4621 Cherokee Path,,Carrollton,Texas,75010,2,0,OAK(1),1038,1252.04,1/25/25,1/27/25,2,Live Oak Lodge,1252.04,1252.04,,0,,12/25/24,Website/Booking Engine,,Confirmed,United States of America,,,Unknown,,,,,,,,,,,,,,,,,,,70,1108,31,Direct,Live Oak Lodge,554
Onera Fredericksburg,David Raring,dave@raring.net,1.51E+10,,N/A,7.29E+12,,PO BOX 279,,Spicewood,,78669,2,0,DOM(1),728,901.74,1/26/25,1/28/25,2,Lantana Dome,901.74,901.74,,0,,12/26/24,Website/Booking Engine,,Confirmed,United States of America,,,Unknown,,,,,,,,,,,,,,,,,,,70,798,31,Direct,Lantana Dome,399
Onera Fredericksburg,Golara Adel,Golara.adel@gmail.com,3467442628,,N/A,1.18E+12,,2425 sage road,Apt 4,Houston,,77056,3,0,MON(1),535,661.05,1/27/25,1/29/25,2,Monarch,683.65,661.05,,22.6,,9/20/24,Website/Booking Engine,,Confirmed,United States of America,,,Unknown,,,,,,,,,,,,,,,,,,,70,605,129,Direct,Monarch,303
Onera Fredericksburg,Debye Leon,debyejmila@gmail.com,2145922863,,N/A,6.07E+12,,3033 morning star dr,,little elm,Texas,75068,2,1,SAF(1),1386,1724.38,1/27/25,1/31/25,4,Sage Safari,1724.38,1724.38,,0,,12/10/24,Website/Booking Engine,,Confirmed,United States of America,,,Unknown,,,,,,,,,,,,,,,,,,,140,1526,48,Direct,Sage Safari,382
Onera Fredericksburg,Kiran Dhotre,kiran_dhotre@outlook.com,(310) 990-6474,,N/A,6.65E+12,,,,,,,2,0,SPY(1),758,935.64,1/27/25,1/29/25,2,Spyglass,935.64,935.64,,0,,12/17/24,Website/Booking Engine,,Confirmed,United States of America,,,Unknown,,,,,,,,,,,,,,,,,,,70,828,41,Direct,Spyglass,414
Onera Fredericksburg,Katarina Test,katarina.glejtkova@gmail.com,3.52E+11,,N/A,8.34E+12,,Malvern Dr,,Austin,Texas,78745,2,0,N/A,0.04,0,1/27/25,1/29/25,2,Pecan Haus (99.99OFFTESTCODE),79.14,79.14,,79.14,,12/20/24,Website/Booking Engine,,Cancelled,United States of America,,12/23/24,Unknown,,,,,,,,,,,,,,,,,,,70,70,38,Direct,Pecan Haus,35
Onera Fredericksburg,Katarina Test,katarina.glejtkova@gmail.com,3.52E+11,,N/A,8.23E+12,,Malvern Dr,,Austin,Texas,78745,2,0,N/A,0.04,0,1/27/25,1/29/25,2,Pecan Haus (99.99OFFTESTCODE),79.14,79.14,,79.14,,12/31/24,Website/Booking Engine,,Cancelled,United States of America,,12/31/24,Unknown,,,,,,,,,,,,,,,,,,,70,70,27,Direct,Pecan Haus,35
Onera Fredericksburg,Briana Palacios,N/A,1.21E+10,,N/A,2.88E+12,HMHXKYFJ8B,,,,,,2,0,SPY(1),750.32,0,1/29/25,1/31/25,2,Spyglass,926.96,0,,926.96,,9/27/24,Airbnb (API),,Confirmed,Unknown,,,Unknown,,,,,,,,,,,,,,,,,,,70,820,124,Airbnb,Spyglass,410
Onera Fredericksburg,Edimar Radomsky,Editirado93@hotmail.com,5126203697,,N/A,5.87E+12,,12016 DUNFRIES LN,,Austin,Texas,78754,2,0,COC(1),229,298.32,1/30/25,1/31/25,1,Cocoon,298.32,298.32,,0,,12/8/24,Website/Booking Engine,,Confirmed,United States of America,,,Unknown,,,,,,,,,,,,,,,,,,,35,264,53,Direct,Cocoon,264
Onera Fredericksburg,Andrew Brown,brownerbrowner92@gmail.com,5129137478,,N/A,1.21E+12,,7116 Bay City Bend,,Austin,Texas,78725,2,0,BUC(1),1556,1916.48,1/30/25,2/3/25,4,Buckeye Bungalow,1916.48,1916.48,,0,,12/29/24,Website/Booking Engine,,Confirmed,United States of America,,,Unknown,,,,,,,,,,,,,,,,,,,140,1696,32,Direct,Buckeye Bungalow,424
Onera Fredericksburg,Ana Albers,anamalbers@gmail.com,2103156653,,N/A,9.44E+12,,13919 Woodbreeze,,San Antonio,Texas,78217,2,0,WAL(1),1188,1421.54,1/31/25,2/2/25,2,Walnut House,1421.54,1421.54,,0,,11/24/24,Website/Booking Engine,,Confirmed,United States of America,,,Unknown,,,,,,,,,,,,,,,,,,,70,1258,68,Direct,Walnut House,629
Onera Fredericksburg,Martin Chabarria,martinchabarria18@gmail.com,4328892146,,N/A,6.83E+12,,6911 Miranda Drive,,Austin,Texas,78752,2,0,COC(1),1098,1319.84,1/31/25,2/2/25,2,Cocoon,1319.84,1319.84,,0,,12/19/24,Website/Booking Engine,,Confirmed,United States of America,,,Unknown,,,,,,,,,,,,,,,,,,,70,1168,43,Direct,Cocoon,584
Onera Fredericksburg,Sean Yanez,N/A,1.92E+10,,N/A,1.83E+12,HM23CPYWFW,,,,,,2,0,N/A,612,0,1/31/25,2/2/25,2,Juniper Haus,691.56,0,,691.56,,12/22/24,Airbnb (API),,Cancelled,Unknown,,12/24/24,Unknown,,,,,,,,,,,,,,,,,,,70,682,40,Airbnb,Juniper Haus,341
Onera Fredericksburg,Aminata Steele,missaminata.pr@gmail.com,7134801442,,N/A,2.69E+12,,4410 Westheimer Rd,Apt 3436,,,,2,0,PEC(1),618,777.44,1/31/25,2/2/25,2,Pecan Haus,777.44,777.44,,0,,12/23/24,Website/Booking Engine,,Confirmed,United States of America,,,Unknown,,,,,,,,,,,,,,,,,,,70,688,39,Direct,Pecan Haus,344
Onera Fredericksburg,Jory Mathis,N/A,1.47E+10,,N/A,1.39E+12,HMXFFEAHZF,,,,,,1,0,DOM(1),1061,0,1/31/25,2/2/25,2,Lantana Dome,1198.93,0,,1198.93,,12/27/24,Airbnb (API),,Confirmed,Unknown,,,Unknown,,,,,,,,,,,,,,,,,,,70,1131,35,Airbnb,Lantana Dome,566
Onera Fredericksburg,Steven gardner,steven.gardner495@gmail.com,2815156969,,N/A,5.90E+12,,12322 Macbrice Ln,,Humble,Texas,77346,2,0,SPY(1),1498,1771.84,1/31/25,2/2/25,2,Spyglass,1771.84,1771.84,,0,,12/31/24,Website/Booking Engine,,Confirmed,United States of America,,,Unknown,,,,,,,,,,,,,,,,,,,70,1568,31,Direct,Spyglass,784
Onera Fredericksburg,Justin Ramsey,N/A,1.21E+10,,N/A,2.63E+12,HMAFZANWA2,,,,,,2,0,MON(1),990,0,2/1/25,2/3/25,2,Monarch,1118.7,0,,1118.7,,12/28/24,Airbnb (API),,Confirmed,Unknown,,,Unknown,,,,,,,,,,,,,,,,,,,70,1060,35,Airbnb,Monarch,530
Onera Fredericksburg,Manuel Cortez,alexandrafonsec@gmail.com,9565189643,,N/A,6.23E+12,,16333 Vance Jackson Road,,,Texas,78257,2,0,DOM(1),229,298.32,2/2/25,2/3/25,1,Lantana Dome,298.32,298.32,,0,,12/28/24,Website/Booking Engine,,Confirmed,United States of America,,,Unknown,,,,,,,,,,,,,,,,,,,35,264,36,Direct,Lantana Dome,264
Onera Fredericksburg,Ashlie Lopez,ashlierodriguez10@gmail.com,2815137909,,N/A,9.10E+12,,1817 Santa Rosa St,,Houston,Texas,77023,2,0,MON(1),758,935.64,2/3/25,2/5/25,2,Monarch,935.64,935.64,,0,,12/11/24,Website/Booking Engine,,Confirmed,United States of America,,,Unknown,,,,,,,,,,,,,,,,,,,70,828,54,Direct,Monarch,414
Onera Fredericksburg,Jacquilyn McNally,Jackie529673@gmail.com,2106070934,,N/A,8.67E+12,,8415 Fredericksburg Rd,Apt 708,San Antonio,Texas,78229,2,0,WAL(1),758,935.64,2/4/25,2/6/25,2,Walnut House,935.64,935.64,,0,,12/9/24,Website/Booking Engine,,Confirmed,United States of America,,,Unknown,,,,,,,,,,,,,,,,,,,70,828,57,Direct,Walnut House,414
Onera Fredericksburg,Lorne Tugg,Lorne.tugg@gmail.com,6476383084,,N/A,1.63E+12,,40 Oaklands Avenue,205,Toronto,Ontario,M4V 2Z3,2,0,BLU(1),179,241.82,2/4/25,2/5/25,1,Bluebonnet,241.82,241.82,,0,,12/22/24,Website/Booking Engine,,Confirmed,Canada,,,Unknown,,,,,,,,,,,,,,,,,,,35,214,44,Direct,Bluebonnet,214
Onera Fredericksburg,Andrea Andrade,theandreaandrade@gmail.com,662-380-6096,,N/A,7.51E+12,,768 United Ave se Apt 5,,Atlanta,Georgia,GA 30312,1,0,BUC(1),0,0,2/5/25,2/7/25,2,Buckeye Bungalow,0,0,,0,,12/3/24,Influencers/ Giveaway Winners,,Confirmed,United States of America,,,Unknown,,,,,,,,,,,,,,,,,,,70,0,64,,Buckeye Bungalow,0
Onera Fredericksburg,Jacob Hall,hall.jacob40@gmail.com,9077403577,,N/A,2.68E+12,,4008 GREAT BASIN DR,,TAYLOR,Texas,76574,2,0,MON(1),760,937.9,2/5/25,2/7/25,2,Monarch,937.9,937.9,,0,,12/8/24,Website/Booking Engine,,Confirmed,United States of America,,,Unknown,,,,,,,,,,,,,,,,,,,70,830,59,Direct,Monarch,415
Onera Fredericksburg,Susan Richardson,slrichardson73@gmail.com,8322471694,,N/A,4.89E+12,,13907 Falcon Heights Dr,,Cypress,Texas,77429,2,0,BLU(1),1007,1256.56,2/6/25,2/9/25,3,Bluebonnet,1256.56,1256.56,,0,,12/26/24,Website/Booking Engine,,Confirmed,United States of America,,,Unknown,,,,,,,,,,,,,,,,,,,105,1112,42,Direct,Bluebonnet,371
Onera Fredericksburg,Allyson Petersen,allypete22@gmail.com,5129216547,,N/A,8.15E+12,,111 Canyon View,,burnet,Texas,78611,2,0,JUN(1),1517,1782.01,2/7/25,2/9/25,2,Juniper Haus,1793.31,1782.01,,11.3,,9/29/24,Website/Booking Engine,,Confirmed,United States of America,,,Unknown,,,,,,,,,,,,,,,,,,,70,1587,131,Direct,Juniper Haus,794
Onera Fredericksburg,Dylan Lingerak,dlingerak52@gmail.com,7406031256,,N/A,3.69E+12,,3930 McKinney Ave,246,Dallas,Texas,75204,2,0,COC(1),1458,1726.64,2/7/25,2/9/25,2,Cocoon,1726.64,1726.64,,0,,12/17/24,Website/Booking Engine,,Confirmed,United States of America,,,Unknown,,,,,,,,,,,,,,,,,,,70,1528,52,Direct,Cocoon,764
Onera Fredericksburg,Kellin Kinney,N/A,1.83E+10,,N/A,5.52E+12,HMBQ2PSCAD,,,,,,2,0,MON(1),1210,0,2/8/25,2/10/25,2,Monarch,1367.3,0,,1367.3,,12/21/24,Airbnb (API),,Confirmed,Unknown,,,Unknown,,,,,,,,,,,,,,,,,,,70,1280,49,Airbnb,Monarch,640
Onera Fredericksburg,Varun Arora,N/A,1.21E+10,,N/A,7.67E+12,HMDYJPA24S,,,,,,2,0,N/A,7308.01,0,2/9/25,2/24/25,15,Monarch,8257.96,0,,8257.96,,12/12/24,Airbnb (API),,Cancelled,Unknown,,12/13/24,Unknown,,,,,,,,,,,,,,,,,,,525,7833,59,Airbnb,Monarch,522
Onera Fredericksburg,Nathan LaVoy,Nlavoy02@gmail.com,4178443094,,N/A,8.13E+12,,3000 Gracie Kiltz Lane,519,Austin,,78758,2,0,SPY(1),658,822.64,2/10/25,2/12/25,2,Spyglass,822.64,822.64,,0,,12/29/24,Website/Booking Engine,,Confirmed,United States of America,,,Unknown,,,,,,,,,,,,,,,,,,,70,728,43,Direct,Spyglass,364
OLD Track,Hailey McNulty,haileymcnulty02@gmail.com,Hailey McNulty haileymcnulty02@gmail.com,,,9663,,,,,,,,,Walnut House (Pet Friendly),1428,1980.75,7/20/24,7/22/24,2,,,,,0,,6/30/24,Website,,Checked Out,,,,,,,,,,,,,,Rack Rate,,0,0,330.62,222.13,0,channel,,,1759,20,Direct,Walnut House,879
Onera Fredericksburg,Beker Baerwald,bekerbaerwald1@gmail.com,3108578422,,N/A,4.28E+12,,3622 Reagan St,,Dallas,Texas,75219,2,0,BLU(1),1327,1618.16,2/13/25,2/16/25,3,Bluebonnet,1618.16,1618.16,,0,,12/23/24,Website/Booking Engine,,Confirmed,United States of America,,,Unknown,,,,,,,,,,,,,,,,,,,105,1432,52,Direct,Bluebonnet,477
Onera Fredericksburg,Coleman Matthews,Ccm95@yahoo.com,2102961667,,N/A,2.23E+12,,1704 Southmore Boulevard,,Houston,Texas,77004,2,0,PEC(1),998,1206.84,2/14/25,2/16/25,2,Pecan Haus,1206.84,1206.84,,0,,12/16/24,Website/Booking Engine,,Confirmed,United States of America,,,Unknown,,,,,,,,,,,,,,,,,,,70,1068,60,Direct,Pecan Haus,534
Onera Fredericksburg,Lauren Cowles,N/A,1.82E+10,,N/A,5.81E+12,HMAFAJQHKE,,,,,,2,0,JUN(1),1449.02,0,2/14/25,2/20/25,6,Juniper Haus,1637.42,0,,1637.42,,12/23/24,Airbnb (API),,Confirmed,Unknown,,,Unknown,,,,,,,,,,,,,,,,,,,210,1659,53,Airbnb,Juniper Haus,277
Onera Fredericksburg,Zach Robinson,zrobinson_02@yahoo.com,9033901919,,N/A,8.96E+12,,467 W Klein Rd,,New Braunfels,Texas,78130,2,0,MON(1),2598,3014.84,2/14/25,2/16/25,2,Monarch,3014.84,3014.84,,0,,12/27/24,Website/Booking Engine,,Confirmed,United States of America,,,Unknown,,,,,,,,,,,,,,,,,,,70,2668,49,Direct,Monarch,1334
Onera Fredericksburg,Erick Durant,durants@harbornet.com,2532241723,,N/A,8.77E+12,,14141 Antatevka Lane SE,,Olalla,Washington,98359,2,0,MON(1),758,935.64,2/17/25,2/19/25,2,Monarch,935.64,935.64,,0,,12/26/24,Website/Booking Engine,,Confirmed,United States of America,,,Unknown,,,,,,,,,,,,,,,,,,,70,828,53,Direct,Monarch,414
Onera Fredericksburg,Katy Pinegar Moore,Kpinegar12@yahoo.com,,,N/A,3.86E+12,,,,,,,1,0,SAF(1),0,0,2/20/25,2/21/25,1,Sage Safari,0,0,,0,,10/1/24,Influencers/ Giveaway Winners,,Confirmed,United States of America,,,Unknown,,,,,,,,,,,,,,,,,,,0,0,142,,Sage Safari,0
Onera Fredericksburg,Rebecca Arrison,Becca_arrison13@icloud.com,8326009802,,N/A,3.57E+12,,14217 Frances St,,Needville,Texas,77461,2,0,BLU(1),877,1109.66,2/20/25,2/23/25,3,Bluebonnet,1109.66,1109.66,,0,,12/28/24,Website/Booking Engine,,Confirmed,United States of America,,,Unknown,,,,,,,,,,,,,,,,,,,105,982,54,Direct,Bluebonnet,327
Onera Fredericksburg,Delaney Fox,N/A,1.65E+10,,N/A,6.42E+12,HM8XA4HYBN,,,,,,2,0,JUN(1),612,0,2/21/25,2/23/25,2,Juniper Haus,691.56,0,,691.56,,12/24/24,Airbnb (API),,Confirmed,Unknown,,,Unknown,,,,,,,,,,,,,,,,,,,70,682,59,Airbnb,Juniper Haus,341
Onera Fredericksburg,Davis Jno-Finn,djnofinn@gmail.com,7138180885,,N/A,8.44E+12,,1618 N City Oaks Ln,,Houston,,77047,2,0,DOM(1),1223,1461.09,2/22/25,2/24/25,2,Lantana Dome,1461.09,1461.09,,0,,11/22/24,Website/Booking Engine,,Confirmed,United States of America,,,Unknown,,,,,,,,,,,,,,,,,,,70,1293,92,Direct,Lantana Dome,647
Onera Fredericksburg,Kyle Jamieson,amandahope1031@gmail.com,5706475443,,N/A,1.45E+12,,11576 Pearland Parkway Apt 9211,,Houston,,77089,2,0,PEC(1),568,720.94,2/22/25,2/24/25,2,Pecan Haus,720.94,720.94,,0,,12/15/24,Website/Booking Engine,,Confirmed,United States of America,,,Unknown,,,,,,,,,,,,,,,,,,,70,638,69,Direct,Pecan Haus,319
Onera Fredericksburg,Madison Meyer,mattie.meyer@att.net,8327941133,,N/A,5.43E+12,,20310 Hickory Chase Court,,Katy,Texas,77450,2,0,BUC(1),948,1150.34,2/22/25,2/24/25,2,Buckeye Bungalow,1150.34,1150.34,,0,,12/29/24,Website/Booking Engine,,Confirmed,United States of America,,,Unknown,,,,,,,,,,,,,,,,,,,70,1018,55,Direct,Buckeye Bungalow,509
Onera Fredericksburg,Hannah Drake,hannahdrake08@gmail.com,832-367-7960,,N/A,7.52E+12,,,,,,,2,0,SAF(1),1329,1620.42,2/23/25,2/26/25,3,Sage Safari,1620.42,1620.42,,0,,12/10/24,Email,,Confirmed,United States of America,,,Unknown,,,,,,,,,,,,,,,,,,,105,1434,75,Direct,Sage Safari,478
Onera Fredericksburg,Michael Ferrara,Ferrara.mj@gmail.com,2036879194,,N/A,8.21E+12,,605 Long Hollow Rd,,Sparta,Tennessee,38583,2,0,JUN(1),179,241.82,2/24/25,2/25/25,1,Juniper Haus,241.82,241.82,,0,,12/26/24,Website/Booking Engine,,Confirmed,United States of America,,,Unknown,,,,,,,,,,,,,,,,,,,35,214,60,Direct,Juniper Haus,214
Onera Fredericksburg,Katarina Test,katarina.glejtkova@gmail.com,3.52E+11,,N/A,3.81E+12,,Malvern Dr,,Austin,Texas,78745,2,0,N/A,0.04,0,2/24/25,2/26/25,2,Pecan Haus (99.99OFFTESTCODE),79.14,79.14,,79.14,,12/26/24,Website/Booking Engine,,Cancelled,United States of America,,12/26/24,Unknown,,,,,,,,,,,,,,,,,,,70,70,60,Direct,Pecan Haus,35
Onera Fredericksburg,Eric Frank,ericfrank99@gmail.com,8179052544,,N/A,3.45E+12,,2 Cambria Court,,Trophy Club,Texas,76262,2,0,DOM(1),595.65,791.73,2/24/25,2/27/25,3,Lantana Dome (5%OFF),791.73,791.73,,0,,12/27/24,Website/Booking Engine,,Confirmed,United States of America,,,Unknown,,,,,,,,,,,,,,,,,,,105,701,59,Direct,Lantana Dome,234
Onera Fredericksburg,Katarina Test,katarina.glejtkova@gmail.com,910801986,,N/A,1.30E+12,,Malvern Dr,,Austin,Texas,78745,2,0,N/A,0.04,0,2/24/25,2/26/25,2,Pecan Haus (99.99OFFTESTCODE),79.14,79.14,,79.14,,12/31/24,Website/Booking Engine,,Cancelled,United States of America,,12/31/24,Unknown,,,,,,,,,,,,,,,,,,,70,70,55,Direct,Pecan Haus,35
Onera Fredericksburg,Annelise Cavalcanti,annelisepereira.anne@gmail.com,5.52E+12,,N/A,6.69E+12,,Rua Araguari 561,,S√£o Paulo,Sao Paulo,4514041,4,0,OAK(1),1575,1858.85,2/28/25,3/2/25,2,Live Oak Lodge,1858.85,1858.85,,0,,12/9/24,Website/Booking Engine,,Confirmed,Brazil,,,Unknown,,,,,,,,,,,,,,,,,,,70,1645,81,Direct,Live Oak Lodge,823
Onera Fredericksburg,Andrew Rosson,andrewrosson10@gmail.com,2817535383,,N/A,8.63E+12,,19617 DESNA DR,,Porter,Texas,77365,2,0,CED(1),798,980.84,2/28/25,3/2/25,2,Cedar Haus,980.84,980.84,,0,,12/17/24,Website/Booking Engine,,Confirmed,United States of America,,,Unknown,,,,,,,,,,,,,,,,,,,70,868,73,Direct,Cedar Haus,434
Onera Fredericksburg,Victoria Singlehurst,Luckyroseranch@msn.com,818-606 4430,,N/A,7.83E+12,,34379 Katrina Street,,Acton,California,91350,2,0,BLU(1),1027,1279.16,2/28/25,3/3/25,3,Bluebonnet,1279.16,1279.16,,0,,12/17/24,Website/Booking Engine,,Confirmed,United States of America,,,Unknown,,,,,,,,,,,,,,,,,,,105,1132,73,Direct,Bluebonnet,377
Onera Fredericksburg,Nicole Graf,ndgraf@gmail.com,310-619-8457,,N/A,6.86E+12,,208 Lake Livingston Dr,,Georgetown,Texas,78628,2,2,OAK(1),1811,2165.08,3/17/25,3/20/25,3,Live Oak Lodge,2165.08,2165.08,,0,,10/7/24,Website/Booking Engine,,Confirmed,United States of America,,,Unknown,,,,,,,,,,,,,,,,,,,105,1916,161,Direct,Live Oak Lodge,639
Onera Fredericksburg,Joshua Elmhorst,Joshelmhorst@gmail.com,8326911663,,N/A,3.98E+12,,19310 Camellia Bend Cir,,Spring,Texas,77379,2,0,BLU(1),2272,2725.56,3/17/25,3/21/25,4,Bluebonnet,2725.56,2725.56,,0,,10/28/24,Website/Booking Engine,,Confirmed,United States of America,,,Unknown,,,,,,,,,,,,,,,,,,,140,2412,140,Direct,Bluebonnet,603
Onera Fredericksburg,Leah Buluran,N/A,1.97E+10,,N/A,5.98E+12,HMX5NHPYWA,,,,,,3,1,SAF(1),471,0,3/17/25,3/19/25,2,Sage Safari,532.23,0,,532.23,,12/20/24,Airbnb (API),,Confirmed,Unknown,,,Unknown,,,,,,,,,,,,,,,,,,,70,541,87,Airbnb,Sage Safari,271
Onera Fredericksburg,Justine Wieland,justine.wieland@gmail.com,8057058487,,N/A,8.27E+12,,2409 Ware Road,,Austin,Texas,78741,2,0,SPY(1),658,822.64,3/18/25,3/20/25,2,Spyglass,822.64,822.64,,0,,12/27/24,Website/Booking Engine,,Confirmed,United States of America,,,Unknown,,,,,,,,,,,,,,,,,,,70,728,81,Direct,Spyglass,364
Onera Fredericksburg,Audrey Chavana,Djgh6328@yahoo.com,3617037330,,N/A,7.70E+12,,218 Flint Rock Court,,Victoria,Texas,77904,4,0,SAF(1),900.6,1096.77,3/20/25,3/22/25,2,Sage Safari (5% OFF REPEAT GUEST),1096.77,1096.77,,0,,12/17/24,Email,,Confirmed,United States of America,,,Unknown,,,,,,,,,,,,,,,,,,,70,971,93,Direct,Sage Safari,485
Onera Fredericksburg,Elle Godlstein,N/A,1.51E+10,,N/A,4.62E+12,HMN95XMXZQ,,,,,,2,0,SAF(1),2076.94,0,3/21/25,3/23/25,2,Sage Safari,2426.04,0,,2426.04,,9/29/24,Airbnb (API),,Confirmed,Unknown,,,Unknown,,,,,,,,,,,,,,,,,,,70,2147,173,Airbnb,Sage Safari,1073
OLD Track,Madelene Collins,madeleneazeltine@gmail.com,Madelene Collins madeleneazeltine@gmail.com,,,9416,,,,,,,,,Lantana Dome,627,929.93,3/24/25,3/27/25,3,,,,,0,,5/31/24,Website,,Confirmed,,,,,,,,,,,,,,Rack Rate,,0,0,198.46,104.47,0,channel,,,825,297,Direct,Lantana Dome,275
Onera Fredericksburg,Michael Lowery,melowery@gmail.com,3106256480,,N/A,7.43E+12,,3558 Locke Ave,,Los Angeles,California,90032,2,0,WAL(1),987,1233.96,3/31/25,4/3/25,3,Walnut House,1233.96,1233.96,,0,,12/31/24,Website/Booking Engine,,Confirmed,United States of America,,,Unknown,,,,,,,,,,,,,,,,,,,105,1092,90,Direct,Walnut House,364
Onera Fredericksburg,Taylor Fatheree,TAYLOR.FATHEREE@GMAIL.COM,8066648888,,N/A,9.40E+12,,4139 TEJON ST,,DENVER,Colorado,80211,4,0,OAK(1),2609,3066.82,4/3/25,4/6/25,3,Live Oak Lodge,3066.82,3066.82,,0,,11/21/24,Website/Booking Engine,,Confirmed,United States of America,,,Unknown,,,,,,,,,,,,,,,,,,,105,2714,133,Direct,Live Oak Lodge,905
Onera Fredericksburg,Patrick McDonald,dpm352@gmail.com,2102152336,,N/A,2.40E+12,,4624 Briarhaven Rd,,Fort Worth,Texas,76109,2,0,DOM(1),1998,2336.84,4/4/25,4/6/25,2,Lantana Dome,2336.84,2336.84,,0,,12/21/24,Website/Booking Engine,,Confirmed,United States of America,,,Unknown,,,,,,,,,,,,,,,,,,,70,2068,104,Direct,Lantana Dome,1034
Onera Fredericksburg,Candice henderson,candicehenderson80@yahoo.com,US +19036031182,,N/A,2.41E+12,,8 CYPRESS CT,,Rockwall,Texas,75032,2,0,COC(1),1634,1925.52,4/10/25,4/12/25,2,Cocoon,1925.52,1925.52,,0,,11/2/24,Website/Booking Engine,,Confirmed,United States of America,,,Unknown,,,,,,,,,,,,,,,,,,,70,1704,159,Direct,Cocoon,852
Onera Fredericksburg,Charlie Baze,Baze,,,,10679,,,,,,,,,Spyglass,608.96,0,4/21/25,4/23/25,2,Spyglass,0,,,0,,9/5/24,Guest,,Confirmed,,,,,,,,,,,,,,,,,,,,,,,95,704,228,Direct,Spyglass,352
Onera Fredericksburg,Laura Davenport,laura@ldavenportlaw.com,337-654-7701,,N/A,7.92E+12,,201 Settler's Trace Blvd,3101,,,,2,0,OAK(1),478,619.24,4/21/25,4/23/25,2,Live Oak Lodge,619.24,619.24,,0,,12/23/24,Website/Booking Engine,,Confirmed,United States of America,,,Unknown,,,,,,,,,,,,,,,,,,,70,548,119,Direct,Live Oak Lodge,274
OLD Track,Lyndsi Brock,lyndsibrock@gmail.com,Lyndsi Brock lyndsibrock@gmail.com,,,10017,,,,,,,,,Live Oak Lodge (Pet Friendly),1096,1556.52,4/27/25,5/1/25,4,,,,,0,,8/4/24,Website,,Confirmed,,,,,,,,,,,,,,Rack Rate,,0,0,285.84,174.68,0,channel,,,1382,266,Direct,Live Oak Lodge,345
Onera Fredericksburg,Andrew Goudeau,goudeauhunter@yahoo.com,3373607736,,N/A,2.47E+12,,2575 Tib Road,,Ville Platte,Louisiana,70586,2,0,N/A,1680,0,5/2/25,5/4/25,2,Pecan Haus,1977.5,1977.5,,1977.5,,12/2/24,Website/Booking Engine,,Cancelled,United States of America,,12/20/24,Unknown,,,,,,,,,,,,,,,,,,,70,1750,151,Direct,Pecan Haus,875
Onera Fredericksburg,Stacy Horton,Horton,,,,10772,,,,,,,,,Live Oak Lodge (Pet Friendly),1637.68,1969.23,5/15/25,5/18/25,3,Live Oak Lodge (Pet Friendly),1969.23,,,0,,9/9/24,Guest,,Confirmed,,,,,,,,,,,,,,,,,,,,,,,105,1743,248,Direct,Live Oak Lodge,581
Onera Fredericksburg,Evyan McKelvy,Evyan.mckelvy@yahoo.com,7137757846,,N/A,3.62E+12,,15803 Pathfield Dr.,,Houston,Texas,77084,2,0,MON(1),955,1197.8,5/19/25,5/22/25,3,Monarch,1197.8,1197.8,,0,,11/4/24,Website/Booking Engine,,Confirmed,United States of America,,,Unknown,,,,,,,,,,,,,,,,,,,105,1060,196,Direct,Monarch,353
Onera Fredericksburg,Jared Edy,jared.edy@gmail.com,9257856900,,N/A,2.35E+12,,221 Hearthstone Dr,,Sunnyvale,Texas,75182,2,0,BLU(1),1397,1697.26,5/23/25,5/26/25,3,Bluebonnet,1697.26,1697.26,,0,,12/30/24,Website/Booking Engine,,Confirmed,United States of America,,,Unknown,,,,,,,,,,,,,,,,,,,105,1502,144,Direct,Bluebonnet,501
Onera Fredericksburg,Fred Zavala,N/A,1.47E+10,,N/A,9.98E+12,HMT3XTSW8T,,,,,,2,0,SPY(1),788,0,5/26/25,5/28/25,2,Spyglass,890.44,0,,890.44,,12/15/24,Airbnb (API),,Confirmed,Unknown,,,Unknown,,,,,,,,,,,,,,,,,,,70,858,162,Airbnb,Spyglass,429
Onera Fredericksburg,Andrew Hebert,andrewhebert86@gmail.com,214-886-0554,,N/A,3.19E+12,,1408 Lazy Ln,,Longview,,75604,2,0,MON(1),478,619.24,5/27/25,5/29/25,2,Monarch,619.24,619.24,,0,,12/20/24,Website/Booking Engine,,Confirmed,United States of America,,,Unknown,,,,,,,,,,,,,,,,,,,70,548,158,Direct,Monarch,274
Onera Fredericksburg,Heidi Slade,heidiaslade@gmail.com,9403679384,,N/A,5.69E+12,,4127 Cedarview Rd,,Dallas,,75287,2,0,MON(1),1923,2370.74,6/1/25,6/6/25,5,Monarch,2370.74,2370.74,,0,,12/3/24,Website/Booking Engine,,Confirmed,United States of America,,,Unknown,,,,,,,,,,,,,,,,,,,175,2098,180,Direct,Monarch,420
Onera Fredericksburg,Alexis Clouse,Alexisonz@yahoo.com,2603169289,,N/A,9.54E+12,,1700 Ranch Trail Rd,,Aubrey,,76227,2,0,OAK(1),1101,1362.78,6/1/25,6/4/25,3,Live Oak Lodge,1362.78,1362.78,,0,,12/10/24,Website/Booking Engine,,Confirmed,United States of America,,,Unknown,,,,,,,,,,,,,,,,,,,105,1206,173,Direct,Live Oak Lodge,402
Onera Fredericksburg,Yasmin Hammad,yasminhd4@gmail.com,239)850-6795,,N/A,2.78E+12,,,,,,,3,0,OAK(1),0,75,6/9/25,6/11/25,2,Live Oak Lodge,0,0,,-75,,12/1/24,Influencers/ Giveaway Winners,,Confirmed,United States of America,,,Unknown,,,,,,,,,,,,,,,,,,,70,0,190,,Live Oak Lodge,0
Onera Fredericksburg,Andrew Freeman,andrew.freedomland@gmail.com,5037059079,,N/A,9.39E+12,,107 Bent Tree Drive,,Boerne,Texas,78006,2,0,OAK(1),1241,1481.43,6/12/25,6/14/25,2,Live Oak Lodge,1481.43,1481.43,,0,,11/10/24,Website/Booking Engine,,Confirmed,United States of America,,,Unknown,,,,,,,,,,,,,,,,,,,70,1311,214,Direct,Live Oak Lodge,656
Onera Fredericksburg,Maiken Holm,Holm,,,,10926,,,,,,,,,Monarch,964,1196.68,7/20/25,7/23/25,3,Monarch,1196.68,,,0,,9/20/24,Website,,Confirmed,,,,,,,,,,,,,,,,,,,,,,,95,1059,303,Direct,Monarch,353
Onera Fredericksburg,Maiken Holm,Holmmaiken@hotmail.com,#ERROR!,,N/A,2.80E+12,,,,,,,1,0,MON(1),1037,0,7/20/25,7/23/25,3,Monarch,1290.46,1290.46,,1290.46,,12/14/24,Reservation Import,,Confirmed,United States of America,,,Unknown,,,,,,,,,,,,,,,,,,,105,0,218,Direct,Monarch,0
Onera Fredericksburg,Andres Velez,andres_4593@yahoo.com,210-378-9212,,N/A,1.91E+12,,11823 Arctic Rose,,Converse,Texas,78109,2,0,JUN(1),697,906.26,8/12/25,8/15/25,3,Juniper Haus,906.26,906.26,,0,,12/29/24,Website/Booking Engine,,Confirmed,United States of America,,,Unknown,,,,,,,,,,,,,,,,,,,105,802,226,Direct,Juniper Haus,267
Onera Fredericksburg,Shawana Clay,shawanaclay78@yahoo.com,2107939146,,N/A,3.96E+12,,520 Saltlick Way,,Cibolo,,78108,2,0,PEC(1),618,777.44,9/5/25,9/7/25,2,Pecan Haus,777.44,777.44,,0,,12/31/24,Website/Booking Engine,,Confirmed,United States of America,,,Unknown,,,,,,,,,,,,,,,,,,,70,688,248,Direct,Pecan Haus,344
